ph,readTime,ammonium_x,ammonium_y,ammonium,do2,nitrite,salinity,Timestamp,pH,Temperature,Ammonia_Inlet,Ammonia_Outlet,Dissolved_Oxygen
7.83,1487829672996,,,,,,,2017-02-23 06:01:12.996,8.057121398995484,24.51308992785424,1.6342728393972905,0.20544793582034443,8.568167410100406
7.284,1487829678137,,,,,,,2017-02-23 06:01:18.137,8.085556161325684,24.51308992785424,1.6513336967954104,0.21228822083200585,8.568167410100406
7.83,1487829693496,,,,,,,2017-02-23 06:01:33.496,7.55462780741044,24.51308992785424,1.3327766844462638,0.10057503471514398,8.568167410100406
7.246,1487829698647,,,,,,,2017-02-23 06:01:38.647,7.737086166116504,24.51308992785424,1.4422516996699026,0.1351514115818681,8.568167410100406
8.605,1487829703737,,,,,,,2017-02-23 06:01:43.737,7.991303082109953,24.51308992785424,1.5947818492659716,0.18998685323235623,8.568167410100406
8.452,1487829708786,,,,,,,2017-02-23 06:01:48.786,8.143670313504213,24.51308992785424,1.6862021881025278,0.22656998227192138,8.568167410100406
7.177,1487829713876,,,,,,,2017-02-23 06:01:53.876,7.962439956649149,24.51308992785424,1.5774639739894893,0.18337071535399366,8.568167410100406
7.146,1487829724076,,,,,,,2017-02-23 06:02:04.076,8.13821346524542,24.526179606495123,1.6829280791472516,0.22521170165544616,8.566334855090682
8.298,1487829729167,,,,,,,2017-02-23 06:02:09.167,8.109270455546895,24.526179606495123,1.665562273328137,0.21806714763420518,8.566334855090682
7.83,1487829739376,,,,,,,2017-02-23 06:02:19.376,8.352312235943971,24.526179606495123,1.8113873415663828,0.2811838734347519,8.566334855090682
7.983,1487829744547,,,,,,,2017-02-23 06:02:24.547,7.98318960852523,24.526179606495123,1.5899137651151376,0.18811694453354535,8.566334855090682
7.123,1487829749658,,,,,,,2017-02-23 06:02:29.658,7.566603692977457,24.526179606495123,1.3399622157864743,0.1027219983072168,8.566334855090682
7.146,1487829754767,,,,,,,2017-02-23 06:02:34.767,7.5187380938426225,24.526179606495123,1.3112428563055736,0.09424401911058237,8.566334855090682
7.238,1487829759896,,,,,,,2017-02-23 06:02:39.896,7.607889426879053,24.526179606495123,1.364733656127432,0.11025538912913459,8.566334855090682
9.688,1487829765005,,,,,,,2017-02-23 06:02:45.005,7.646647827366472,24.526179606495123,1.387988696419883,0.11751376142331159,8.566334855090682
6.862,1487829770108,,,,,,,2017-02-23 06:02:50.108,7.847216992554451,24.526179606495123,1.5083301955326704,0.15795490111447896,8.566334855090682
8.452,1487829775285,,,,,,,2017-02-23 06:02:55.285,8.209553288226386,24.526179606495123,1.7257319729358318,0.24325111770491115,8.566334855090682
7.676,1487829790675,,,,,,,2017-02-23 06:03:10.675,7.696177619538527,24.539268786714032,1.417706571723116,0.12705169006509479,8.564502369860035
6.808,1487829795725,,,,,,,2017-02-23 06:03:15.725,7.502840886178915,24.539268786714032,1.301704531707349,0.09148911666083029,8.564502369860035
10.003,1487829811095,,,,,,,2017-02-23 06:03:31.095,7.9492209297451595,24.539268786714032,1.5695325578470958,0.1803739665394338,8.564502369860035
7.0,1487829816186,,,,,,,2017-02-23 06:03:36.186,8.244013710796143,24.539268786714032,1.7464082264776857,0.2521837423680953,8.564502369860035
7.791,1487829826387,,,,,,,2017-02-23 06:03:46.387,7.871278160043484,24.539268786714032,1.52276689602609,0.16313069185499565,8.564502369860035
7.254,1487829846767,,,,,,,2017-02-23 06:04:06.767,7.638784729840531,24.55235721931185,1.3832708379043188,0.11602664560678595,8.56266998929634
6.931,1487829851876,,,,,,,2017-02-23 06:04:11.876,7.816930915689552,24.55235721931185,1.490158549413731,0.15153882981779201,8.56266998929634
10.464,1487829856967,,,,,,,2017-02-23 06:04:16.967,7.807199806583071,24.55235721931185,1.4843198839498428,0.14950067000216885,8.56266998929634
7.062,1487829867166,,,,,,,2017-02-23 06:04:27.166,8.25202960718439,24.55235721931185,1.751217764310634,0.2542820042406296,8.56266998929634
7.123,1487829872256,,,,,,,2017-02-23 06:04:32.256,7.819496947140042,24.55235721931185,1.4916981682840251,0.15207817286199563,8.56266998929634
7.338,1487829882567,,,,,,,2017-02-23 06:04:42.567,8.36251541207045,24.55235721931185,1.8175092472422705,0.28398862103966116,8.56266998929634
7.83,1487829887656,,,,,,,2017-02-23 06:04:47.656,7.797884012293068,24.55235721931185,1.4787304073758407,0.14756014320119665,8.56266998929634
7.983,1487829897967,,,,,,,2017-02-23 06:04:57.967,7.634259110009632,24.55235721931185,1.380555466005779,0.11517409743889137,8.56266998929634
7.1,1487829908167,,,,,,,2017-02-23 06:05:08.167,7.559231755652043,24.565444655103683,1.3355390533912257,0.10139836602480877,8.560837748285483
7.353,1487829918367,,,,,,,2017-02-23 06:05:18.367,8.1051918796205,24.565444655103683,1.6631151277723002,0.21706843596424175,8.560837748285483
8.912,1487829923456,,,,,,,2017-02-23 06:05:23.456,8.262864100577623,24.565444655103683,1.7577184603465739,0.25713032345635756,8.560837748285483
7.269,1487829928497,,,,,,,2017-02-23 06:05:28.497,8.319571119596384,24.565444655103683,1.7917426717578304,0.27226804177516634,8.560837748285483
7.177,1487829938746,,,,,,,2017-02-23 06:05:38.746,7.576925207487799,24.565444655103683,1.3461551244926793,0.10458618494072383,8.560837748285483
8.145,1487829948977,,,,,,,2017-02-23 06:05:48.977,7.586768156083106,24.565444655103683,1.3520608936498635,0.10637584562089793,8.560837748285483
7.522,1487829954136,,,,,,,2017-02-23 06:05:54.136,7.860501447773267,24.565444655103683,1.51630086866396,0.16080392664779916,8.560837748285483
7.023,1487829969537,,,,,,,2017-02-23 06:06:09.537,8.38614754318698,24.57853084492362,1.8316885259121873,0.29053282552593956,8.559005681710692
8.298,1487829984895,,,,,,,2017-02-23 06:06:24.895,8.143453458571692,24.57853084492362,1.6860720751430152,0.22651593607520332,8.559005681710692
6.931,1487829989975,,,,,,,2017-02-23 06:06:29.975,8.373003291294758,24.57853084492362,1.8238019747768548,0.28688465089938714,8.559005681710692
9.074,1487830005756,,,,,,,2017-02-23 06:06:45.756,8.171101747087508,24.57853084492362,1.702661048252505,0.23345215379568585,8.559005681710692
7.522,1487830015955,,,,,,,2017-02-23 06:06:55.955,8.095152744555097,24.57853084492362,1.6570916467330583,0.2146186794245646,8.559005681710692
6.839,1487830021125,,,,,,,2017-02-23 06:07:01.125,7.827372333514997,24.59161553962947,1.4964234001089984,0.15373840004964287,8.557173824451873
7.522,1487830026205,,,,,,,2017-02-23 06:07:06.205,7.517315782991368,24.59161553962947,1.3103894697948206,0.0939963048549515,8.557173824451873
10.464,1487830031365,,,,,,,2017-02-23 06:07:11.365,8.098518316486887,24.59161553962947,1.659110989892132,0.21543860094596234,8.557173824451873
8.145,1487830036387,,,,,,,2017-02-23 06:07:16.387,8.200834733518365,24.59161553962947,1.720500840111019,0.24101373358750416,8.557173824451873
10.617,1487830041516,,,,,,,2017-02-23 06:07:21.516,8.011902129989497,24.59161553962947,1.6071412779936984,0.19476979379946063,8.557173824451873
7.231,1487830046677,,,,,,,2017-02-23 06:07:26.677,7.643636948612727,24.59161553962947,1.3861821691676361,0.11694344954179554,8.557173824451873
7.569,1487830051757,,,,,,,2017-02-23 06:07:31.757,7.922501448712918,24.59161553962947,1.5535008692277508,0.1743806976284928,8.557173824451873
7.292,1487830056877,,,,,,,2017-02-23 06:07:36.877,8.397493298928827,24.59161553962947,1.8384959793572964,0.29369850071308734,8.557173824451873
7.83,1487830061987,,,,,,,2017-02-23 06:07:41.987,8.03290501402298,24.59161553962947,1.6197430084137876,0.19969892765020242,8.557173824451873
7.169,1487830072207,,,,,,,2017-02-23 06:07:52.207,7.626843801651696,24.59161553962947,1.3761062809910176,0.11378249488513904,8.557173824451873
7.092,1487830082456,,,,,,,2017-02-23 06:08:02.456,8.184076047638772,24.604698490107502,1.7104456285832632,0.23673868253105385,8.555342211384948
7.699,1487830087567,,,,,,,2017-02-23 06:08:07.567,8.317521552247108,24.604698490107502,1.7905129313482646,0.2717141962898138,8.555342211384948
7.161,1487830092677,,,,,,,2017-02-23 06:08:12.677,7.761802755581099,24.604698490107502,1.4570816533486597,0.14014251492974053,8.555342211384948
8.759,1487830102897,,,,,,,2017-02-23 06:08:22.897,8.332473191679677,24.604698490107502,1.799483915007806,0.2757660858608253,8.555342211384948
6.977,1487830108076,,,,,,,2017-02-23 06:08:28.076,7.623108066597175,24.604698490107502,1.373864839958305,0.11308392321839181,8.555342211384948
8.452,1487830113156,,,,,,,2017-02-23 06:08:33.156,7.925310383231702,24.604698490107502,1.5551862299390211,0.17500672124093458,8.555342211384948
7.115,1487830118286,,,,,,,2017-02-23 06:08:38.286,7.64923068512002,24.604698490107502,1.3895384110720117,0.11800386568352679,8.555342211384948
7.83,1487830123367,,,,,,,2017-02-23 06:08:43.367,8.334440956290354,24.604698490107502,1.8006645737742124,0.2763013470540266,8.555342211384948
7.108,1487830128446,,,,,,,2017-02-23 06:08:48.446,8.301875228300071,24.604698490107502,1.7811251369800427,0.26750277217328977,8.555342211384948
6.885,1487830133566,,,,,,,2017-02-23 06:08:53.566,8.24519317314179,24.604698490107502,1.7471159038850734,0.2524919976982155,8.555342211384948
10.003,1487830143766,,,,,,,2017-02-23 06:09:03.766,7.514929120806589,24.617779447277208,1.3089574724839534,0.0935811814976168,8.55351087738119
10.932,1487830148877,,,,,,,2017-02-23 06:09:08.877,7.512979344315783,24.617779447277208,1.3077876065894696,0.09324255502504668,8.55351087738119
7.43,1487830153966,,,,,,,2017-02-23 06:09:13.966,7.861726148791858,24.617779447277208,1.5170356892751147,0.16106764599538695,8.55351087738119
7.2,1487830159067,,,,,,,2017-02-23 06:09:19.067,7.775409700536104,24.617779447277208,1.465245820321662,0.14292149868117301,8.55351087738119
10.464,1487830164166,,,,,,,2017-02-23 06:09:24.166,7.519811073500248,24.617779447277208,1.311886644100149,0.09443105336003667,8.55351087738119
7.238,1487830174366,,,,,,,2017-02-23 06:09:34.366,7.9467445186522205,24.617779447277208,1.5680467111913323,0.1798148971049302,8.55351087738119
7.983,1487830184646,,,,,,,2017-02-23 06:09:44.646,7.7741205678149425,24.617779447277208,1.4644723406889655,0.14265726280612132,8.55351087738119
7.223,1487830189736,,,,,,,2017-02-23 06:09:49.736,8.262128590175813,24.617779447277208,1.7572771541054877,0.25693651678804214,8.55351087738119
7.522,1487830194845,,,,,,,2017-02-23 06:09:54.845,8.224467902651117,24.617779447277208,1.7346807415906702,0.24709970377429466,8.55351087738119
10.003,1487830199915,,,,,,,2017-02-23 06:09:59.915,8.332115122830315,24.617779447277208,1.7992690736981887,0.2756687357853887,8.55351087738119
7.369,1487830205065,,,,,,,2017-02-23 06:10:05.065,8.28565750011465,24.630858162096008,1.7713945000687903,0.263168552468904,8.551679857306558
9.849,1487830210186,,,,,,,2017-02-23 06:10:10.186,8.173762405379268,24.630858162096008,1.7042574432275606,0.23412448045938147,8.551679857306558
9.227,1487830215596,,,,,,,2017-02-23 06:10:15.596,8.041128290029727,24.630858162096008,1.6246769740178362,0.20164325546134285,8.551679857306558
8.298,1487830220765,,,,,,,2017-02-23 06:10:20.765,7.794099444507698,24.630858162096008,1.476459666704619,0.14677477345090834,8.551679857306558
6.877,1487830225806,,,,,,,2017-02-23 06:10:25.806,8.39252252945963,24.630858162096008,1.8355135176757775,0.29230966300263717,8.551679857306558
7.538,1487830230915,,,,,,,2017-02-23 06:10:30.915,7.701899407354604,24.630858162096008,1.4211396444127626,0.12817250030640037,8.551679857306558
6.778,1487830236065,,,,,,,2017-02-23 06:10:36.065,7.887203578442835,24.630858162096008,1.5323221470657011,0.1665946121617039,8.551679857306558
6.639,1487830246195,,,,,,,2017-02-23 06:10:46.195,8.284362280584702,24.630858162096008,1.770617368350821,0.26282376349281084,8.551679857306558
7.522,1487830251275,,,,,,,2017-02-23 06:10:51.275,7.57112998451064,24.630858162096008,1.3426779907063842,0.10353792581761916,8.551679857306558
7.676,1487830256375,,,,,,,2017-02-23 06:10:56.375,8.022183628448595,24.630858162096008,1.6133101770691567,0.19717612860234265,8.551679857306558
7.054,1487830261466,,,,,,,2017-02-23 06:11:01.466,8.031422956278341,24.64393438556403,1.6188537737670046,0.19934936998745134,8.549849186021035
7.522,1487830266505,,,,,,,2017-02-23 06:11:06.505,7.501611529615637,24.64393438556403,1.3009669177693823,0.09127733891555173,8.549849186021035
6.969,1487830276737,,,,,,,2017-02-23 06:11:16.737,7.769113699922454,24.64393438556403,1.4614682199534725,0.14163288739581928,8.549849186021035
7.023,1487830286957,,,,,,,2017-02-23 06:11:26.957,7.794779680476034,24.64393438556403,1.4768678082856204,0.146915808643171,8.549849186021035
7.215,1487830297166,,,,,,,2017-02-23 06:11:37.166,7.699143266371486,24.64393438556403,1.4194859598228917,0.1276321242483619,8.549849186021035
7.246,1487830302246,,,,,,,2017-02-23 06:11:42.246,8.060755383010216,24.64393438556403,1.6364532298061296,0.20631672185225317,8.549849186021035
10.31,1487830307567,,,,,,,2017-02-23 06:11:47.567,7.767435047157866,24.64393438556403,1.4604610282947195,0.14129011837805275,8.549849186021035
7.039,1487830312446,,,,,,,2017-02-23 06:11:52.446,8.235999202204782,24.64393438556403,1.7415995213228692,0.25009355231798713,8.549849186021035
7.138,1487830317546,,,,,,,2017-02-23 06:11:57.546,8.15481449881528,24.64393438556403,1.6928886992891683,0.22935501546775072,8.549849186021035
10.31,1487830322587,,,,,,,2017-02-23 06:12:02.587,7.737870093220782,24.657007868728833,1.4427220559324694,0.13530858690890638,8.548018898377963
9.849,1487830327697,,,,,,,2017-02-23 06:12:07.697,8.19384062178304,24.657007868728833,1.7163043730698244,0.23922547545285963,8.548018898377963
7.953,1487830332856,,,,,,,2017-02-23 06:12:12.856,8.080700735969346,24.657007868728833,1.6484204415816075,0.21111332727204793,8.548018898377963
7.062,1487830337966,,,,,,,2017-02-23 06:12:17.966,8.16565195927059,24.657007868728833,1.6993911755623543,0.23207768884738816,8.548018898377963
6.993,1487830343126,,,,,,,2017-02-23 06:12:23.126,8.333322216663236,24.657007868728833,1.7999933299979414,0.2759969762731483,8.548018898377963
7.161,1487830368536,,,,,,,2017-02-23 06:12:48.536,8.379736936486971,24.657007868728833,1.8278421618921825,0.2887509777209279,8.548018898377963
7.138,1487830373587,,,,,,,2017-02-23 06:12:53.587,8.394024458351325,24.657007868728833,1.8364146750107948,0.2927289907642507,8.548018898377963
8.298,1487830378746,,,,,,,2017-02-23 06:12:58.746,7.78133777784419,24.657007868728833,1.4688026667065137,0.14413915450373904,8.548018898377963
7.092,1487830383786,,,,,,,2017-02-23 06:13:03.786,8.358603304933467,24.670078362690134,1.8151619829600802,0.28291174656311674,8.546189029223381
7.983,1487830388897,,,,,,,2017-02-23 06:13:08.897,7.790646818036203,24.670078362690134,1.4743880908217217,0.14605978707230108,8.546189029223381
7.983,1487830399096,,,,,,,2017-02-23 06:13:19.096,7.668321091027353,24.670078362690134,1.400992654616412,0.1216511470377831,8.546189029223381
7.208,1487830404286,,,,,,,2017-02-23 06:13:24.286,8.072075934617862,24.670078362690134,1.6432455607707173,0.20903331325240634,8.546189029223381
6.893,1487830414425,,,,,,,2017-02-23 06:13:34.425,8.274177765356036,24.670078362690134,1.7645066592136218,0.2601196483835382,8.546189029223381
7.169,1487830424646,,,,,,,2017-02-23 06:13:44.646,8.398911986013385,24.670078362690134,1.8393471916080308,0.29409542711021386,8.546189029223381
8.145,1487830429757,,,,,,,2017-02-23 06:13:49.757,8.268800103339263,24.670078362690134,1.7612800620035578,0.258696833708021,8.546189029223381
10.003,1487830434885,,,,,,,2017-02-23 06:13:54.885,7.853936789410217,24.670078362690134,1.5123620736461303,0.1593934028324381,8.546189029223381
7.369,1487830445066,,,,,,,2017-02-23 06:14:05.066,8.338126664828092,24.68314561860457,1.8028759988968552,0.2773051647281835,8.54435961339536
7.983,1487830455275,,,,,,,2017-02-23 06:14:15.275,7.519224668779557,24.68314561860457,1.3115348012677344,0.0943288183034649,8.54435961339536
6.785,1487830460285,,,,,,,2017-02-23 06:14:20.285,8.094476013875616,24.68314561860457,1.6566856083253692,0.21445397825101234,8.54435961339536
8.605,1487830465425,,,,,,,2017-02-23 06:14:25.425,7.761385988812298,24.68314561860457,1.4568315932873785,0.14005774818455813,8.54435961339536
9.074,1487830470575,,,,,,,2017-02-23 06:14:30.575,7.619288404152509,24.68314561860457,1.3715730424915054,0.11237138891614668,8.54435961339536
9.227,1487830490896,,,,,,,2017-02-23 06:14:50.896,8.04192751691845,24.68314561860457,1.6251565101510703,0.20183265892557736,8.54435961339536
9.381,1487830496006,,,,,,,2017-02-23 06:14:56.006,8.300956624060653,24.68314561860457,1.780573974436392,0.2672564301560307,8.54435961339536
7.461,1487830501115,,,,,,,2017-02-23 06:15:01.115,8.098981310397864,24.69620938769043,1.6593887862387184,0.21555150200078918,8.542530685723339
8.759,1487830516367,,,,,,,2017-02-23 06:15:16.367,7.834825913637552,24.69620938769043,1.500895548182531,0.15531656069225216,8.542530685723339
7.177,1487830526567,,,,,,,2017-02-23 06:15:26.567,7.885125688964765,24.69620938769043,1.5310754133788587,0.16614092627997462,8.542530685723339
10.31,1487830531666,,,,,,,2017-02-23 06:15:31.666,7.768004217043994,24.69620938769043,1.4608025302263963,0.1414063009527688,8.542530685723339
7.269,1487830536787,,,,,,,2017-02-23 06:15:36.787,7.669973949201956,24.69620938769043,1.4019843695211736,0.12196898786717496,8.542530685723339
7.208,1487830541906,,,,,,,2017-02-23 06:15:41.906,7.527794679473215,24.69620938769043,1.3166768076839288,0.09582703752181405,8.542530685723339
8.605,1487830552167,,,,,,,2017-02-23 06:15:52.167,8.303319463910904,24.69620938769043,1.7819916783465426,0.26789027745856175,8.542530685723339
7.607,1487830557246,,,,,,,2017-02-23 06:15:57.246,7.50904074020769,24.69620938769043,1.3054244441246143,0.09255991141473295,8.542530685723339
7.2,1487830562367,,,,,,,2017-02-23 06:16:02.367,7.678753496714691,24.709269421232374,1.4072520980288146,0.12366277019019062,8.540702281027468
7.676,1487830572757,,,,,,,2017-02-23 06:16:12.757,7.882625396663629,24.709269421232374,1.5295752379981775,0.1655956998764642,8.540702281027468
9.535,1487830577846,,,,,,,2017-02-23 06:16:17.846,7.853531911511161,24.709269421232374,1.5121191469066966,0.15930657752732383,8.540702281027468
7.169,1487830588056,,,,,,,2017-02-23 06:16:28.056,7.667868333872106,24.709269421232374,1.4007210003232637,0.1215641400770221,8.540702281027468
7.223,1487830593177,,,,,,,2017-02-23 06:16:33.177,8.010490359162464,24.709269421232374,1.6062942154974784,0.1944403661838131,8.540702281027468
10.157,1487830603466,,,,,,,2017-02-23 06:16:43.466,8.285728191584433,24.709269421232374,1.7714369149506595,0.263187376415555,8.540702281027468
7.154,1487830608567,,,,,,,2017-02-23 06:16:48.567,8.237797795635245,24.709269421232374,1.7426786773811471,0.25056195608391585,8.540702281027468
8.045,1487830613656,,,,,,,2017-02-23 06:16:53.656,7.984957422376353,24.709269421232374,1.5909744534258117,0.1885236987398077,8.540702281027468
7.307,1487830623886,,,,,,,2017-02-23 06:17:03.886,7.542767598792311,24.7223254705862,1.3256605592753867,0.09846577104266514,8.53887443411793
9.849,1487830639170,,,,,,,2017-02-23 06:17:19.170,8.225821151100332,24.7223254705862,1.735492690660199,0.24745021859233376,8.53887443411793
7.2,1487830644294,,,,,,,2017-02-23 06:17:24.294,8.063621952592767,24.7223254705862,1.63817317155566,0.20700315817262488,8.53887443411793
7.407,1487830649390,,,,,,,2017-02-23 06:17:29.390,7.953321219486923,24.7223254705862,1.5719927316921536,0.18130125743397735,8.53887443411793
9.074,1487830654480,,,,,,,2017-02-23 06:17:34.480,8.38024744677216,24.7223254705862,1.8281484680632958,0.28889269489774577,8.53887443411793
10.932,1487830659589,,,,,,,2017-02-23 06:17:39.589,8.314347095443347,24.7223254705862,1.7886082572660083,0.2708573719276767,8.53887443411793
8.145,1487830664684,,,,,,,2017-02-23 06:17:44.684,8.08126471101818,24.7223254705862,1.6487588266109081,0.21124965015162994,8.53887443411793
7.254,1487830669796,,,,,,,2017-02-23 06:17:49.796,7.897040121166565,24.7223254705862,1.538224072699939,0.16874935230960686,8.53887443411793
10.31,1487830674978,,,,,,,2017-02-23 06:17:54.978,8.302366514217708,24.7223254705862,1.7814199085306246,0.26763456183371825,8.53887443411793
7.338,1487830680100,,,,,,,2017-02-23 06:18:00.100,7.684300787743596,24.735377287183535,1.4105804726461577,0.12473774231367314,8.537047179794305
7.83,1487830685190,,,,,,,2017-02-23 06:18:05.190,8.262112442928347,24.735377287183535,1.7572674657570078,0.25693226272364833,8.537047179794305
6.893,1487830690298,,,,,,,2017-02-23 06:18:10.298,7.5344136772049035,24.735377287183535,1.320648206322942,0.0969902105499692,8.537047179794305
6.778,1487830695388,,,,,,,2017-02-23 06:18:15.388,8.377011107528645,24.735377287183535,1.826206664517187,0.28799481945864425,8.537047179794305
9.849,1487830705590,,,,,,,2017-02-23 06:18:25.590,8.360903306541493,24.735377287183535,1.8165419839248957,0.2835446389179814,8.537047179794305
6.655,1487830710670,,,,,,,2017-02-23 06:18:30.670,8.189236422970335,24.735377287183535,1.7135418537822011,0.23805147555583428,8.537047179794305
9.688,1487830720805,,,,,,,2017-02-23 06:18:40.805,7.798130501776602,24.735377287183535,1.4788783010659612,0.14761135407094966,8.537047179794305
9.535,1487830741201,,,,,,,2017-02-23 06:19:01.201,7.823735328943453,24.748424622536614,1.4942411973660719,0.15297075037064148,8.535220552844873
6.847,1487830746268,,,,,,,2017-02-23 06:19:06.268,8.140046214399664,24.748424622536614,1.6840277286397984,0.22566749827078272,8.535220552844873
7.085,1487830751366,,,,,,,2017-02-23 06:19:11.366,8.394511939680584,24.748424622536614,1.83670716380835,0.2928651502389276,8.535220552844873
7.208,1487830756465,,,,,,,2017-02-23 06:19:16.465,7.98724200027061,24.748424622536614,1.5923452001623661,0.18904991005620733,8.535220552844873
7.161,1487830761587,,,,,,,2017-02-23 06:19:21.587,7.619096326279961,24.748424622536614,1.3714577957679768,0.11233560421615632,8.535220552844873
9.849,1487830776947,,,,,,,2017-02-23 06:19:36.947,7.859782994242533,24.748424622536614,1.5158697965455197,0.16064930318648302,8.535220552844873
8.605,1487830782046,,,,,,,2017-02-23 06:19:42.046,7.684578100584627,24.748424622536614,1.4107468603507762,0.12479157781348157,8.535220552844873
7.983,1487830792247,,,,,,,2017-02-23 06:19:52.247,7.736224778097171,24.748424622536614,1.4417348668583023,0.1349787905799368,8.535220552844873
7.177,1487830797367,,,,,,,2017-02-23 06:19:57.367,7.8912611342985235,24.748424622536614,1.5347566805791142,0.1674820316121001,8.535220552844873
9.688,1487830807546,,,,,,,2017-02-23 06:20:07.546,7.870316526327312,24.761467228242974,1.5221899157963872,0.1629225023085653,8.533394588045983
7.154,1487830817697,,,,,,,2017-02-23 06:20:17.697,8.116791713441268,24.761467228242974,1.6700750280647607,0.219914095778087,8.533394588045983
7.2,1487830822856,,,,,,,2017-02-23 06:20:22.856,8.04758523624454,24.761467228242974,1.628551141746724,0.20317563609124023,8.533394588045983
7.031,1487830838147,,,,,,,2017-02-23 06:20:38.147,7.979040934250056,24.761467228242974,1.587424560550034,0.18716385369223973,8.533394588045983
7.108,1487830843236,,,,,,,2017-02-23 06:20:43.236,7.776555805039199,24.761467228242974,1.4659334830235193,0.143156585264795,8.533394588045983
10.464,1487830848316,,,,,,,2017-02-23 06:20:48.316,8.315886623954711,24.761467228242974,1.7895319743728266,0.27127275830910325,8.533394588045983
7.369,1487830858567,,,,,,,2017-02-23 06:20:58.567,7.6532321266875165,24.761467228242974,1.39193927601251,0.11876473086920361,8.533394588045983
7.937,1487830868766,,,,,,,2017-02-23 06:21:08.766,7.953723246248931,24.774504855990205,1.5722339477493583,0.18139228540601615,8.53156932016137
7.054,1487830873826,,,,,,,2017-02-23 06:21:13.826,7.903945035496028,24.774504855990205,1.5423670212976166,0.17026884160743,8.53156932016137
7.292,1487830889187,,,,,,,2017-02-23 06:21:29.187,7.690166516947494,24.774504855990205,1.4140999101684966,0.1258784391650455,8.53156932016137
9.074,1487830904415,,,,,,,2017-02-23 06:21:44.415,7.71785808080762,24.774504855990205,1.430714848484572,0.1313193185013014,8.53156932016137
10.31,1487830909557,,,,,,,2017-02-23 06:21:49.557,7.999192530563376,24.774504855990205,1.5995155183380256,0.19181270621111676,8.53156932016137
7.983,1487830914647,,,,,,,2017-02-23 06:21:54.647,8.050021882751054,24.774504855990205,1.6300131296506322,0.20375520812348205,8.53156932016137
7.377,1487830924796,,,,,,,2017-02-23 06:22:04.796,7.696710057956611,24.787537257560672,1.4180260347739664,0.12715582078261461,8.529744783941505
8.452,1487830929895,,,,,,,2017-02-23 06:22:09.895,8.31032944491056,24.787537257560672,1.7861976669463355,0.26977469308195956,8.529744783941505
6.87,1487830934995,,,,,,,2017-02-23 06:22:14.995,7.728865523400506,24.787537257560672,1.4373193140403036,0.13350763569297028,8.529744783941505
6.778,1487830940089,,,,,,,2017-02-23 06:22:20.089,7.537236165618698,24.787537257560672,1.322341699371219,0.09748781240821512,8.529744783941505
6.731,1487830945202,,,,,,,2017-02-23 06:22:25.202,8.352182440460043,24.787537257560672,1.8113094642760257,0.2811482744688334,8.529744783941505
7.676,1487830950326,,,,,,,2017-02-23 06:22:30.326,8.14167193883246,24.787537257560672,1.6850031632994757,0.22607214610428347,8.529744783941505
7.522,1487830955485,,,,,,,2017-02-23 06:22:35.485,8.211733375328391,24.787537257560672,1.7270400251970348,0.24381200440986397,8.529744783941505
7.369,1487830960586,,,,,,,2017-02-23 06:22:40.586,7.510611331647935,24.787537257560672,1.3063667989887608,0.09283190506500534,8.529744783941505
9.074,1487830965695,,,,,,,2017-02-23 06:22:45.695,7.724531752764481,24.787537257560672,1.4347190516586885,0.1326443319554601,8.529744783941505
6.939,1487830970786,,,,,,,2017-02-23 06:22:50.786,8.052018002897569,24.787537257560672,1.6312108017385412,0.20423052902976305,8.529744783941505
10.003,1487830986089,,,,,,,2017-02-23 06:23:06.089,7.913926383027909,24.80056418483623,1.5483558298167455,0.1724754409147944,8.527921014122928
6.762,1487830991205,,,,,,,2017-02-23 06:23:11.205,8.225639655670369,24.80056418483623,1.7353837934022214,0.2474031953681881,8.527921014122928
7.0,1487831001446,,,,,,,2017-02-23 06:23:21.446,8.286029701040983,24.80056418483623,1.7716178206245896,0.2632676700341636,8.527921014122928
8.298,1487831006676,,,,,,,2017-02-23 06:23:26.676,8.18741397395334,24.80056418483623,1.7124483843720042,0.237587481815154,8.527921014122928
7.169,1487831021987,,,,,,,2017-02-23 06:23:41.987,8.35064123491571,24.80056418483623,1.8103847409494258,0.28072572303783744,8.527921014122928
7.292,1487831027097,,,,,,,2017-02-23 06:23:47.097,7.765918504814481,24.80056418483623,1.4595511028886885,0.1409807419002569,8.527921014122928
7.146,1487831032237,,,,,,,2017-02-23 06:23:52.237,8.054792595718002,24.80056418483623,1.6328755574308012,0.20489201591930745,8.527921014122928
7.177,1487831037287,,,,,,,2017-02-23 06:23:57.287,8.120781087305373,24.80056418483623,1.6724686523832237,0.22089649651788656,8.527921014122928
8.912,1487831042367,,,,,,,2017-02-23 06:24:02.367,8.152979985588829,24.81358538980296,1.691787991353297,0.2288955292160537,8.526098045427585
9.849,1487831047476,,,,,,,2017-02-23 06:24:07.476,7.768557396297742,24.81358538980296,1.461134437778645,0.14151925666958493,8.526098045427585
10.779,1487831052589,,,,,,,2017-02-23 06:24:12.589,7.717047558361537,24.81358538980296,1.4302285350169224,0.13115875859362675,8.526098045427585
7.83,1487831057736,,,,,,,2017-02-23 06:24:17.736,8.258118275587215,24.81358538980296,1.754870965352329,0.25588094258776095,8.526098045427585
7.185,1487831062788,,,,,,,2017-02-23 06:24:22.788,7.786317187487733,24.81358538980296,1.47179031249264,0.14516520815894327,8.526098045427585
7.077,1487831067889,,,,,,,2017-02-23 06:24:27.889,7.962547637633317,24.81358538980296,1.57752858257999,0.1833952126977402,8.526098045427585
9.688,1487831072994,,,,,,,2017-02-23 06:24:32.994,7.695622269433752,24.81358538980296,1.417373361660251,0.12694311468051003,8.526098045427585
7.83,1487831078139,,,,,,,2017-02-23 06:24:38.139,8.008357207618756,24.81358538980296,1.6050143245712536,0.1939430627427024,8.526098045427585
7.1,1487831083251,,,,,,,2017-02-23 06:24:43.251,8.103607499788813,24.81358538980296,1.6621644998732878,0.216681010791754,8.526098045427585
7.346,1487831088390,,,,,,,2017-02-23 06:24:48.390,7.953471516243297,24.81358538980296,1.5720829097459785,0.18133528575648689,8.526098045427585
7.231,1487831098561,,,,,,,2017-02-23 06:24:58.561,8.001200280517118,24.81358538980296,1.6007201683102705,0.19227855152037052,8.526098045427585
10.779,1487831103615,,,,,,,2017-02-23 06:25:03.615,7.560099424176492,24.826600624555894,1.3360596545058954,0.10155381740553743,8.524275912562175
7.83,1487831108706,,,,,,,2017-02-23 06:25:08.706,8.112279217118463,24.826600624555894,1.6673675302710778,0.21880517572728747,8.524275912562175
7.054,1487831113846,,,,,,,2017-02-23 06:25:13.846,8.352872522502794,24.826600624555894,1.8117235135016765,0.2813375662488974,8.524275912562175
9.381,1487831118937,,,,,,,2017-02-23 06:25:18.937,8.147602961236924,24.826600624555894,1.6885617767421541,0.22755108505692084,8.524275912562175
9.688,1487831123987,,,,,,,2017-02-23 06:25:23.987,7.6415054222635534,24.826600624555894,1.384903253358132,0.11654035970113039,8.524275912562175
7.238,1487831129077,,,,,,,2017-02-23 06:25:29.077,8.247285629821915,24.826600624555894,1.7483713778931491,0.2530392770816697,8.524275912562175
7.192,1487831134166,,,,,,,2017-02-23 06:25:34.166,7.901330108950752,24.826600624555894,1.5407980653704514,0.16969273012055475,8.524275912562175
7.185,1487831139276,,,,,,,2017-02-23 06:25:39.276,8.055585500739062,24.826600624555894,1.633351300443437,0.205081221045007,8.524275912562175
7.146,1487831144386,,,,,,,2017-02-23 06:25:44.386,8.176187296923446,24.826600624555894,1.7057123781540677,0.234737970702071,8.524275912562175
7.1,1487831154587,,,,,,,2017-02-23 06:25:54.587,7.577065136561749,24.826600624555894,1.3462390819370493,0.10461154560501766,8.524275912562175
7.522,1487831164875,,,,,,,2017-02-23 06:26:04.875,7.957370788514918,24.83960964130372,1.574422473108951,0.18221905791577145,8.522454650217478
6.854,1487831169975,,,,,,,2017-02-23 06:26:09.975,7.839810152721876,24.83960964130372,1.5038860916331256,0.1563756026617346,8.522454650217478
8.452,1487831175045,,,,,,,2017-02-23 06:26:15.045,8.36549855215371,24.83960964130372,1.819299131292226,0.28481101559724825,8.522454650217478
7.676,1487831180185,,,,,,,2017-02-23 06:26:20.185,7.69763130339253,24.83960964130372,1.418578782035518,0.127336072108353,8.522454650217478
6.816,1487831205696,,,,,,,2017-02-23 06:26:45.696,8.085443526651538,24.83960964130372,1.6512661159909228,0.21226093395795598,8.522454650217478
7.522,1487831210805,,,,,,,2017-02-23 06:26:50.805,8.272099811835252,24.83960964130372,1.7632598871011513,0.2595694548018253,8.522454650217478
6.993,1487831215895,,,,,,,2017-02-23 06:26:55.895,7.826449590838227,24.83960964130372,1.4958697545029365,0.1535434897456819,8.522454650217478
6.754,1487831221065,,,,,,,2017-02-23 06:27:01.065,7.882293515578566,24.852612192373513,1.5293761093471399,0.1655233846027186,8.520634293067708
6.954,1487831226165,,,,,,,2017-02-23 06:27:06.165,8.047687337975162,24.852612192373513,1.6286124027850972,0.2031999073424271,8.520634293067708
8.759,1487831231285,,,,,,,2017-02-23 06:27:11.285,7.572516117222027,24.852612192373513,1.343509670333216,0.10378828739760618,8.520634293067708
7.238,1487831236367,,,,,,,2017-02-23 06:27:16.367,8.088892252706387,24.852612192373513,1.653335351623832,0.21309711258335473,8.520634293067708
10.157,1487831246586,,,,,,,2017-02-23 06:27:26.586,8.18114364816296,24.852612192373513,1.7086861888977762,0.23599410764999396,8.520634293067708
6.939,1487831251746,,,,,,,2017-02-23 06:27:31.746,7.782577084870344,24.852612192373513,1.4695462509222066,0.14439424713132853,8.520634293067708
6.785,1487831257645,,,,,,,2017-02-23 06:27:37.645,8.269664540825476,24.852612192373513,1.7617987244952853,0.25892531134622726,8.520634293067708
7.238,1487831261896,,,,,,,2017-02-23 06:27:41.896,7.684942822448312,24.852612192373513,1.410965693468987,0.12486239631561846,8.520634293067708
7.131,1487831266986,,,,,,,2017-02-23 06:27:46.986,8.23217903614818,24.852612192373513,1.739307421688908,0.24909996267597964,8.520634293067708
7.246,1487831277246,,,,,,,2017-02-23 06:27:57.246,8.254175209554695,24.852612192373513,1.7525051257328172,0.25484495084581976,8.520634293067708
7.115,1487831292586,,,,,,,2017-02-23 06:28:12.586,7.519790291695027,24.86560803021544,1.311874175017016,0.09442742951026707,8.518814875769838
7.307,1487831297676,,,,,,,2017-02-23 06:28:17.676,7.948184157332154,24.86560803021544,1.5689104943992924,0.18013981739414248,8.518814875769838
7.092,1487831318146,,,,,,,2017-02-23 06:28:38.146,7.785318511249698,24.86560803021544,1.4711911067498187,0.14495918310665268,8.518814875769838
7.023,1487831323196,,,,,,,2017-02-23 06:28:43.196,8.172174954502479,24.86560803021544,1.7033049727014873,0.233723242342051,8.518814875769838
7.046,1487831333457,,,,,,,2017-02-23 06:28:53.457,7.977612236473248,24.86560803021544,1.5865673418839488,0.1868361115791373,8.518814875769838
7.146,1487831343586,,,,,,,2017-02-23 06:29:03.586,7.682584098955795,24.878596907407488,1.409550459373477,0.12440468221188672,8.516996432962952
7.177,1487831348677,,,,,,,2017-02-23 06:29:08.677,7.813875090727942,24.878596907407488,1.4883250544367652,0.15089756995997447,8.516996432962952
7.983,1487831353766,,,,,,,2017-02-23 06:29:13.766,7.727518428357905,24.878596907407488,1.4365110570147428,0.13323904779210666,8.516996432962952
7.1,1487831363976,,,,,,,2017-02-23 06:29:23.976,8.330747131057441,24.878596907407488,1.7984482786344644,0.27529695428748996,8.516996432962952
7.83,1487831369086,,,,,,,2017-02-23 06:29:29.086,7.673631711974393,24.878596907407488,1.4041790271846355,0.12267353274378505,8.516996432962952
9.688,1487831374167,,,,,,,2017-02-23 06:29:34.167,7.937936965356562,24.878596907407488,1.5627621792139372,0.1778324851788716,8.516996432962952
10.464,1487831384366,,,,,,,2017-02-23 06:29:44.366,8.280388017516163,24.878596907407488,1.7682328105096978,0.2617670664857485,8.516996432962952
8.145,1487831389456,,,,,,,2017-02-23 06:29:49.456,7.505174470283157,24.878596907407488,1.303104682169894,0.09189161539726562,8.516996432962952
8.145,1487831394556,,,,,,,2017-02-23 06:29:54.556,8.257211430844935,24.878596907407488,1.754326858506961,0.25564251516546277,8.516996432962952
7.576,1487831399676,,,,,,,2017-02-23 06:29:59.676,7.542255458325284,24.878596907407488,1.3253532749951706,0.09837507025744571,8.516996432962952
10.779,1487831404767,,,,,,,2017-02-23 06:30:04.767,8.31956058433526,24.891578576660155,1.791736350601156,0.272265193589422,8.515178999267578
6.893,1487831409895,,,,,,,2017-02-23 06:30:09.895,8.099051547443576,24.891578576660155,1.6594309284661457,0.21556863154996767,8.515178999267578
7.115,1487831414986,,,,,,,2017-02-23 06:30:14.986,7.924251348031146,24.891578576660155,1.5545508088186875,0.1747705842397318,8.515178999267578
7.138,1487831420086,,,,,,,2017-02-23 06:30:20.086,8.339405525391511,24.891578576660155,1.8036433152349065,0.2776538485308078,8.515178999267578
7.131,1487831425185,,,,,,,2017-02-23 06:30:25.185,8.27388139605272,24.891578576660155,1.7643288376316324,0.26004114503045844,8.515178999267578
6.824,1487831430295,,,,,,,2017-02-23 06:30:30.295,8.000203732689357,24.891578576660155,1.600122239613614,0.19204726847435136,8.515178999267578
6.939,1487831435406,,,,,,,2017-02-23 06:30:35.406,7.628146549488683,24.891578576660155,1.37688792969321,0.11402649880080484,8.515178999267578
6.862,1487831440455,,,,,,,2017-02-23 06:30:40.455,7.59014355615392,24.891578576660155,1.3540861336923518,0.10699224330143867,8.515178999267578
7.054,1487831445585,,,,,,,2017-02-23 06:30:45.585,8.37210353418093,24.891578576660155,1.823262120508558,0.286635682338972,8.515178999267578
7.522,1487831450695,,,,,,,2017-02-23 06:30:50.695,7.811517140962623,24.891578576660155,1.486910284577574,0.1504035239923828,8.515178999267578
6.77,1487831466005,,,,,,,2017-02-23 06:31:06.005,8.389349866972069,24.904552790821167,1.8336099201832412,0.29142476827218994,8.513362609285036
6.801,1487831471165,,,,,,,2017-02-23 06:31:11.165,7.774884104331998,24.904552790821167,1.464930462599199,0.142813742193968,8.513362609285036
7.676,1487831476446,,,,,,,2017-02-23 06:31:16.446,7.524399622112774,24.904552790821167,1.3146397732676642,0.09523245549695185,8.513362609285036
6.839,1487831481515,,,,,,,2017-02-23 06:31:21.515,7.861316827698642,24.904552790821167,1.516790096619185,0.16097948536285897,8.513362609285036
7.123,1487831501897,,,,,,,2017-02-23 06:31:41.897,7.91928988914003,24.904552790821167,1.551573933484018,0.1736661016001887,8.513362609285036
10.003,1487831512096,,,,,,,2017-02-23 06:31:52.096,8.359079483354392,24.904552790821167,1.8154476900126353,0.2830427246601825,8.513362609285036
9.688,1487831517257,,,,,,,2017-02-23 06:31:57.257,7.982500106173708,24.904552790821167,1.5895000637042247,0.18795839940933615,8.513362609285036
7.83,1487831522356,,,,,,,2017-02-23 06:32:02.356,7.860549050262879,24.917519302880198,1.5163294301577275,0.16081417370394305,8.511547297596772
7.876,1487831527476,,,,,,,2017-02-23 06:32:07.476,7.500339934514313,24.917519302880198,1.300203960708588,0.09105847566979035,8.511547297596772
7.238,1487831532636,,,,,,,2017-02-23 06:32:12.636,8.182882874765621,24.917519302880198,1.7097297248593726,0.2364355956985764,8.511547297596772
9.688,1487831537676,,,,,,,2017-02-23 06:32:17.676,8.045252939886954,24.917519302880198,1.6271517639321722,0.20262155176787802,8.511547297596772
10.617,1487831542786,,,,,,,2017-02-23 06:32:22.786,7.917777923123318,24.917519302880198,1.5506667538739909,0.17333010636016474,8.511547297596772
7.192,1487831547948,,,,,,,2017-02-23 06:32:27.948,8.15309944353662,24.917519302880198,1.6918596661219718,0.22892543727716919,8.511547297596772
10.31,1487831558086,,,,,,,2017-02-23 06:32:38.086,8.256467429896187,24.917519302880198,1.753880457937712,0.2554469762917687,8.511547297596772
7.223,1487831563167,,,,,,,2017-02-23 06:32:43.167,8.153791165085336,24.917519302880198,1.6922746990512012,0.22909865364729615,8.511547297596772
7.246,1487831573366,,,,,,,2017-02-23 06:32:53.366,7.803916206973491,24.917519302880198,1.4823497241840946,0.14881549125110968,8.511547297596772
7.83,1487831578477,,,,,,,2017-02-23 06:32:58.477,7.975128345705923,24.917519302880198,1.5850770074235538,0.18626689215501363,8.511547297596772
8.759,1487831583937,,,,,,,2017-02-23 06:33:03.937,8.300591650194578,24.930477865973536,1.7803549901167468,0.2671585832551441,8.509733098763704
7.146,1487831594187,,,,,,,2017-02-23 06:33:14.187,7.8758425014249465,24.930477865973536,1.5255055008549678,0.16412036539773245,8.509733098763704
7.208,1487831599277,,,,,,,2017-02-23 06:33:19.277,8.300702457021554,24.930477865973536,1.7804214742129325,0.26718828808852857,8.509733098763704
7.115,1487831609547,,,,,,,2017-02-23 06:33:29.547,7.8520891180333825,24.930477865973536,1.5112534708200296,0.15899733312399333,8.509733098763704
7.553,1487831614596,,,,,,,2017-02-23 06:33:34.596,7.509347970783062,24.930477865973536,1.3056087824698372,0.09261309404815234,8.509733098763704
7.983,1487831619736,,,,,,,2017-02-23 06:33:39.736,7.941184720227282,24.930477865973536,1.5647108321363692,0.17856240932081402,8.509733098763704
7.069,1487831624875,,,,,,,2017-02-23 06:33:44.875,7.726811546236271,24.930477865973536,1.4360869277417625,0.1330981946030039,8.509733098763704
6.847,1487831630049,,,,,,,2017-02-23 06:33:50.049,8.023729617859779,24.930477865973536,1.6142377707158673,0.19753905702929497,8.509733098763704
6.754,1487831635156,,,,,,,2017-02-23 06:33:55.156,7.965740428417876,24.930477865973536,1.5794442570507252,0.18412220248764657,8.509733098763704
7.83,1487831650496,,,,,,,2017-02-23 06:34:10.496,8.149774504853266,24.943428233388833,1.6898647029119593,0.2280936292642001,8.507920047325563
7.522,1487831655605,,,,,,,2017-02-23 06:34:15.605,8.168312081544038,24.943428233388833,1.7009872489264226,0.2327481403258379,8.507920047325563
6.854,1487831660686,,,,,,,2017-02-23 06:34:20.686,7.894944436280602,24.943428233388833,1.536966661768361,0.16828930950520363,8.507920047325563
7.092,1487831670985,,,,,,,2017-02-23 06:34:30.985,8.397511446068375,24.943428233388833,1.838506867641025,0.2937035764731852,8.507920047325563
6.847,1487831676095,,,,,,,2017-02-23 06:34:36.095,7.733903208987753,24.943428233388833,1.440341925392652,0.13451399461637967,8.507920047325563
7.054,1487831686306,,,,,,,2017-02-23 06:34:46.306,8.217521016126096,24.943428233388833,1.7305126096756573,0.24530379928864599,8.507920047325563
10.157,1487831691355,,,,,,,2017-02-23 06:34:51.355,7.752424439599684,24.943428233388833,1.4514546637598105,0.13824008947357855,8.507920047325563
7.177,1487831696406,,,,,,,2017-02-23 06:34:56.406,7.826285349012867,24.943428233388833,1.4957712094077202,0.15350880776904005,8.507920047325563
7.177,1487831701576,,,,,,,2017-02-23 06:35:01.576,8.097176420025644,24.95637015856975,1.6583058520153862,0.21511152484248938,8.506108177800234
7.469,1487831722076,,,,,,,2017-02-23 06:35:22.076,7.998948357873827,24.95637015856975,1.5993690147242963,0.19175608538379757,8.506108177800234
7.676,1487831727166,,,,,,,2017-02-23 06:35:27.166,7.508443322159109,24.95637015856975,1.3050659932954654,0.09245652879271168,8.506108177800234
7.361,1487831732336,,,,,,,2017-02-23 06:35:32.336,8.291632982436543,24.95637015856975,1.7749797894619257,0.2647618397119679,8.506108177800234
8.452,1487831737387,,,,,,,2017-02-23 06:35:37.387,7.620204608285679,24.95637015856975,1.3721227649714074,0.11254214149632359,8.506108177800234
7.031,1487831742547,,,,,,,2017-02-23 06:35:42.547,8.24791792637506,24.95637015856975,1.7487507558250357,0.2532047568121004,8.506108177800234
7.1,1487831747676,,,,,,,2017-02-23 06:35:47.676,8.027237595504836,24.95637015856975,1.6163425573029016,0.1983636353536551,8.506108177800234
7.522,1487831752787,,,,,,,2017-02-23 06:35:52.787,7.866950616224301,24.95637015856975,1.5201703697345805,0.16219467127542345,8.506108177800234
7.261,1487831763076,,,,,,,2017-02-23 06:36:03.076,8.231033905923336,24.969303395120694,1.7386203435540017,0.24880246611538565,8.504297524683102
8.145,1487831768186,,,,,,,2017-02-23 06:36:08.186,8.386152303268279,24.969303395120694,1.8316913819609675,0.29053415043740455,8.504297524683102
9.535,1487831788617,,,,,,,2017-02-23 06:36:28.617,8.280313013008112,24.969303395120694,1.7681878078048667,0.261747142133583,8.504297524683102
8.145,1487831793747,,,,,,,2017-02-23 06:36:33.747,7.826523007816367,24.969303395120694,1.4959138046898202,0.15355899382242197,8.504297524683102
9.074,1487831798816,,,,,,,2017-02-23 06:36:38.816,8.030525074767933,24.969303395120694,1.61831504486076,0.19913772415753578,8.504297524683102
8.145,1487831803897,,,,,,,2017-02-23 06:36:43.897,7.884174632799857,24.969303395120694,1.530504779679914,0.16593344575078967,8.504297524683102
7.138,1487831814086,,,,,,,2017-02-23 06:36:54.086,7.8637768723836645,24.969303395120694,1.5182661234301986,0.16150963882286476,8.504297524683102
7.016,1487831819176,,,,,,,2017-02-23 06:36:59.176,7.967242842279399,24.969303395120694,1.5803457053676393,0.1844647212917365,8.504297524683102
7.83,1487831824297,,,,,,,2017-02-23 06:37:04.297,8.03580371710682,24.982227696811478,1.6214822302640917,0.2003833767383021,8.502488122446392
7.83,1487831834546,,,,,,,2017-02-23 06:37:14.546,7.804744820422944,24.982227696811478,1.4828468922537665,0.14898827344722315,8.502488122446392
10.779,1487831839657,,,,,,,2017-02-23 06:37:19.657,8.324351757715823,24.982227696811478,1.7946110546294936,0.2735618515540715,8.502488122446392
8.298,1487831844746,,,,,,,2017-02-23 06:37:24.746,7.706303913059823,24.982227696811478,1.423782347835894,0.12903795131891735,8.502488122446392
6.647,1487831854986,,,,,,,2017-02-23 06:37:34.986,7.552006957917731,24.982227696811478,1.331204174750639,0.10010748018216122,8.502488122446392
7.676,1487831870255,,,,,,,2017-02-23 06:37:50.255,7.992446483080071,24.982227696811478,1.5954678898480426,0.1902510074116481,8.502488122446392
7.522,1487831875296,,,,,,,2017-02-23 06:37:55.296,7.863016704774363,24.982227696811478,1.517810022864618,0.16134574089790474,8.502488122446392
6.647,1487831880585,,,,,,,2017-02-23 06:38:00.585,7.880833333201186,24.995142817582032,1.5284999999207114,0.16520537497123147,8.500680005538515
7.676,1487831885695,,,,,,,2017-02-23 06:38:05.695,8.257791768387612,24.995142817582032,1.7546750610325672,0.25579508601683076,8.500680005538515
6.785,1487831890786,,,,,,,2017-02-23 06:38:10.786,7.596423006432801,24.995142817582032,1.3578538038596804,0.1081426008766141,8.500680005538515
6.831,1487831900985,,,,,,,2017-02-23 06:38:20.985,8.328050354091548,24.995142817582032,1.796830212454929,0.27456470423841467,8.500680005538515
9.381,1487831906065,,,,,,,2017-02-23 06:38:26.065,7.6164349045581865,24.995142817582032,1.369860942734912,0.11184022880397654,8.500680005538515
6.885,1487831911174,,,,,,,2017-02-23 06:38:31.174,8.356628985723718,24.995142817582032,1.813977391434231,0.2823689786954024,8.500680005538515
7.1,1487831921356,,,,,,,2017-02-23 06:38:41.356,7.580117189052256,24.995142817582032,1.3480703134313536,0.10516528235588614,8.500680005538515
9.074,1487831926445,,,,,,,2017-02-23 06:38:46.445,8.36268082801349,24.995142817582032,1.8176084968080939,0.2840341950796427,8.500680005538515
7.277,1487831931586,,,,,,,2017-02-23 06:38:51.586,8.240474931165728,24.995142817582032,1.7442849586994371,0.2512598755815987,8.500680005538515
7.069,1487831941787,,,,,,,2017-02-23 06:39:01.787,7.88421025996192,25.008048511547074,1.530526155977152,0.16594121614505059,8.498873208383408
7.092,1487831946876,,,,,,,2017-02-23 06:39:06.876,8.125505296992657,25.008048511547074,1.6753031781955938,0.22206232367668924,8.498873208383408
9.381,1487831951956,,,,,,,2017-02-23 06:39:11.956,8.107925963188631,25.008048511547074,1.6647555779131786,0.217737704271574,8.498873208383408
10.003,1487831962167,,,,,,,2017-02-23 06:39:22.167,7.582646081837037,25.008048511547074,1.3495876491022223,0.10562494856655125,8.498873208383408
6.969,1487831967386,,,,,,,2017-02-23 06:39:27.386,8.08266891143013,25.008048511547074,1.6496013468580777,0.2115892363868126,8.498873208383408
10.932,1487831972517,,,,,,,2017-02-23 06:39:32.517,7.971324934060949,25.008048511547074,1.5827949604365692,0.18539672026653664,8.498873208383408
7.169,1487831992986,,,,,,,2017-02-23 06:39:52.986,8.317450154377694,25.008048511547074,1.7904700926266162,0.27169491184649025,8.498873208383408
10.31,1487832008287,,,,,,,2017-02-23 06:40:08.287,7.822951076142103,25.02094453300079,1.4937706456852617,0.1528054289513223,8.497067765379889
9.688,1487832013446,,,,,,,2017-02-23 06:40:13.446,7.958492055299349,25.02094453300079,1.575095233179609,0.18247353139784525,8.497067765379889
7.2,1487832023587,,,,,,,2017-02-23 06:40:23.587,8.200263747198651,25.02094453300079,1.7201582483191906,0.24086752345660978,8.497067765379889
7.676,1487832033757,,,,,,,2017-02-23 06:40:33.757,7.797241234787684,25.02094453300079,1.4783447408726105,0.1474266334829681,8.497067765379889
7.983,1487832038866,,,,,,,2017-02-23 06:40:38.866,7.798720978971125,25.02094453300079,1.479232587382675,0.14773406177968154,8.497067765379889
7.154,1487832049046,,,,,,,2017-02-23 06:40:49.046,8.366668343000063,25.02094453300079,1.8200010058000378,0.2851337960015193,8.497067765379889
7.131,1487832054086,,,,,,,2017-02-23 06:40:54.086,7.820496183851365,25.02094453300079,1.4922977103108188,0.15228841185423203,8.497067765379889
8.759,1487832064366,,,,,,,2017-02-23 06:41:04.366,7.5320823752737125,25.033830636421527,1.3192494251642275,0.09657992527527075,8.495263710900986
7.238,1487832079646,,,,,,,2017-02-23 06:41:19.646,7.8826783282759685,25.033830636421527,1.529606996965581,0.16560723463939198,8.495263710900986
7.522,1487832089865,,,,,,,2017-02-23 06:41:29.865,8.342993442931363,25.033830636421527,1.8057960657588175,0.2786331488737107,8.495263710900986
10.157,1487832094975,,,,,,,2017-02-23 06:41:34.975,8.018350302862023,25.033830636421527,1.611010181717214,0.19627747428089712,8.495263710900986
9.227,1487832110165,,,,,,,2017-02-23 06:41:50.165,8.110108667515654,25.033830636421527,1.6660652005093923,0.21827264598335605,8.495263710900986
6.923,1487832120405,,,,,,,2017-02-23 06:42:00.405,7.9723055383077375,25.046706576476442,1.5833833229846426,0.18562090387990057,8.493461079293297
6.885,1487832125555,,,,,,,2017-02-23 06:42:05.555,7.777430696364892,25.046706576476442,1.466458417818935,0.14333614725189192,8.493461079293297
6.916,1487832140795,,,,,,,2017-02-23 06:42:20.795,8.042002069812565,25.046706576476442,1.6252012418875388,0.2018503306286274,8.493461079293297
7.338,1487832146066,,,,,,,2017-02-23 06:42:26.066,8.01634091384432,25.046706576476442,1.6098045483065924,0.19580711353979843,8.493461079293297
7.676,1487832151135,,,,,,,2017-02-23 06:42:31.135,7.69876740899171,25.046706576476442,1.419260445395026,0.1275585033192108,8.493461079293297
6.824,1487832157116,,,,,,,2017-02-23 06:42:37.116,8.231688901611943,25.046706576476442,1.7390133409671655,0.24897261000177962,8.493461079293297
10.003,1487832161376,,,,,,,2017-02-23 06:42:41.376,7.935025635569857,25.046706576476442,1.5610153813419139,0.1771792475341928,8.493461079293297
7.83,1487832171567,,,,,,,2017-02-23 06:42:51.567,7.884318065787191,25.046706576476442,1.5305908394723147,0.16596472985682134,8.493461079293297
10.464,1487832176626,,,,,,,2017-02-23 06:42:56.626,8.39877780077987,25.046706576476442,1.8392666804679219,0.2940578738446196,8.493461079293297
7.83,1487832186847,,,,,,,2017-02-23 06:43:06.847,8.101689024078496,25.059572108026202,1.6610134144470976,0.2162122930432933,8.49165990487633
7.185,1487832191937,,,,,,,2017-02-23 06:43:11.937,7.684213523383765,25.059572108026202,1.4105281140302592,0.12472080335385533,8.49165990487633
7.83,1487832196977,,,,,,,2017-02-23 06:43:16.977,7.507956407368329,25.059572108026202,1.3047738444209975,0.09237230033244531,8.49165990487633
7.0,1487832207246,,,,,,,2017-02-23 06:43:27.246,8.139115321023258,25.059572108026202,1.6834691926139547,0.2254359388300001,8.49165990487633
7.161,1487832217477,,,,,,,2017-02-23 06:43:37.477,7.956495919066709,25.059572108026202,1.5738975514400255,0.18202060952694757,8.49165990487633
7.008,1487832227676,,,,,,,2017-02-23 06:43:47.676,7.919731442070678,25.059572108026202,1.551838865242407,0.17376427704392058,8.49165990487633
7.215,1487832232757,,,,,,,2017-02-23 06:43:52.757,7.870348935709411,25.059572108026202,1.5222093614256467,0.16292951699288433,8.49165990487633
10.464,1487832237846,,,,,,,2017-02-23 06:43:57.846,7.812753418416758,25.059572108026202,1.4876520510500548,0.15066247001156444,8.49165990487633
7.438,1487832248066,,,,,,,2017-02-23 06:44:08.066,7.71536524223016,25.072426986129635,1.4292191453380958,0.1308257529172388,8.48986022194185
7.223,1487832253177,,,,,,,2017-02-23 06:44:13.177,7.691721172079456,25.072426986129635,1.4150327032476735,0.12618146206707762,8.48986022194185
10.617,1487832258346,,,,,,,2017-02-23 06:44:18.346,7.564351517135996,25.072426986129635,1.3386109102815973,0.10231692801285351,8.48986022194185
7.154,1487832263467,,,,,,,2017-02-23 06:44:23.467,8.367023410314506,25.072426986129635,1.8202140461887033,0.28523180221609873,8.48986022194185
7.284,1487832268557,,,,,,,2017-02-23 06:44:28.557,7.691032898933059,25.072426986129635,1.4146197393598356,0.12604727272497235,8.48986022194185
6.885,1487832278756,,,,,,,2017-02-23 06:44:38.756,7.983135874674567,25.072426986129635,1.5898815248047402,0.18810458684787912,8.48986022194185
7.983,1487832283867,,,,,,,2017-02-23 06:44:43.867,7.926047031617069,25.072426986129635,1.555628218970241,0.17517105382711873,8.48986022194185
7.83,1487832288957,,,,,,,2017-02-23 06:44:48.957,8.129718662383516,25.072426986129635,1.6778311974301094,0.22310434555520972,8.48986022194185
7.377,1487832294087,,,,,,,2017-02-23 06:44:54.087,8.30927616555969,25.072426986129635,1.7855656993358133,0.2694911752048461,8.48986022194185
6.946,1487832299167,,,,,,,2017-02-23 06:44:59.167,7.972395864241069,25.072426986129635,1.583437518544641,0.18564155980258776,8.48986022194185
7.115,1487832304467,,,,,,,2017-02-23 06:45:04.467,7.645417958839512,25.085270966048384,1.387250775303707,0.11728067188557904,8.488062064753226
8.145,1487832362438,,,,,,,2017-02-23 06:46:02.438,7.549601473300089,25.09810380325159,1.3297608839800534,0.09967907177682768,8.486265467544776
7.315,1487832372632,,,,,,,2017-02-23 06:46:12.632,8.057018951962814,25.09810380325159,1.6342113711776882,0.20542346650834906,8.486265467544776
7.161,1487832377701,,,,,,,2017-02-23 06:46:17.701,8.079527538325816,25.09810380325159,1.64771652299549,0.21082986665271927,8.486265467544776
7.231,1487832392926,,,,,,,2017-02-23 06:46:32.926,8.281231378020488,25.09810380325159,1.7687388268122928,0.26199114497975134,8.486265467544776
10.31,1487832398026,,,,,,,2017-02-23 06:46:38.026,7.826487784985683,25.09810380325159,1.4958926709914098,0.15355155544222893,8.486265467544776
7.1,1487832408219,,,,,,,2017-02-23 06:46:48.219,7.905204661074858,25.09810380325159,1.5431227966449148,0.17054665074628306,8.486265467544776
7.069,1487832418394,,,,,,,2017-02-23 06:46:58.394,8.398289558505452,25.09810380325159,1.838973735103271,0.29392125191813284,8.486265467544776
7.676,1487832423484,,,,,,,2017-02-23 06:47:03.484,7.639048634919156,25.110925253420532,1.3834291809514938,0.11607643657846774,8.484470464521124
7.238,1487832428527,,,,,,,2017-02-23 06:47:08.527,8.283183983800557,25.110925253420532,1.7699103902803341,0.26251027436259844,8.484470464521124
9.381,1487832438707,,,,,,,2017-02-23 06:47:18.707,8.092336920847687,25.110925253420532,1.6554021525086124,0.21393373205376143,8.484470464521124
7.676,1487832459518,,,,,,,2017-02-23 06:47:39.518,7.727555326534897,25.110925253420532,1.436533195920938,0.13324640176206642,8.484470464521124
9.381,1487832469705,,,,,,,2017-02-23 06:47:49.705,8.185392585809858,25.110925253420532,1.7112355514859146,0.23707330456028294,8.484470464521124
7.115,1487832474800,,,,,,,2017-02-23 06:47:54.800,8.20691245125611,25.110925253420532,1.7241474707536664,0.24257245444050646,8.484470464521124
9.227,1487832490018,,,,,,,2017-02-23 06:48:10.018,8.236810393468566,25.12373507245328,1.7420862360811398,0.2503047610319917,8.48267708985654
7.83,1487832495105,,,,,,,2017-02-23 06:48:15.105,7.524326005351457,25.12373507245328,1.3145956032108743,0.09521957819263221,8.48267708985654
7.584,1487832505284,,,,,,,2017-02-23 06:48:25.284,7.737796870477155,25.12373507245328,1.4426781222862928,0.13529390281859432,8.48267708985654
9.381,1487832510377,,,,,,,2017-02-23 06:48:30.377,7.598463699101077,25.12373507245328,1.3590782194606463,0.10851746224782534,8.48267708985654
7.83,1487832520526,,,,,,,2017-02-23 06:48:40.526,7.582259989637856,25.12373507245328,1.3493559937827135,0.10555472057142441,8.48267708985654
6.77,1487832551145,,,,,,,2017-02-23 06:49:11.145,7.742520293913352,25.13653301646934,1.4455121763480112,0.1362424561306857,8.480885377694293
6.754,1487832556235,,,,,,,2017-02-23 06:49:16.235,7.517437671705309,25.13653301646934,1.3104626030231856,0.09401752387698334,8.480885377694293
6.693,1487832561344,,,,,,,2017-02-23 06:49:21.344,7.760153234549628,25.13653301646934,1.4560919407297765,0.13980713866933397,8.480885377694293
6.847,1487832566436,,,,,,,2017-02-23 06:49:26.436,8.347193872600876,25.13653301646934,1.8083163235605255,0.2797815935536988,8.480885377694293
6.739,1487832571575,,,,,,,2017-02-23 06:49:31.575,8.249559430806539,25.13653301646934,1.7497356584839232,0.25363458251738596,8.480885377694293
6.847,1487832576637,,,,,,,2017-02-23 06:49:36.637,7.7931177049069245,25.13653301646934,1.4758706229441547,0.1465713245797852,8.480885377694293
6.693,1487832581746,,,,,,,2017-02-23 06:49:41.746,8.212122335470722,25.13653301646934,1.7272734012824333,0.24391213494154082,8.480885377694293
10.003,1487832587660,,,,,,,2017-02-23 06:49:47.660,8.209193121516238,25.13653301646934,1.7255158729097428,0.24315850991714966,8.480885377694293
6.839,1487832591921,,,,,,,2017-02-23 06:49:51.921,7.601341462519241,25.13653301646934,1.3608048775115447,0.10904693707484184,8.480885377694293
6.847,1487832602070,,,,,,,2017-02-23 06:50:02.070,7.882459831556298,25.14931884181431,1.529475898933779,0.16555962239292768,8.479095362145996
8.452,1487832612300,,,,,,,2017-02-23 06:50:12.300,8.029217984286099,25.14931884181431,1.6175307905716592,0.1988297937907195,8.479095362145996
7.3,1487832622412,,,,,,,2017-02-23 06:50:22.412,7.5064935377150395,25.14931884181431,1.3038961226290238,0.09211941844891021,8.479095362145996
7.522,1487832627511,,,,,,,2017-02-23 06:50:27.511,7.657409460742044,25.14931884181431,1.3944456764452264,0.11956109154749764,8.479095362145996
7.246,1487832637682,,,,,,,2017-02-23 06:50:37.682,7.751553283390626,25.14931884181431,1.4509319700343757,0.13806390800626397,8.479095362145996
9.381,1487832647882,,,,,,,2017-02-23 06:50:47.882,7.735673946651224,25.14931884181431,1.4414043679907347,0.13486845137182046,8.479095362145996
7.83,1487832652972,,,,,,,2017-02-23 06:50:52.972,7.776499724948036,25.14931884181431,1.4658998349688217,0.1431450785648426,8.479095362145996
7.108,1487832658062,,,,,,,2017-02-23 06:50:58.062,7.5128748810820065,25.14931884181431,1.3077249286492039,0.09322442529987766,8.479095362145996
7.161,1487832663152,,,,,,,2017-02-23 06:51:03.152,8.11049358490029,25.162092305064505,1.666296150940174,0.2183670416351143,8.477307077290968
9.381,1487832668242,,,,,,,2017-02-23 06:51:08.242,7.585174663013869,25.162092305064505,1.3511047978083215,0.10608532543155706,8.477307077290968
10.31,1487832678401,,,,,,,2017-02-23 06:51:18.401,8.232136484862789,25.162092305064505,1.739281890917673,0.24908890534443406,8.477307077290968
7.169,1487832683572,,,,,,,2017-02-23 06:51:23.572,7.900419097255702,25.162092305064505,1.540251458353421,0.16949221193480496,8.477307077290968
7.369,1487832688759,,,,,,,2017-02-23 06:51:28.759,8.323998084770915,25.162092305064505,1.794398850862549,0.2734660412029656,8.477307077290968
6.839,1487832698900,,,,,,,2017-02-23 06:51:38.900,7.507680503980785,25.162092305064505,1.304608302388471,0.09232458609317892,8.477307077290968
6.808,1487832709100,,,,,,,2017-02-23 06:51:49.100,8.13717112538833,25.162092305064505,1.6823026752329975,0.22495265614851045,8.477307077290968
6.801,1487832714200,,,,,,,2017-02-23 06:51:54.200,7.779096607617977,25.162092305064505,1.4674579645707864,0.14367831149332388,8.477307077290968
7.676,1487832719280,,,,,,,2017-02-23 06:51:59.280,7.649123735403245,25.162092305064505,1.3894742412419472,0.11798355579699522,8.477307077290968
9.227,1487832729480,,,,,,,2017-02-23 06:52:09.480,7.6599790315901055,25.174853163031596,1.3959874189540633,0.12005199086640864,8.475520557175576
7.83,1487832734512,,,,,,,2017-02-23 06:52:14.512,8.371559883480538,25.174853163031596,1.8229359300883228,0.28648529778820914,8.475520557175576
10.464,1487832739673,,,,,,,2017-02-23 06:52:19.673,8.318580868289608,25.174853163031596,1.7911485209737648,0.2720003876215987,8.475520557175576
9.688,1487832744670,,,,,,,2017-02-23 06:52:24.670,7.5775191478267585,25.174853163031596,1.3465114886960552,0.10469384652298969,8.475520557175576
10.003,1487832765081,,,,,,,2017-02-23 06:52:45.081,8.39196206492157,25.174853163031596,1.8351772389529417,0.29215325468205905,8.475520557175576
6.724,1487832785470,,,,,,,2017-02-23 06:53:05.470,8.199263355541083,25.18760117276724,1.7195580133246497,0.24061145157722083,8.473735835812585
9.688,1487832790582,,,,,,,2017-02-23 06:53:10.582,8.244212138587919,25.18760117276724,1.7465272831527514,0.25223559027041836,8.473735835812585
9.535,1487832795682,,,,,,,2017-02-23 06:53:15.682,7.506632681588733,25.18760117276724,1.3039796089532396,0.09214346078116549,8.473735835812585
7.115,1487832805882,,,,,,,2017-02-23 06:53:25.882,7.831893441298296,25.18760117276724,1.4991360647789773,0.1546948672859164,8.473735835812585
9.381,1487832816062,,,,,,,2017-02-23 06:53:36.062,7.830262674184374,25.18760117276724,1.4981576045106246,0.15434958599727727,8.473735835812585
7.676,1487832821152,,,,,,,2017-02-23 06:53:41.152,7.728080064675756,25.18760117276724,1.4368480388054534,0.1333510020783798,8.473735835812585
7.115,1487832826242,,,,,,,2017-02-23 06:53:46.242,7.63117929742939,25.18760117276724,1.378707578457634,0.11459531964229917,8.473735835812585
7.154,1487832831353,,,,,,,2017-02-23 06:53:51.353,7.599390515039951,25.18760117276724,1.3596343090239704,0.10868787705566593,8.473735835812585
6.9,1487832836402,,,,,,,2017-02-23 06:53:56.402,8.296150326579024,25.18760117276724,1.7776901959474145,0.2659691767223054,8.473735835812585
7.223,1487832856842,,,,,,,2017-02-23 06:54:16.842,7.553981543779236,25.200336091567717,1.3323889262675417,0.100459665954156,8.471952947180519
7.208,1487832867062,,,,,,,2017-02-23 06:54:27.062,7.603732949802568,25.200336091567717,1.362239769881541,0.10948769885852626,8.471952947180519
9.381,1487832877232,,,,,,,2017-02-23 06:54:37.232,7.758034486993632,25.200336091567717,1.4548206921961795,0.1393768395515888,8.471952947180519
7.377,1487832887382,,,,,,,2017-02-23 06:54:47.382,7.912052470752477,25.200336091567717,1.5472314824514863,0.17206025928861934,8.471952947180519
7.108,1487832897573,,,,,,,2017-02-23 06:54:57.573,7.690878805239886,25.200336091567717,1.4145272831439315,0.12601723759864877,8.471952947180519
7.676,1487832902682,,,,,,,2017-02-23 06:55:02.682,7.9261044829206355,25.21305767697852,1.5556626897523813,0.17518387288425308,8.470171925223006
7.83,1487832907772,,,,,,,2017-02-23 06:55:07.772,7.669237314151977,25.21305767697852,1.4015423884911864,0.1218272941442226,8.470171925223006
6.931,1487832912862,,,,,,,2017-02-23 06:55:12.862,8.33379629779986,25.21305767697852,1.8002777786799165,0.27612593919506134,8.470171925223006
7.676,1487832917982,,,,,,,2017-02-23 06:55:17.982,8.391259303054847,25.21305767697852,1.834755581832908,0.29195718884234234,8.470171925223006
7.83,1487832923081,,,,,,,2017-02-23 06:55:23.081,7.870637798567357,25.21305767697852,1.522382679140414,0.16299204401719675,8.470171925223006
9.381,1487832928242,,,,,,,2017-02-23 06:55:28.242,8.107961230944282,25.21305767697852,1.664776738566569,0.2177463432222937,8.470171925223006
7.668,1487832933371,,,,,,,2017-02-23 06:55:33.371,7.6313471822734105,25.21305767697852,1.3788083093640462,0.11462684028849648,8.470171925223006
7.676,1487832938481,,,,,,,2017-02-23 06:55:38.481,8.175204787095325,25.21305767697852,1.7051228722571947,0.23448931365138242,8.470171925223006
7.676,1487832943581,,,,,,,2017-02-23 06:55:43.581,8.327223512435454,25.21305767697852,1.7963341074612724,0.2743403685104611,8.470171925223006
9.227,1487832958860,,,,,,,2017-02-23 06:55:58.860,8.334171257655482,25.21305767697852,1.8005027545932895,0.2762279575426547,8.470171925223006
9.227,1487832963910,,,,,,,2017-02-23 06:56:03.910,7.583498281548544,25.225765686799004,1.3500989689291265,0.1057800222076432,8.468392803848138
10.157,1487832969072,,,,,,,2017-02-23 06:56:09.072,7.635901017415447,25.225765686799004,1.3815406104492685,0.11548312018753018,8.468392803848138
6.908,1487832974051,,,,,,,2017-02-23 06:56:14.051,8.322871867391301,25.225765686799004,1.7937231204347808,0.2731610477999466,8.468392803848138
9.381,1487832979160,,,,,,,2017-02-23 06:56:19.160,7.707874738768535,25.225765686799004,1.4247248432611208,0.12934716948927316,8.468392803848138
7.522,1487832989391,,,,,,,2017-02-23 06:56:29.391,7.88736344223477,25.225765686799004,1.5324180653408621,0.1666295382471787,8.468392803848138
6.9,1487832994481,,,,,,,2017-02-23 06:56:34.481,7.965655630561279,25.225765686799004,1.5793933783367673,0.1841028784329453,8.468392803848138
6.908,1487832999551,,,,,,,2017-02-23 06:56:39.551,7.908381297587627,25.225765686799004,1.545028778552576,0.17124810023823306,8.468392803848138
7.499,1487833004690,,,,,,,2017-02-23 06:56:44.690,7.621673320119561,25.225765686799004,1.3730039920717363,0.11281607487029943,8.468392803848138
6.916,1487833009791,,,,,,,2017-02-23 06:56:49.791,7.650110756849772,25.225765686799004,1.390066454109863,0.11817104453748146,8.468392803848138
10.157,1487833014880,,,,,,,2017-02-23 06:56:54.880,8.305237995625625,25.225765686799004,1.7831427973753748,0.26840542902355785,8.468392803848138
7.522,1487833020173,,,,,,,2017-02-23 06:57:00.173,8.31587728234872,25.238459879086978,1.7895263694092325,0.2712702369551441,8.466615616927822
6.647,1487833025263,,,,,,,2017-02-23 06:57:05.263,8.35845113119802,25.238459879086978,1.815070678718812,0.2828698952453691,8.466615616927822
6.931,1487833030370,,,,,,,2017-02-23 06:57:10.370,7.504363435822301,25.238459879086978,1.3026180614933804,0.09175165333576624,8.466615616927822
6.87,1487833035461,,,,,,,2017-02-23 06:57:15.461,7.5270574797018925,25.238459879086978,1.3162344878211356,0.09569781294119463,8.466615616927822
7.33,1487833040582,,,,,,,2017-02-23 06:57:20.582,7.56188519335164,25.238459879086978,1.3371311160109838,0.10187403988585224,8.466615616927822
7.676,1487833050751,,,,,,,2017-02-23 06:57:30.751,7.525099691172048,25.238459879086978,1.3150598147032286,0.09535494655140814,8.466615616927822
8.912,1487833055862,,,,,,,2017-02-23 06:57:35.862,7.969627010672524,25.238459879086978,1.5817762064035144,0.1850088175848668,8.466615616927822
7.208,1487833060951,,,,,,,2017-02-23 06:57:40.951,7.605361999580315,25.238459879086978,1.3632171997481888,0.10978833298514788,8.466615616927822
7.085,1487833066042,,,,,,,2017-02-23 06:57:46.042,7.657275287427624,25.238459879086978,1.3943651724565744,0.11953548039967787,8.466615616927822
7.085,1487833071092,,,,,,,2017-02-23 06:57:51.092,8.079426030570353,25.238459879086978,1.647655618342212,0.21080534875225168,8.466615616927822
7.983,1487833076262,,,,,,,2017-02-23 06:57:56.262,8.382401203510014,25.238459879086978,1.8294407221060083,0.2894909200410777,8.466615616927822
7.154,1487833081352,,,,,,,2017-02-23 06:58:01.352,7.922093694276391,25.251140012163326,1.5532562165658348,0.17428990062041283,8.464840398297135
7.215,1487833086402,,,,,,,2017-02-23 06:58:06.402,8.05429325741628,25.251140012163326,1.6325759544497678,0.20477290118862915,8.464840398297135
9.227,1487833096572,,,,,,,2017-02-23 06:58:16.572,7.601933355025295,25.251140012163326,1.361160013015177,0.10915596159635355,8.464840398297135
7.991,1487833106772,,,,,,,2017-02-23 06:58:26.772,7.620197858089896,25.251140012163326,1.3721187148539378,0.11254088309682608,8.464840398297135
7.676,1487833111892,,,,,,,2017-02-23 06:58:31.892,8.26356131775908,25.251140012163326,1.7581367906554481,0.2573140998132408,8.464840398297135
8.145,1487833117042,,,,,,,2017-02-23 06:58:37.042,7.513555718848438,25.251140012163326,1.3081334313090627,0.09334260909274118,8.464840398297135
8.145,1487833127241,,,,,,,2017-02-23 06:58:47.241,8.05882186736194,25.251140012163326,1.6352931204171641,0.20585427395276693,8.464840398297135
7.223,1487833137372,,,,,,,2017-02-23 06:58:57.372,7.82124473901304,25.251140012163326,1.4927468434078242,0.1524459860508563,8.464840398297135
7.492,1487833142471,,,,,,,2017-02-23 06:59:02.471,7.858546867138621,25.263805844616584,1.5151281202831726,0.16038341250393803,8.463067181753678
7.561,1487833147553,,,,,,,2017-02-23 06:59:07.553,8.354175062345371,25.263805844616584,1.8125050374072227,0.281695012951367,8.463067181753678
6.962,1487833152662,,,,,,,2017-02-23 06:59:12.662,7.704626514920462,25.263805844616584,1.4227759089522771,0.12870808120282912,8.463067181753678
7.676,1487833157783,,,,,,,2017-02-23 06:59:17.783,7.677858226349787,25.263805844616584,1.4067149358098725,0.12348962785298098,8.463067181753678
6.954,1487833168042,,,,,,,2017-02-23 06:59:28.042,7.807284087324554,25.263805844616584,1.4843704523947323,0.14951827363919631,8.463067181753678
7.039,1487833178172,,,,,,,2017-02-23 06:59:38.172,8.015496969056693,25.263805844616584,1.609298181434016,0.1956097061841495,8.463067181753678
7.83,1487833183272,,,,,,,2017-02-23 06:59:43.272,8.074761777705458,25.263805844616584,1.6448570666232747,0.20968009183200703,8.463067181753678
7.069,1487833188383,,,,,,,2017-02-23 06:59:48.383,8.028855684157593,25.263805844616584,1.6173134104945557,0.19874447775505372,8.463067181753678
7.092,1487833193472,,,,,,,2017-02-23 06:59:53.472,8.124468532972227,25.263805844616584,1.6746811197833358,0.22180624459157205,8.463067181753678
7.277,1487833198552,,,,,,,2017-02-23 06:59:58.552,7.930655384946159,25.263805844616584,1.5583932309676953,0.17620056984572685,8.463067181753678
7.983,1487833203772,,,,,,,2017-02-23 07:00:03.772,7.772284312688872,25.276457135307563,1.4633705876133232,0.1422812265986731,8.46129600105694
7.522,1487833219101,,,,,,,2017-02-23 07:00:19.101,8.058928656042804,25.276457135307563,1.6353571936256823,0.20587980339211118,8.46129600105694
6.862,1487833224190,,,,,,,2017-02-23 07:00:24.190,7.92052807637241,25.276457135307563,1.5523168458234458,0.17394146091710325,8.46129600105694
6.962,1487833229292,,,,,,,2017-02-23 07:00:29.292,7.97322619018839,25.276457135307563,1.583935714113034,0.18583148633721616,8.46129600105694
6.993,1487833234391,,,,,,,2017-02-23 07:00:34.391,7.726733548092383,25.276457135307563,1.43604012885543,0.13308265638172362,8.46129600105694
7.192,1487833239480,,,,,,,2017-02-23 07:00:39.480,7.749326259018936,25.276457135307563,1.4495957554113617,0.13761393155743967,8.46129600105694
9.227,1487833244551,,,,,,,2017-02-23 07:00:44.551,7.586833557594499,25.276457135307563,1.3521001345566994,0.10638777590972487,8.46129600105694
9.849,1487833249692,,,,,,,2017-02-23 07:00:49.692,8.069139640662849,25.276457135307563,1.6414837843977093,0.2083272140284402,8.46129600105694
7.369,1487833254771,,,,,,,2017-02-23 07:00:54.771,8.296048432753262,25.276457135307563,1.7776290596519568,0.2659419168708964,8.46129600105694
6.954,1487833270003,,,,,,,2017-02-23 07:01:10.003,7.85111077918644,25.289093643373924,1.510666467511864,0.15878778077572225,8.45952688992765
6.778,1487833275091,,,,,,,2017-02-23 07:01:15.091,8.237402624637852,25.289093643373924,1.7424415747827111,0.25045900928707815,8.45952688992765
6.939,1487833280201,,,,,,,2017-02-23 07:01:20.201,7.857540763559392,25.289093643373924,1.514524458135635,0.1601671351886134,8.45952688992765
7.092,1487833290382,,,,,,,2017-02-23 07:01:30.382,8.288876680833173,25.289093643373924,1.7733260084999038,0.26402637415704766,8.45952688992765
7.522,1487833295431,,,,,,,2017-02-23 07:01:35.431,8.308804295830862,25.289093643373924,1.7852825774985175,0.26936420222017576,8.45952688992765
7.062,1487833300553,,,,,,,2017-02-23 07:01:40.553,8.354478235335037,25.289093643373924,1.8126869412010223,0.28177823975730315,8.45952688992765
6.954,1487833305622,,,,,,,2017-02-23 07:01:45.622,8.209504283787807,25.289093643373924,1.7257025702726838,0.24323851653429762,8.45952688992765
7.161,1487833310732,,,,,,,2017-02-23 07:01:50.732,7.719978760376686,25.289093643373924,1.4319872562260119,0.1317397860858019,8.45952688992765
7.83,1487833326052,,,,,,,2017-02-23 07:02:06.052,8.04053459548394,25.301715128234772,1.6243207572903642,0.201502609358137,8.457759882047132
7.83,1487833331173,,,,,,,2017-02-23 07:02:11.173,7.894100127782113,25.301715128234772,1.5364600766692678,0.16810411662159608,8.457759882047132
9.849,1487833341372,,,,,,,2017-02-23 07:02:21.372,7.857121284530985,25.301715128234772,1.5142727707185908,0.16007699765123304,8.457759882047132
7.584,1487833346553,,,,,,,2017-02-23 07:02:26.553,7.627761283968224,25.301715128234772,1.3766567703809343,0.11395431758340703,8.457759882047132
7.138,1487833351683,,,,,,,2017-02-23 07:02:31.683,7.606081474101553,25.301715128234772,1.363648884460932,0.10992121029432068,8.457759882047132
9.227,1487833356792,,,,,,,2017-02-23 07:02:36.792,7.8710866548653895,25.301715128234772,1.5226519929192337,0.1630892229619981,8.457759882047132
9.227,1487833361912,,,,,,,2017-02-23 07:02:41.912,8.291740489622782,25.301715128234772,1.7750442937736692,0.2647905443896059,8.457759882047132
7.622,1487833367053,,,,,,,2017-02-23 07:02:47.053,7.642893411155446,25.301715128234772,1.3857360466932673,0.116802778335835,8.457759882047132
9.688,1487833372142,,,,,,,2017-02-23 07:02:52.142,8.084129144386738,25.301715128234772,1.6504774866320426,0.2119426242738379,8.457759882047132
8.145,1487833377242,,,,,,,2017-02-23 07:02:57.242,8.094940868352984,25.301715128234772,1.65696452101179,0.2145671075669093,8.457759882047132
7.192,1487833382353,,,,,,,2017-02-23 07:03:02.353,7.680166393281276,25.31432134959522,1.4080998359687655,0.12393621540045846,8.455995011056668
7.83,1487833387481,,,,,,,2017-02-23 07:03:07.481,8.116694348948213,25.31432134959522,1.670016609368928,0.21989014322057232,8.455995011056668
9.227,1487833392552,,,,,,,2017-02-23 07:03:12.552,8.121786284910986,25.31432134959522,1.6730717709465912,0.22114433205089384,8.455995011056668
10.617,1487833397662,,,,,,,2017-02-23 07:03:17.662,8.191184807775354,25.31432134959522,1.7147108846652124,0.2385479732473281,8.455995011056668
7.062,1487833407852,,,,,,,2017-02-23 07:03:27.852,7.589668794705887,25.31432134959522,1.3538012768235324,0.10690546225405304,8.455995011056668
7.008,1487833412963,,,,,,,2017-02-23 07:03:32.963,7.532110448320041,25.31432134959522,1.3192662689920245,0.0965848619645259,8.455995011056668
7.085,1487833418074,,,,,,,2017-02-23 07:03:38.074,7.928969170750803,25.31432134959522,1.557381502450482,0.17582357033641607,8.455995011056668
7.83,1487833423152,,,,,,,2017-02-23 07:03:43.152,7.916793922308974,25.31432134959522,1.5500763533853845,0.17311158505756552,8.455995011056668
9.688,1487833428273,,,,,,,2017-02-23 07:03:48.273,7.945563986686793,25.31432134959522,1.5673383920120756,0.17954864168406207,8.455995011056668
10.779,1487833433373,,,,,,,2017-02-23 07:03:53.373,7.639844649188898,25.31432134959522,1.383906789513339,0.11622667121489648,8.455995011056668
7.476,1487833438662,,,,,,,2017-02-23 07:03:58.662,8.397582970591847,25.31432134959522,1.838549782355108,0.2937235822875867,8.455995011056668
6.977,1487833443772,,,,,,,2017-02-23 07:04:03.772,8.26647829380475,25.326912067450998,1.7598869762828504,0.2580836050268476,8.45423231055686
9.227,1487833448873,,,,,,,2017-02-23 07:04:08.873,8.184990285437914,25.326912067450998,1.7109941712627483,0.23697103056398014,8.45423231055686
7.83,1487833453921,,,,,,,2017-02-23 07:04:13.921,7.7755747267796576,25.326912067450998,1.4653448360677945,0.14295533880848207,8.45423231055686
10.003,1487833459003,,,,,,,2017-02-23 07:04:19.003,8.154621727799523,25.326912067450998,1.6927730366797133,0.2293067135719518,8.45423231055686
6.724,1487833469200,,,,,,,2017-02-23 07:04:29.200,7.796033718727962,25.326912067450998,1.4776202312367772,0.14717595737864383,8.45423231055686
6.923,1487833474303,,,,,,,2017-02-23 07:04:34.303,8.184738457831836,25.326912067450998,1.7108430746991015,0.23690702008511105,8.45423231055686
9.227,1487833479401,,,,,,,2017-02-23 07:04:39.401,7.866761778459721,25.326912067450998,1.5200570670758324,0.16215387802340825,8.45423231055686
6.985,1487833484491,,,,,,,2017-02-23 07:04:44.491,7.774314470939885,25.326912067450998,1.464588682563931,0.14269699473968195,8.45423231055686
6.839,1487833489591,,,,,,,2017-02-23 07:04:49.591,7.7753796054859174,25.326912067450998,1.4652277632915505,0.14291532777063257,8.45423231055686
6.731,1487833509981,,,,,,,2017-02-23 07:05:09.981,8.010545599427969,25.339487042092976,1.6063273596567815,0.19445325164732655,8.452471814106982
6.847,1487833515001,,,,,,,2017-02-23 07:05:15.001,7.925371242572469,25.339487042092976,1.5552227455434813,0.17502029536292343,8.452471814106982
6.801,1487833520180,,,,,,,2017-02-23 07:05:20.180,8.02017395302313,25.339487042092976,1.6121043718138783,0.19670477640420106,8.452471814106982
7.83,1487833530393,,,,,,,2017-02-23 07:05:30.393,7.558391739922977,25.339487042092976,1.3350350439537864,0.10124795498422608,8.452471814106982
6.701,1487833535480,,,,,,,2017-02-23 07:05:35.480,8.090388507433538,25.339487042092976,1.6542331044601226,0.21346033866114453,8.452471814106982
7.983,1487833545673,,,,,,,2017-02-23 07:05:45.673,7.710571019595611,25.339487042092976,1.4263426117573668,0.12987862462805724,8.452471814106982
6.939,1487833550762,,,,,,,2017-02-23 07:05:50.762,8.299905112669382,25.339487042092976,1.7799430676016292,0.26697457073561076,8.452471814106982
7.138,1487833560983,,,,,,,2017-02-23 07:06:00.983,7.509881307443032,25.35204603411177,1.3059287844658192,0.09270544329440852,8.450713555224352
7.039,1487833571182,,,,,,,2017-02-23 07:06:11.182,7.659170235140721,25.35204603411177,1.3955021410844324,0.1198973902694891,8.450713555224352
10.464,1487833576272,,,,,,,2017-02-23 07:06:16.272,8.10289725138605,25.35204603411177,1.6617383508316301,0.21650743298213193,8.450713555224352
8.137,1487833591582,,,,,,,2017-02-23 07:06:31.582,8.100126093017478,25.35204603411177,1.6600756558104866,0.2158307676502315,8.450713555224352
10.464,1487833596673,,,,,,,2017-02-23 07:06:36.673,8.170113657980995,25.35204603411177,1.702068194788597,0.2332026880494913,8.450713555224352
7.983,1487833601762,,,,,,,2017-02-23 07:06:41.762,8.307908871746847,25.35204603411177,1.7847453230481078,0.26912333064329336,8.450713555224352
8.145,1487833606862,,,,,,,2017-02-23 07:06:46.862,8.271102787095309,25.35204603411177,1.7626616722571853,0.25930564987636234,8.450713555224352
10.617,1487833611973,,,,,,,2017-02-23 07:06:51.973,8.20264071965693,25.35204603411177,1.7215844317941582,0.24147644263619253,8.450713555224352
7.223,1487833617182,,,,,,,2017-02-23 07:06:57.182,8.08411261145017,25.35204603411177,1.6504675668701019,0.21193862174073747,8.450713555224352
9.381,1487833627363,,,,,,,2017-02-23 07:07:07.363,7.549310919718117,25.364588804402267,1.3295865518308703,0.09962737219972294,8.448957567383681
7.676,1487833632452,,,,,,,2017-02-23 07:07:12.452,7.712743616230988,25.364588804402267,1.4276461697385927,0.13030749276655218,8.448957567383681
8.145,1487833637492,,,,,,,2017-02-23 07:07:17.492,8.26827212101122,25.364588804402267,1.7609632726067321,0.25855732792931463,8.448957567383681
7.83,1487833652852,,,,,,,2017-02-23 07:07:32.852,8.246226250921948,25.364588804402267,1.747735750553169,0.2527621322124767,8.448957567383681
7.2,1487833657892,,,,,,,2017-02-23 07:07:37.892,8.093051850611236,25.364588804402267,1.6558311103667414,0.21410754815593722,8.448957567383681
10.31,1487833673242,,,,,,,2017-02-23 07:07:53.242,7.870031759345785,25.364588804402267,1.5220190556074713,0.16286087278294734,8.448957567383681
7.108,1487833678363,,,,,,,2017-02-23 07:07:58.363,7.870282217512016,25.364588804402267,1.5221693305072095,0.1629150766484037,8.448957567383681
8.759,1487833683452,,,,,,,2017-02-23 07:08:03.452,8.222586219477249,25.37711511416821,1.7335517316863491,0.24661268042479212,8.44720388401645
7.83,1487833698693,,,,,,,2017-02-23 07:08:18.693,8.396248926838048,25.37711511416821,1.8377493561028286,0.2933505437476454,8.44720388401645
9.381,1487833703874,,,,,,,2017-02-23 07:08:23.874,7.7433352968060465,25.37711511416821,1.446001178083628,0.1364063950509412,8.44720388401645
9.381,1487833714091,,,,,,,2017-02-23 07:08:34.091,8.121093710416243,25.37711511416821,1.672656226249746,0.22097356201871085,8.44720388401645
7.676,1487833724243,,,,,,,2017-02-23 07:08:44.243,8.176017421103225,25.37711511416821,1.7056104526619351,0.23469496964785802,8.44720388401645
6.931,1487833729381,,,,,,,2017-02-23 07:08:49.381,8.393067897319359,25.37711511416821,1.835840738391615,0.29246189449227494,8.44720388401645
10.157,1487833739644,,,,,,,2017-02-23 07:08:59.644,8.304190383006294,25.37711511416821,1.782514229803776,0.26812407620427103,8.44720388401645
9.688,1487833744691,,,,,,,2017-02-23 07:09:04.691,7.605216127420654,25.389624724926712,1.3631296764523924,0.10976139992451645,8.44545253851026
6.678,1487833749771,,,,,,,2017-02-23 07:09:09.771,7.776971247425831,25.389624724926712,1.4661827484554983,0.1432418388712801,8.44545253851026
6.708,1487833754873,,,,,,,2017-02-23 07:09:14.873,8.17596357719843,25.389624724926712,1.7055781463190582,0.234681340740064,8.44545253851026
6.808,1487833759980,,,,,,,2017-02-23 07:09:19.980,8.008382500976825,25.389624724926712,1.6050295005860953,0.19394895620598113,8.44545253851026
7.83,1487833765001,,,,,,,2017-02-23 07:09:25.001,7.691821406292172,25.389624724926712,1.4150928437753034,0.12620100899696804,8.44545253851026
10.003,1487833770113,,,,,,,2017-02-23 07:09:30.113,7.7008448227559665,25.389624724926712,1.4205068936535798,0.12796562808369877,8.44545253851026
8.912,1487833775201,,,,,,,2017-02-23 07:09:35.201,8.030664547771424,25.389624724926712,1.6183987286628545,0.19917059395237202,8.44545253851026
6.885,1487833785373,,,,,,,2017-02-23 07:09:45.373,8.093792131547662,25.389624724926712,1.6562752789285973,0.21428759235547287,8.44545253851026
7.676,1487833805852,,,,,,,2017-02-23 07:10:05.852,8.081950651042929,25.402117398512818,1.6491703906257573,0.2114155055943411,8.443703564208205
7.83,1487833810952,,,,,,,2017-02-23 07:10:10.952,8.196837057185206,25.402117398512818,1.7181022343111239,0.2399908868918478,8.443703564208205
8.145,1487833836383,,,,,,,2017-02-23 07:10:36.383,8.138508414910493,25.402117398512818,1.683105048946296,0.22528502711929554,8.443703564208205
7.223,1487833846562,,,,,,,2017-02-23 07:10:46.562,7.868099087489328,25.402117398512818,1.5208594524935966,0.16244285934079292,8.443703564208205
7.261,1487833861852,,,,,,,2017-02-23 07:11:01.852,7.697356090080829,25.41459289708403,1.4184136540484975,0.12728221307142215,8.441956994408235
9.381,1487833866943,,,,,,,2017-02-23 07:11:06.943,7.782406513867872,25.41459289708403,1.4694439083207231,0.14435912672977422,8.441956994408235
9.849,1487833877162,,,,,,,2017-02-23 07:11:17.162,8.137108941950203,25.41459289708403,1.6822653651701216,0.22493720625020933,8.441956994408235
7.077,1487833882253,,,,,,,2017-02-23 07:11:22.253,8.049134612107474,25.41459289708403,1.6294807672644847,0.2035440826153512,8.441956994408235
7.115,1487833887362,,,,,,,2017-02-23 07:11:27.362,8.278697990557744,25.41459289708403,1.7672187943346462,0.26131828800585194,8.441956994408235
7.33,1487833892452,,,,,,,2017-02-23 07:11:32.452,8.235079570841737,25.41459289708403,1.7410477425050424,0.2498542047129112,8.441956994408235
9.849,1487833902652,,,,,,,2017-02-23 07:11:42.652,8.121233139002468,25.41459289708403,1.6727398834014808,0.22100793668811616,8.441956994408235
7.185,1487833917983,,,,,,,2017-02-23 07:11:57.983,7.999629028237655,25.41459289708403,1.5997774169425933,0.19191394280833898,8.441956994408235
9.849,1487833923063,,,,,,,2017-02-23 07:12:03.063,7.745965925443221,25.427050983124843,1.4475795552659325,0.1369360933649824,8.440212862362522
8.759,1487833928182,,,,,,,2017-02-23 07:12:08.182,7.648623493997316,25.427050983124843,1.3891740963983894,0.1178885775456165,8.440212862362522
7.592,1487833938364,,,,,,,2017-02-23 07:12:18.364,8.05494868744484,25.427050983124843,1.6329692124669042,0.20492925698231756,8.440212862362522
10.157,1487833943462,,,,,,,2017-02-23 07:12:23.462,8.309077147100712,25.427050983124843,1.7854462882604274,0.2694376190989602,8.440212862362522
7.231,1487833958713,,,,,,,2017-02-23 07:12:38.713,8.127885230697906,25.427050983124843,1.6767311384187438,0.22265065145575363,8.440212862362522
6.862,1487833968971,,,,,,,2017-02-23 07:12:48.971,7.730228160943949,25.427050983124843,1.4381368965663694,0.13377954404785722,8.440212862362522
6.67,1487833974072,,,,,,,2017-02-23 07:12:54.072,8.266580191511004,25.427050983124843,1.759948114906602,0.2581105043409155,8.440212862362522
7.83,1487833984201,,,,,,,2017-02-23 07:13:04.201,8.326797989878134,25.439491419451247,1.7960787939268803,0.2742249492230304,8.438471201276824
6.87,1487833989381,,,,,,,2017-02-23 07:13:09.381,7.793658014315212,25.439491419451247,1.4761948085891272,0.14668328022450966,8.438471201276824
6.969,1487834004603,,,,,,,2017-02-23 07:13:24.603,7.941857280571534,25.439491419451247,1.56511436834292,0.17871372364194807,8.438471201276824
10.003,1487834009750,,,,,,,2017-02-23 07:13:29.750,7.88430284952816,25.439491419451247,1.5305817097168957,0.16596141092817127,8.438471201276824
9.227,1487834024982,,,,,,,2017-02-23 07:13:44.982,8.09639259505906,25.439491419451247,1.6578355570354357,0.21492057399663503,8.438471201276824
6.778,1487834040293,,,,,,,2017-02-23 07:14:00.293,7.5183206462431755,25.451913969215276,1.3109923877459053,0.09417128991855225,8.43673204430986
6.701,1487834045314,,,,,,,2017-02-23 07:14:05.314,7.833685376014275,25.451913969215276,1.500211225608565,0.1550746404844026,8.43673204430986
7.353,1487834050402,,,,,,,2017-02-23 07:14:10.402,7.601577363984272,25.451913969215276,1.360946418390563,0.10909038425773436,8.43673204430986
9.688,1487834060563,,,,,,,2017-02-23 07:14:20.563,8.33838066251651,25.451913969215276,1.803028397509906,0.2773744020697371,8.43673204430986
7.346,1487834076052,,,,,,,2017-02-23 07:14:36.052,7.794220141427613,25.451913969215276,1.4765320848565677,0.1467997938228505,8.43673204430986
9.381,1487834081094,,,,,,,2017-02-23 07:14:41.094,7.505527379889866,25.451913969215276,1.3033164279339196,0.09195254245676379,8.43673204430986
9.688,1487834086253,,,,,,,2017-02-23 07:14:46.253,7.5202534876879055,25.451913969215276,1.3121520926127432,0.09450821210813119,8.43673204430986
7.983,1487834096457,,,,,,,2017-02-23 07:14:56.457,8.137757808776216,25.451913969215276,1.6826546852657298,0.2250984444688117,8.43673204430986
10.617,1487834101562,,,,,,,2017-02-23 07:15:01.562,8.235353465516884,25.464318395909483,1.74121207931013,0.2499254792237654,8.434995424572671
6.946,1487834106642,,,,,,,2017-02-23 07:15:06.642,7.545168160433871,25.464318395909483,1.3271008962603226,0.0988913333576446,8.434995424572671
8.759,1487834111739,,,,,,,2017-02-23 07:15:11.739,8.259510748758554,25.464318395909483,1.7557064492551326,0.2562472434352582,8.434995424572671
10.779,1487834116786,,,,,,,2017-02-23 07:15:16.786,7.970442603927188,25.464318395909483,1.5822655623563127,0.18519510249086385,8.434995424572671
7.83,1487834121925,,,,,,,2017-02-23 07:15:21.925,7.64649855876934,25.464318395909483,1.3878991352616041,0.11748546177161619,8.434995424572671
10.31,1487834126992,,,,,,,2017-02-23 07:15:26.992,7.569925165193174,25.464318395909483,1.3419550991159046,0.10332050013686354,8.434995424572671
10.31,1487834132091,,,,,,,2017-02-23 07:15:32.091,7.5552906878891575,25.464318395909483,1.3331744127334946,0.10069342192697048,8.434995424572671
7.123,1487834142296,,,,,,,2017-02-23 07:15:42.296,7.644509861603991,25.464318395909483,1.3867059169623945,0.11710868220193475,8.434995424572671
7.039,1487834152555,,,,,,,2017-02-23 07:15:52.555,7.743716494760756,25.464318395909483,1.4462298968564535,0.1364831008879582,8.434995424572671
7.361,1487834157648,,,,,,,2017-02-23 07:15:57.648,8.203449244192532,25.464318395909483,1.7220695465155191,0.2416837203504182,8.434995424572671
9.535,1487834162747,,,,,,,2017-02-23 07:16:02.747,7.88045529804948,25.47670446337147,1.528273178829688,0.16512308529334566,8.433261375127994
7.177,1487834167782,,,,,,,2017-02-23 07:16:07.782,7.755899904464078,25.47670446337147,1.453539942678447,0.13894386923410493,8.433261375127994
7.3,1487834177985,,,,,,,2017-02-23 07:16:17.985,7.64994240900115,25.47670446337147,1.3899654454006898,0.11813905790922183,8.433261375127994
7.822,1487834188168,,,,,,,2017-02-23 07:16:28.168,7.588542004044392,25.47670446337147,1.3531252024266351,0.10669960588444723,8.433261375127994
8.145,1487834193255,,,,,,,2017-02-23 07:16:33.255,7.942993697351004,25.47670446337147,1.5657962184106022,0.17896952089793547,8.433261375127994
7.215,1487834198359,,,,,,,2017-02-23 07:16:38.359,7.608806820513583,25.47670446337147,1.3652840923081497,0.11042510857975275,8.433261375127994
7.085,1487834208537,,,,,,,2017-02-23 07:16:48.537,7.846699007933125,25.47670446337147,1.5080194047598752,0.15784424149060636,8.433261375127994
7.277,1487834213654,,,,,,,2017-02-23 07:16:53.654,7.937251139977986,25.47670446337147,1.5623506839867918,0.17767850964093657,8.433261375127994
7.83,1487834218774,,,,,,,2017-02-23 07:16:58.774,7.6564643334406846,25.47670446337147,1.3938786000644108,0.11938073061014003,8.433261375127994
7.522,1487834223902,,,,,,,2017-02-23 07:17:03.902,8.236757445299332,25.48907193578836,1.7420544671795994,0.2502909725837251,8.43152992898963
7.123,1487834228982,,,,,,,2017-02-23 07:17:08.982,7.879322372456243,25.48907193578836,1.5275934234737458,0.16487657579722376,8.43152992898963
6.87,1487834234050,,,,,,,2017-02-23 07:17:14.050,7.690088593826659,25.48907193578836,1.4140531562959955,0.1258632585483652,8.43152992898963
6.877,1487834244297,,,,,,,2017-02-23 07:17:24.297,7.715894949430226,25.48907193578836,1.4295369696581353,0.13093056905336758,8.43152992898963
10.157,1487834249416,,,,,,,2017-02-23 07:17:29.416,8.200970221810847,25.48907193578836,1.720582133086508,0.2410484332633986,8.43152992898963
9.227,1487834254514,,,,,,,2017-02-23 07:17:34.514,8.051085069146819,25.48907193578836,1.630651041488091,0.20400831709944603,8.43152992898963
7.676,1487834259604,,,,,,,2017-02-23 07:17:39.604,7.5107318588283505,25.48907193578836,1.3064391152970103,0.09285279008611098,8.43152992898963
6.708,1487834264694,,,,,,,2017-02-23 07:17:44.694,8.21663277912426,25.48907193578836,1.7299796674745564,0.2450745904162946,8.43152992898963
7.0,1487834269803,,,,,,,2017-02-23 07:17:49.803,8.281914508652813,25.48907193578836,1.7691487051916877,0.26217271341879,8.43152992898963
6.847,1487834274911,,,,,,,2017-02-23 07:17:54.911,7.699630015034483,25.48907193578836,1.4197780090206897,0.12772749116009113,8.43152992898963
6.801,1487834280007,,,,,,,2017-02-23 07:18:00.007,8.020244620994031,25.501420577701314,1.6121467725964187,0.19672134275136677,8.429801119121816
8.145,1487834285093,,,,,,,2017-02-23 07:18:05.093,8.308876065871777,25.501420577701314,1.7853256395230663,0.26938351272635785,8.429801119121816
6.685,1487834290184,,,,,,,2017-02-23 07:18:10.184,7.790065093837925,25.501420577701314,1.4740390563027552,0.14593946165991542,8.429801119121816
7.83,1487834305481,,,,,,,2017-02-23 07:18:25.481,8.135094778045156,25.501420577701314,1.6810568668270935,0.2244370244497804,8.429801119121816
10.464,1487834310595,,,,,,,2017-02-23 07:18:30.595,8.25946278489595,25.501420577701314,1.7556776709375699,0.2562346223006181,8.429801119121816
7.131,1487834315672,,,,,,,2017-02-23 07:18:35.672,7.904481796305143,25.501420577701314,1.542689077783086,0.1703872003770188,8.429801119121816
7.223,1487834320782,,,,,,,2017-02-23 07:18:40.782,7.764646163089098,25.501420577701314,1.4587876978534586,0.1407213955495917,8.429801119121816
8.298,1487834325878,,,,,,,2017-02-23 07:18:45.878,8.216962196227614,25.501420577701314,1.7301773177365685,0.2451595852003211,8.429801119121816
6.985,1487834330966,,,,,,,2017-02-23 07:18:50.966,8.338642168873918,25.501420577701314,1.8031853013243504,0.27744569429112675,8.429801119121816
7.983,1487834341147,,,,,,,2017-02-23 07:19:01.147,7.698972573595482,25.51375015400998,1.419383544157289,0.12759868776101543,8.428074978438602
7.085,1487834346184,,,,,,,2017-02-23 07:19:06.184,7.884259670375871,25.51375015400998,1.5305558022255228,0.1659519929612923,8.428074978438602
7.983,1487834351346,,,,,,,2017-02-23 07:19:11.346,8.277458397885376,25.51375015400998,1.7664750387312251,0.26098933806283425,8.428074978438602
10.157,1487834356482,,,,,,,2017-02-23 07:19:16.482,7.694902010780572,25.51375015400998,1.416941206468343,0.12680235348263696,8.428074978438602
10.31,1487834371744,,,,,,,2017-02-23 07:19:31.744,7.983316091370382,25.51375015400998,1.589989654822229,0.18814603436635827,8.428074978438602
7.53,1487834376786,,,,,,,2017-02-23 07:19:36.786,7.944464345037686,25.51375015400998,1.5666786070226117,0.17930078058706883,8.428074978438602
7.154,1487834381895,,,,,,,2017-02-23 07:19:41.895,7.6341056429380485,25.51375015400998,1.380463385762829,0.11514522999341399,8.428074978438602
7.83,1487834387058,,,,,,,2017-02-23 07:19:47.058,7.6092974293517965,25.51375015400998,1.3655784576110779,0.11051591353228365,8.428074978438602
7.83,1487834392168,,,,,,,2017-02-23 07:19:52.168,7.989200689445344,25.51375015400998,1.593520413667206,0.1895015574578271,8.428074978438602
10.617,1487834402384,,,,,,,2017-02-23 07:20:02.384,7.506801176953584,25.526060429977004,1.3040807061721502,0.09217257779649363,8.42635153980322
7.031,1487834417678,,,,,,,2017-02-23 07:20:17.678,7.861637577036206,25.526060429977004,1.516982546221724,0.1610485674777046,8.42635153980322
10.157,1487834422752,,,,,,,2017-02-23 07:20:22.752,8.029969520664404,25.526060429977004,1.6179817123986422,0.1990068191242729,8.42635153980322
8.452,1487834432965,,,,,,,2017-02-23 07:20:32.965,7.634341675318521,25.526060429977004,1.3806050051911127,0.11518962929842887,8.42635153980322
9.381,1487834443166,,,,,,,2017-02-23 07:20:43.166,8.373764516669565,25.526060429977004,1.8242587100017391,0.2870953627026132,8.42635153980322
7.261,1487834448277,,,,,,,2017-02-23 07:20:48.277,7.649022258079008,25.526060429977004,1.389413354847405,0.11796428639376744,8.42635153980322
8.298,1487834453356,,,,,,,2017-02-23 07:20:53.356,7.831156559746219,25.526060429977004,1.4986939358477316,0.15453880830012678,8.42635153980322
9.849,1487834458460,,,,,,,2017-02-23 07:20:58.460,7.6797886823451735,25.526060429977004,1.407873209407104,0.12386309158133468,8.42635153980322
7.83,1487834463496,,,,,,,2017-02-23 07:21:03.496,7.891933667697023,25.538351171232478,1.5351602006182137,0.16762931083635435,8.424630836027452
7.231,1487834468584,,,,,,,2017-02-23 07:21:08.584,8.097826247257409,25.538351171232478,1.6586957483544453,0.21526988784286688,8.424630836027452
7.983,1487834473697,,,,,,,2017-02-23 07:21:13.697,7.987695363929651,25.538351171232478,1.5926172183577907,0.18915440867580854,8.424630836027452
7.284,1487834478788,,,,,,,2017-02-23 07:21:18.788,8.005220315570948,25.538351171232478,1.6031321893425692,0.1932127483141397,8.424630836027452
6.754,1487834494097,,,,,,,2017-02-23 07:21:34.097,8.33136268637535,25.538351171232478,1.7988176118252097,0.27546421703439444,8.424630836027452
6.931,1487834504355,,,,,,,2017-02-23 07:21:44.355,7.925664491918994,25.538351171232478,1.5553986951513963,0.17508570819090627,8.424630836027452
6.908,1487834509410,,,,,,,2017-02-23 07:21:49.410,8.297548155002126,25.538351171232478,1.7785288930012753,0.2663432662332033,8.424630836027452
7.369,1487834519676,,,,,,,2017-02-23 07:21:59.676,7.911994774337297,25.538351171232478,1.5471968646023784,0.17204748283088958,8.424630836027452
7.208,1487834524721,,,,,,,2017-02-23 07:22:04.721,7.792997631998031,25.5506221437784,1.4757985791988188,0.14654644944504863,8.422912899871022
8.298,1487834529840,,,,,,,2017-02-23 07:22:09.840,8.162802897649772,25.5506221437784,1.6976817385898633,0.23136055926373691,8.422912899871022
10.157,1487834540101,,,,,,,2017-02-23 07:22:20.101,7.627245248754397,25.5506221437784,1.3763471492526382,0.11385766398559038,8.422912899871022
6.885,1487834550310,,,,,,,2017-02-23 07:22:30.310,8.103686019931626,25.5506221437784,1.6622116119589756,0.2167002040678929,8.422912899871022
7.277,1487834555397,,,,,,,2017-02-23 07:22:35.397,8.217162865310135,25.5506221437784,1.7302977191860807,0.24521136735613372,8.422912899871022
9.688,1487834560496,,,,,,,2017-02-23 07:22:40.496,8.386782890729611,25.5506221437784,1.8320697344377668,0.290709690922939,8.422912899871022
7.83,1487834565676,,,,,,,2017-02-23 07:22:45.676,7.6536604480684245,25.5506221437784,1.3921962688410547,0.11884628906580437,8.422912899871022
7.699,1487834570762,,,,,,,2017-02-23 07:22:50.762,7.742898151197105,25.5506221437784,1.445738890718263,0.13631845271720033,8.422912899871022
8.145,1487834586166,,,,,,,2017-02-23 07:23:06.166,8.33799091458745,25.56287311399315,1.8027945487524704,0.2772681636849083,8.421197764040958
7.292,1487834591244,,,,,,,2017-02-23 07:23:11.244,8.037454725379442,25.56287311399315,1.6224728352276654,0.2007736676752256,8.421197764040958
7.085,1487834601459,,,,,,,2017-02-23 07:23:21.459,7.879831747576308,25.56287311399315,1.5278990485457846,0.16498738997113727,8.421197764040958
8.759,1487834606496,,,,,,,2017-02-23 07:23:26.496,7.700730093766527,25.56287311399315,1.4204380562599161,0.1279431303604538,8.421197764040958
7.676,1487834616741,,,,,,,2017-02-23 07:23:36.741,8.12853500173071,25.56287311399315,1.6771210010384254,0.22281139520171936,8.421197764040958
7.069,1487834621832,,,,,,,2017-02-23 07:23:41.832,7.85143745716662,25.56287311399315,1.510862474299972,0.158857739810643,8.421197764040958
8.912,1487834627062,,,,,,,2017-02-23 07:23:47.062,7.716060167283046,25.56287311399315,1.4296361003698275,0.13096326852586654,8.421197764040958
10.617,1487834637182,,,,,,,2017-02-23 07:23:57.182,7.566053587254361,25.56287311399315,1.3396321523526165,0.10262300159110023,8.421197764040958
9.688,1487834642292,,,,,,,2017-02-23 07:24:02.292,7.817949364829055,25.5751038486359,1.4907696188974326,0.15175279866630934,8.419485461190973
10.31,1487834647452,,,,,,,2017-02-23 07:24:07.452,7.575223099469269,25.5751038486359,1.3451338596815612,0.10427788399034002,8.419485461190973
7.953,1487834667852,,,,,,,2017-02-23 07:24:27.852,7.649905608832868,25.5751038486359,1.3899433652997208,0.11813206621282649,8.419485461190973
10.003,1487834672961,,,,,,,2017-02-23 07:24:32.961,8.11475133617089,25.5751038486359,1.668850801702534,0.21941238214082684,8.419485461190973
8.145,1487834678052,,,,,,,2017-02-23 07:24:38.052,8.351089264866122,25.5751038486359,1.810653558919673,0.2808485297631943,8.419485461190973
7.2,1487834683141,,,,,,,2017-02-23 07:24:43.141,7.706944598705116,25.5751038486359,1.4241667592230693,0.1291640349932732,8.419485461190973
7.983,1487834688182,,,,,,,2017-02-23 07:24:48.182,7.995476878792809,25.5751038486359,1.5972861272756855,0.19095186339745907,8.419485461190973
7.2,1487834693272,,,,,,,2017-02-23 07:24:53.272,7.999940425626454,25.5751038486359,1.5999642553758722,0.1919861789582836,8.419485461190973
7.277,1487834708562,,,,,,,2017-02-23 07:25:08.562,7.731242626479442,25.587314114851104,1.438745575887665,0.13398212089253062,8.417776023920844
10.617,1487834718784,,,,,,,2017-02-23 07:25:18.784,7.502341487379148,25.587314114851104,1.3014048924274888,0.09140306478300227,8.417776023920844
7.83,1487834723890,,,,,,,2017-02-23 07:25:23.890,7.806260718564709,25.587314114851104,1.4837564311388254,0.14930458125727628,8.417776023920844
6.824,1487834728981,,,,,,,2017-02-23 07:25:28.981,8.198390274473327,25.587314114851104,1.7190341646839964,0.2403880657381481,8.417776023920844
6.693,1487834734100,,,,,,,2017-02-23 07:25:34.100,8.353936858959312,25.587314114851104,1.8123621153755871,0.2816296292863593,8.417776023920844
6.87,1487834739200,,,,,,,2017-02-23 07:25:39.200,7.783412530694402,25.587314114851104,1.4700475184166415,0.14456631503271355,8.417776023920844
9.227,1487834754570,,,,,,,2017-02-23 07:25:54.570,7.703370387411288,25.587314114851104,1.422022232446773,0.12846127750329067,8.417776023920844
7.369,1487834764781,,,,,,,2017-02-23 07:26:04.781,8.087976124055086,25.59950368017289,1.6527856744330514,0.21287484868500522,8.416069484775795
7.522,1487834769891,,,,,,,2017-02-23 07:26:09.891,7.7665284287210445,25.59950368017289,1.4599170572326268,0.1411051339390102,8.416069484775795
7.208,1487834775001,,,,,,,2017-02-23 07:26:15.001,7.874299957237827,25.59950368017289,1.5245799743426964,0.1637856201242007,8.416069484775795
7.83,1487834780111,,,,,,,2017-02-23 07:26:20.111,8.380820914737194,25.59950368017289,1.8284925488423167,0.2890519263651055,8.416069484775795
7.085,1487834785291,,,,,,,2017-02-23 07:26:25.291,7.6683137135636485,25.59950368017289,1.4009882281381891,0.1216497291033627,8.416069484775795
6.785,1487834790310,,,,,,,2017-02-23 07:26:30.310,8.005610886444504,25.59950368017289,1.6033665318667025,0.1933036145779266,8.416069484775795
6.931,1487834800441,,,,,,,2017-02-23 07:26:40.441,7.785937943018731,25.59950368017289,1.4715627658112387,0.14508695663468876,8.416069484775795
7.83,1487834805592,,,,,,,2017-02-23 07:26:45.592,7.9659793682563675,25.59950368017289,1.5795876209538204,0.18417665763853144,8.416069484775795
8.145,1487834815852,,,,,,,2017-02-23 07:26:55.852,7.737254301441209,25.59950368017289,1.4423525808647253,0.13518511606102931,8.416069484775795
7.269,1487834820961,,,,,,,2017-02-23 07:27:00.961,7.951287258493874,25.61167231252951,1.5707723550963244,0.18084101984168133,8.414365876245867
7.023,1487834831161,,,,,,,2017-02-23 07:27:11.161,7.695150895315817,25.61167231252951,1.4170905371894902,0.12685098631087444,8.414365876245867
7.169,1487834841362,,,,,,,2017-02-23 07:27:21.362,7.990945802355107,25.61167231252951,1.5945674814130641,0.18990434485608437,8.414365876245867
7.231,1487834846482,,,,,,,2017-02-23 07:27:26.482,8.264030564936812,25.61167231252951,1.758418338962087,0.2574378194185915,8.414365876245867
7.046,1487834856744,,,,,,,2017-02-23 07:27:36.744,7.987906758208963,25.61167231252951,1.5927440549253777,0.1892031426943004,8.414365876245867
9.381,1487834866988,,,,,,,2017-02-23 07:27:46.988,7.732886042928639,25.61167231252951,1.4397316257571835,0.13431055392318353,8.414365876245867
10.617,1487834872144,,,,,,,2017-02-23 07:27:52.144,8.232653096795831,25.61167231252951,1.7395918580774985,0.24922316626355423,8.414365876245867
7.522,1487834882347,,,,,,,2017-02-23 07:28:02.347,8.209542203308997,25.623819780247736,1.725725321985398,0.24324826726574267,8.412665230765317
10.31,1487834892567,,,,,,,2017-02-23 07:28:12.567,8.26082926693327,25.623819780247736,1.7564975601599615,0.2565943043178553,8.412665230765317
7.192,1487834897659,,,,,,,2017-02-23 07:28:17.659,8.334895949609695,25.623819780247736,1.800937569765817,0.27642517813334805,8.412665230765317
6.916,1487834902762,,,,,,,2017-02-23 07:28:22.762,7.569486179819176,25.623819780247736,1.3416917078915056,0.10324132268005004,8.412665230765317
7.039,1487834907872,,,,,,,2017-02-23 07:28:27.872,7.855688978967245,25.623819780247736,1.5134133873803468,0.1597693833678918,8.412665230765317
9.849,1487834912965,,,,,,,2017-02-23 07:28:32.965,7.549257327376993,25.623819780247736,1.3295543964261958,0.09961783736686225,8.412665230765317
7.983,1487834918067,,,,,,,2017-02-23 07:28:38.067,8.162224918704812,25.623819780247736,1.6973349512228872,0.23121519659444334,8.412665230765317
7.83,1487834933365,,,,,,,2017-02-23 07:28:53.365,7.834380081420648,25.623819780247736,1.500628048852389,0.1552219763354043,8.412665230765317
7.83,1487834949013,,,,,,,2017-02-23 07:29:09.013,7.6622171588538075,25.635945852057297,1.3973302953122846,0.12048021572045099,8.410967580711977
7.008,1487834954175,,,,,,,2017-02-23 07:29:14.175,7.63241274448033,25.635945852057297,1.3794476466881982,0.11482698014466561,8.410967580711977
9.381,1487834959205,,,,,,,2017-02-23 07:29:19.205,7.974140550456499,25.635945852057297,1.5844843302738996,0.18604073037374944,8.410967580711977
6.916,1487834964382,,,,,,,2017-02-23 07:29:24.382,8.308550615142401,25.635945852057297,1.7851303690854408,0.2692959516393224,8.410967580711977
6.939,1487834969495,,,,,,,2017-02-23 07:29:29.495,7.81189619962901,25.635945852057297,1.487137719777406,0.1504829006967709,8.410967580711977
8.605,1487834974605,,,,,,,2017-02-23 07:29:34.605,8.211204701916673,25.635945852057297,1.7267228211500036,0.24367593641137075,8.410967580711977
7.676,1487834979694,,,,,,,2017-02-23 07:29:39.694,7.836353037539467,25.635945852057297,1.5018118225236803,0.15564072440850998,8.410967580711977
7.522,1487834989963,,,,,,,2017-02-23 07:29:49.963,8.035598295145784,25.635945852057297,1.6213589770874701,0.20033483879085898,8.410967580711977
10.31,1487835010380,,,,,,,2017-02-23 07:30:10.380,8.244598749558792,25.64805029709527,1.746759249735275,0.2523366227947832,8.409272958406662
6.916,1487835015400,,,,,,,2017-02-23 07:30:15.400,7.820354630473366,25.64805029709527,1.4922127782840195,0.15225862179736255,8.409272958406662
9.227,1487835020542,,,,,,,2017-02-23 07:30:20.542,8.267473115089686,25.64805029709527,1.7604838690538116,0.25834627473855404,8.409272958406662
7.369,1487835025632,,,,,,,2017-02-23 07:30:25.632,7.796647601829223,25.64805029709527,1.4779885610975338,0.14730337549488812,8.409272958406662
7.092,1487835030772,,,,,,,2017-02-23 07:30:30.772,7.6004658970159715,25.64805029709527,1.360279538209583,0.10888573807454054,8.409272958406662
7.83,1487835035902,,,,,,,2017-02-23 07:30:35.902,8.182574127805914,25.64805029709527,1.7095444766835484,0.2363571963796175,8.409272958406662
7.062,1487835040992,,,,,,,2017-02-23 07:30:40.992,8.296585689540292,25.64805029709527,1.7779514137241752,0.26608566424775315,8.409272958406662
9.849,1487835051182,,,,,,,2017-02-23 07:30:51.182,8.382682476850954,25.64805029709527,1.8296094861105725,0.2895690873147483,8.409272958406662
7.569,1487835061362,,,,,,,2017-02-23 07:31:01.362,8.182281527803758,25.66013288491046,1.7093689166822545,0.23628290777318012,8.407581396112535
7.215,1487835066452,,,,,,,2017-02-23 07:31:06.452,7.854002661740207,25.66013288491046,1.512401597044124,0.1594075308904647,8.407581396112535
7.676,1487835076592,,,,,,,2017-02-23 07:31:16.592,7.916137984185498,25.66013288491046,1.5496827905112989,0.17296598259282392,8.407581396112535
7.584,1487835081672,,,,,,,2017-02-23 07:31:21.672,7.8222616276812085,25.66013288491046,1.4933569766087251,0.15266015336171238,8.407581396112535
7.83,1487835086762,,,,,,,2017-02-23 07:31:26.762,8.206649720830981,25.66013288491046,1.7239898324985887,0.242504981659959,8.407581396112535
8.145,1487835091872,,,,,,,2017-02-23 07:31:31.872,8.388559844696548,25.66013288491046,1.8331359068179287,0.2912046091442355,8.407581396112535
9.688,1487835096992,,,,,,,2017-02-23 07:31:36.992,7.979064751537107,25.66013288491046,1.5874388509222643,0.1871693194343011,8.407581396112535
8.145,1487835107207,,,,,,,2017-02-23 07:31:47.207,7.821985014790823,25.66013288491046,1.493191008874494,0.15260188352901244,8.407581396112535
7.138,1487835112252,,,,,,,2017-02-23 07:31:52.252,7.7347064412901485,25.66013288491046,1.4408238647740892,0.13467473471689073,8.407581396112535
7.261,1487835117292,,,,,,,2017-02-23 07:31:57.292,8.240175761936637,25.66013288491046,1.7441054571619823,0.2511818405666105,8.407581396112535
6.954,1487835122402,,,,,,,2017-02-23 07:32:02.402,7.732981685760757,25.67219338546782,1.4397890114564542,0.1343296779048457,8.405892926034504
7.83,1487835127562,,,,,,,2017-02-23 07:32:07.562,8.341300176930488,25.67219338546782,1.8047801061582929,0.27817078969424025,8.405892926034504
7.039,1487835132652,,,,,,,2017-02-23 07:32:12.652,8.206378058322226,25.67219338546782,1.7238268349933357,0.2424352237081676,8.405892926034504
7.192,1487835137772,,,,,,,2017-02-23 07:32:17.772,7.975510238200429,25.67219338546782,1.5853061429202575,0.18635436016847953,8.405892926034504
7.108,1487835147962,,,,,,,2017-02-23 07:32:27.962,8.017341644516367,25.67219338546782,1.6104049867098205,0.1960413054858692,8.405892926034504
9.688,1487835153052,,,,,,,2017-02-23 07:32:33.052,8.00436294475741,25.67219338546782,1.6026177668544461,0.1930133453009366,8.405892926034504
10.003,1487835158162,,,,,,,2017-02-23 07:32:38.162,8.243341219520985,25.67219338546782,1.746004731712591,0.2520080598759462,8.405892926034504
7.069,1487835168292,,,,,,,2017-02-23 07:32:48.292,8.198053599370416,25.67219338546782,1.7188321596222496,0.2403019487473512,8.405892926034504
10.779,1487835173382,,,,,,,2017-02-23 07:32:53.382,7.868867433065809,25.67219338546782,1.5213204598394854,0.1626089894779127,8.405892926034504
7.553,1487835178541,,,,,,,2017-02-23 07:32:58.541,8.234467070862786,25.67219338546782,1.7406802425176717,0.24969484887930496,8.405892926034504
7.83,1487835183582,,,,,,,2017-02-23 07:33:03.582,8.234421362205532,25.6842315691528,1.7406528173233196,0.24968295853518138,8.404207580318607
7.315,1487835193762,,,,,,,2017-02-23 07:33:13.762,7.9825657774577605,25.6842315691528,1.5895394664746563,0.18797349749713957,8.404207580318607
6.801,1487835203909,,,,,,,2017-02-23 07:33:23.909,7.5720369516966395,25.6842315691528,1.3432221710179837,0.10370171503640664,8.404207580318607
6.785,1487835219206,,,,,,,2017-02-23 07:33:39.206,7.964876080851054,25.6842315691528,1.5789256485106324,0.18392527213922746,8.404207580318607
6.747,1487835224315,,,,,,,2017-02-23 07:33:44.315,7.788485488358885,25.6842315691528,1.4730912930153313,0.14561293661734817,8.404207580318607
6.831,1487835229413,,,,,,,2017-02-23 07:33:49.413,7.831803576281051,25.6842315691528,1.4990821457686307,0.15467583191431453,8.404207580318607
8.452,1487835234506,,,,,,,2017-02-23 07:33:54.506,7.80458146863147,25.6842315691528,1.4827488811788823,0.1489542048666351,8.404207580318607
7.676,1487835239585,,,,,,,2017-02-23 07:33:59.585,8.057977527360721,25.6842315691528,1.6347865164164328,0.20565246996841918,8.404207580318607
7.676,1487835254809,,,,,,,2017-02-23 07:34:14.809,8.080916770619956,25.696247206775737,1.6485500623719733,0.21116554220988346,8.402525391051396
6.693,1487835259893,,,,,,,2017-02-23 07:34:19.893,8.25869384517648,25.696247206775737,1.7552163071058886,0.25603232241287516,8.402525391051396
10.31,1487835264984,,,,,,,2017-02-23 07:34:24.984,8.171490416179545,25.696247206775737,1.7028942497077266,0.23355031432414033,8.402525391051396
6.854,1487835270003,,,,,,,2017-02-23 07:34:30.003,7.923596907694935,25.696247206775737,1.554158144616961,0.17462472853605152,8.402525391051396
6.77,1487835275116,,,,,,,2017-02-23 07:34:35.116,8.266812288065124,25.696247206775737,1.7600873728390742,0.25817177865486146,8.402525391051396
10.157,1487835280203,,,,,,,2017-02-23 07:34:40.203,7.515258630603583,25.696247206775737,1.3091551783621498,0.09363845401229007,8.402525391051396
8.145,1487835285676,,,,,,,2017-02-23 07:34:45.676,8.11064221137237,25.696247206775737,1.6663853268234223,0.21840349497463207,8.402525391051396
7.561,1487835295875,,,,,,,2017-02-23 07:34:55.875,8.073704778485654,25.696247206775737,1.6442228670913923,0.20942545227096887,8.402525391051396
7.185,1487835300964,,,,,,,2017-02-23 07:35:00.964,8.06090658705294,25.708240069576213,1.6365439522317642,0.20635290493706845,8.400846390259328
7.169,1487835306079,,,,,,,2017-02-23 07:35:06.079,8.106699669201927,25.708240069576213,1.6640198015211558,0.217437412419315,8.400846390259328
7.131,1487835311186,,,,,,,2017-02-23 07:35:11.186,8.20654996432656,25.708240069576213,1.7239299785959363,0.2424793649895603,8.400846390259328
7.3,1487835316277,,,,,,,2017-02-23 07:35:16.277,8.067846906074418,25.708240069576213,1.640708143644651,0.20801667436909732,8.400846390259328
10.932,1487835326476,,,,,,,2017-02-23 07:35:26.476,7.711734809177299,25.708240069576213,1.4270408855063796,0.13010828494353632,8.400846390259328
7.392,1487835336748,,,,,,,2017-02-23 07:35:36.748,8.231991759409354,25.708240069576213,1.7391950556456122,0.24905129876900095,8.400846390259328
7.676,1487835341851,,,,,,,2017-02-23 07:35:41.851,8.179941173903359,25.708240069576213,1.7079647043420152,0.2356890819095224,8.400846390259328
7.131,1487835346878,,,,,,,2017-02-23 07:35:46.878,8.217025877892983,25.708240069576213,1.7302155267357895,0.2451760175716852,8.400846390259328
7.123,1487835351984,,,,,,,2017-02-23 07:35:51.984,8.31095798370414,25.708240069576213,1.7865747902224842,0.26994394427712126,8.400846390259328
7.83,1487835367367,,,,,,,2017-02-23 07:36:07.367,7.984905181708367,25.7202099292274,1.5909431090250201,0.18851167336869656,8.399170609908163
7.0,1487835377577,,,,,,,2017-02-23 07:36:17.577,7.848294984071351,25.7202099292274,1.5089769904428105,0.1581853010160281,8.399170609908163
7.138,1487835387857,,,,,,,2017-02-23 07:36:27.857,7.77468334027859,25.7202099292274,1.464810004167154,0.14277259077351367,8.399170609908163
7.131,1487835398058,,,,,,,2017-02-23 07:36:38.058,7.93498017794924,25.7202099292274,1.560988106769544,0.1771690559197944,8.399170609908163
7.43,1487835408548,,,,,,,2017-02-23 07:36:48.548,7.90268938567984,25.7202099292274,1.5416136314079036,0.16999209881728483,8.399170609908163
7.177,1487835413652,,,,,,,2017-02-23 07:36:53.652,8.079867957280142,25.7202099292274,1.6479207743680848,0.21091209952499898,8.399170609908163
9.535,1487835423786,,,,,,,2017-02-23 07:37:03.786,7.749681450546431,25.732156557840433,1.4498088703278587,0.13768565909880434,8.397498081902338
6.916,1487835428910,,,,,,,2017-02-23 07:37:08.910,7.640436497046913,25.732156557840433,1.3842618982281478,0.11633842207423754,8.397498081902338
6.969,1487835439090,,,,,,,2017-02-23 07:37:19.090,8.002098097307845,25.732156557840433,1.6012588583847074,0.19248702269615897,8.397498081902338
7.254,1487835454311,,,,,,,2017-02-23 07:37:34.311,7.544277215556323,25.732156557840433,1.326566329333794,0.09873330938473286,8.397498081902338
6.885,1487835459410,,,,,,,2017-02-23 07:37:39.410,8.311449749062485,25.732156557840433,1.7868698494374908,0.2700763985539615,8.397498081902338
6.754,1487835464510,,,,,,,2017-02-23 07:37:44.510,8.351234650796858,25.732156557840433,1.8107407904781148,0.28088838578009456,8.397498081902338
6.716,1487835474761,,,,,,,2017-02-23 07:37:54.761,8.077856334423746,25.732156557840433,1.6467138006542477,0.21042636611490323,8.397498081902338
9.849,1487835479806,,,,,,,2017-02-23 07:37:59.806,8.249466732914751,25.732156557840433,1.7496800397488506,0.25361030108609184,8.397498081902338
7.691,1487835484964,,,,,,,2017-02-23 07:38:04.964,7.531746327531021,25.744079727968717,1.3190477965186127,0.09652083809403805,8.395828838084379
7.208,1487835490008,,,,,,,2017-02-23 07:38:10.008,7.5577126230612794,25.744079727968717,1.3346275738367677,0.10112641597817687,8.395828838084379
7.522,1487835495115,,,,,,,2017-02-23 07:38:15.115,7.641622164843659,25.744079727968717,1.3849732989061951,0.11656242260760954,8.395828838084379
7.522,1487835500279,,,,,,,2017-02-23 07:38:20.279,8.090234982473149,25.744079727968717,1.6541409894838892,0.21342305705748627,8.395828838084379
9.227,1487835505383,,,,,,,2017-02-23 07:38:25.383,7.937645937444356,25.744079727968717,1.5625875624666135,0.17776713923412216,8.395828838084379
9.074,1487835510526,,,,,,,2017-02-23 07:38:30.526,7.922175985702417,25.744079727968717,1.55330559142145,0.17430822331504411,8.395828838084379
8.145,1487835520636,,,,,,,2017-02-23 07:38:40.636,7.644632381928631,25.744079727968717,1.3867794291571784,0.11713188124586543,8.395828838084379
7.83,1487835525746,,,,,,,2017-02-23 07:38:45.746,7.892218717712219,25.744079727968717,1.5353312306273315,0.16769175079793075,8.395828838084379
8.145,1487835530859,,,,,,,2017-02-23 07:38:50.859,7.650462194571494,25.744079727968717,1.3902773167428966,0.11823782978601322,8.395828838084379
7.269,1487835541055,,,,,,,2017-02-23 07:39:01.055,7.893135729149778,25.755979212612285,1.5358814374898668,0.16789268750580946,8.394162910234279
8.759,1487835546143,,,,,,,2017-02-23 07:39:06.143,8.03248520728546,25.755979212612285,1.6194911243712755,0.19959988541176932,8.394162910234279
6.931,1487835561456,,,,,,,2017-02-23 07:39:21.456,7.9399194327526335,25.755979212612285,1.56395165965158,0.17827788887225687,8.394162910234279
7.185,1487835566577,,,,,,,2017-02-23 07:39:26.577,8.276808927543351,25.755979212612285,1.7660853565260108,0.2608170621321196,8.394162910234279
9.227,1487835577612,,,,,,,2017-02-23 07:39:37.612,7.703627050907489,25.755979212612285,1.4221762305444934,0.12851169130776496,8.394162910234279
7.83,1487835586982,,,,,,,2017-02-23 07:39:46.982,7.7550413115707535,25.755979212612285,1.4530247869424522,0.13876986982663345,8.394162910234279
7.215,1487835592072,,,,,,,2017-02-23 07:39:52.072,7.611162492070912,25.755979212612285,1.3666974952425472,0.11086137461480185,8.394162910234279
10.003,1487835597171,,,,,,,2017-02-23 07:39:57.171,8.171707979002333,25.755979212612285,1.7030247874013997,0.2336052689317252,8.394162910234279
7.983,1487835602282,,,,,,,2017-02-23 07:40:02.282,7.9029791803276295,25.7678547852221,1.5417875081965775,0.17005595220300396,8.392500330068906
7.016,1487835607382,,,,,,,2017-02-23 07:40:07.382,7.617333325085107,25.7678547852221,1.3703999950510641,0.11200735846517001,8.392500330068906
9.535,1487835612472,,,,,,,2017-02-23 07:40:12.472,7.949457715535352,25.7678547852221,1.569674629321211,0.1804274613553359,8.392500330068906
7.1,1487835617561,,,,,,,2017-02-23 07:40:17.561,7.564333479326061,25.7678547852221,1.3386000875956365,0.10231368623781431,8.392500330068906
7.246,1487835622671,,,,,,,2017-02-23 07:40:22.671,7.597995626164719,25.7678547852221,1.3587973756988316,0.10843143626517665,8.392500330068906
9.849,1487835632882,,,,,,,2017-02-23 07:40:32.882,8.264212064889154,25.7678547852221,1.7585272389334925,0.2574856799682632,8.392500330068906
9.381,1487835637992,,,,,,,2017-02-23 07:40:37.992,8.170142334444055,25.7678547852221,1.7020854006664328,0.23320992642922508,8.392500330068906
7.138,1487835643091,,,,,,,2017-02-23 07:40:43.091,7.506706858288897,25.7678547852221,1.3040241149733383,0.09215627854257676,8.392500330068906
7.192,1487835648252,,,,,,,2017-02-23 07:40:48.252,7.9234396257312145,25.7678547852221,1.5540637754387285,0.17458968262413235,8.392500330068906
7.983,1487835653342,,,,,,,2017-02-23 07:40:53.342,7.87058277852102,25.7678547852221,1.522349667112612,0.162980133649797,8.392500330068906
7.4,1487835658391,,,,,,,2017-02-23 07:40:58.391,8.164134619466633,25.7678547852221,1.69848077167998,0.23169564211470633,8.392500330068906
10.003,1487835663482,,,,,,,2017-02-23 07:41:03.482,7.601864839368562,25.779706219704376,1.3611189036211373,0.10914333910136767,8.390841129241387
7.016,1487835673682,,,,,,,2017-02-23 07:41:13.682,7.793246880967043,25.779706219704376,1.4759481285802258,0.1465980875181454,8.390841129241387
7.83,1487835678761,,,,,,,2017-02-23 07:41:18.761,8.120121169938436,25.779706219704376,1.6720727019630615,0.22073385715375984,8.390841129241387
6.816,1487835683870,,,,,,,2017-02-23 07:41:23.870,8.389252199816408,25.779706219704376,1.8335513198898448,0.29139754686112135,8.390841129241387
6.854,1487835694070,,,,,,,2017-02-23 07:41:34.070,8.15625399154432,25.779706219704376,1.6937523949265918,0.22971584463069417,8.390841129241387
6.954,1487835699110,,,,,,,2017-02-23 07:41:39.110,8.314434804106137,25.779706219704376,1.7886608824636818,0.27088102931461955,8.390841129241387
9.074,1487835704270,,,,,,,2017-02-23 07:41:44.270,8.267233998182569,25.779706219704376,1.7603403989095412,0.2582831281654344,8.390841129241387
10.003,1487835709380,,,,,,,2017-02-23 07:41:49.380,7.817790868636293,25.779706219704376,1.4906745211817758,0.151719491576759,8.390841129241387
6.632,1487835719480,,,,,,,2017-02-23 07:41:59.480,7.520760045402435,25.779706219704376,1.312456027241461,0.09459658657832547,8.390841129241387
6.923,1487835724600,,,,,,,2017-02-23 07:42:04.600,7.538315087667093,25.791533290424887,1.322989052600256,0.09767827783531624,8.389185339340514
6.885,1487835755180,,,,,,,2017-02-23 07:42:35.180,8.145449829411028,25.791533290424887,1.6872698976466167,0.22701369959590034,8.389185339340514
9.227,1487835765381,,,,,,,2017-02-23 07:42:45.381,7.972093182322507,25.791533290424887,1.5832559093935044,0.1855723457271948,8.389185339340514
8.145,1487835770472,,,,,,,2017-02-23 07:42:50.472,8.290118835859191,25.791533290424887,1.7740713015155147,0.26435770625454996,8.389185339340514
7.108,1487835780671,,,,,,,2017-02-23 07:43:00.671,7.938398709473111,25.803335772213252,1.5630392256838666,0.17793618373743642,8.387532991890144
7.031,1487835856607,,,,,,,2017-02-23 07:44:16.607,8.019670686539675,25.81511344036723,1.6118024119238048,0.19658681543174103,8.385884118348587
7.138,1487835860857,,,,,,,2017-02-23 07:44:20.857,7.857223885802997,25.81511344036723,1.5143343314817979,0.16009904263340696,8.385884118348587
7.208,1487835865968,,,,,,,2017-02-23 07:44:25.968,8.240164489586888,25.81511344036723,1.744098693752133,0.25117890050767,8.385884118348587
9.849,1487835871057,,,,,,,2017-02-23 07:44:31.057,7.892299453150786,25.81511344036723,1.5353796718904715,0.1677094375984795,8.385884118348587
7.062,1487835876147,,,,,,,2017-02-23 07:44:36.147,7.97060051840793,25.81511344036723,1.582360311044758,0.18523118004171274,8.385884118348587
10.464,1487835886357,,,,,,,2017-02-23 07:44:46.357,8.059430271521101,25.81511344036723,1.635658162912661,0.20599974042327987,8.385884118348587
7.83,1487835891458,,,,,,,2017-02-23 07:44:51.458,7.599299131579172,25.81511344036723,1.359579478947503,0.10867106968356022,8.385884118348587
7.983,1487835901637,,,,,,,2017-02-23 07:45:01.637,8.20782922899511,25.826866070657005,1.7246975373970654,0.24280796043234745,8.384238750108018
7.83,1487835911817,,,,,,,2017-02-23 07:45:11.817,7.967776993642588,25.826866070657005,1.580666196185553,0.18458656185340314,8.384238750108018
6.916,1487835916867,,,,,,,2017-02-23 07:45:16.867,7.6482094243541745,25.826866070657005,1.3889256546125046,0.11780998299696177,8.384238750108018
10.31,1487835921958,,,,,,,2017-02-23 07:45:21.958,7.7264939052140775,25.826866070657005,1.4358963431284466,0.13303492104276876,8.384238750108018
7.369,1487835927057,,,,,,,2017-02-23 07:45:27.057,8.307604326695735,25.826866070657005,1.784562596017441,0.26904142910152673,8.384238750108018
7.185,1487835932149,,,,,,,2017-02-23 07:45:32.149,8.277535396081246,25.826866070657005,1.7665212376487478,0.26100976565552764,8.384238750108018
8.145,1487835942377,,,,,,,2017-02-23 07:45:42.377,8.292385035422491,25.826866070657005,1.7754310212534947,0.2649626687543586,8.384238750108018
9.227,1487835947475,,,,,,,2017-02-23 07:45:47.475,7.627560633928138,25.826866070657005,1.376536380356883,0.11391673195532873,8.384238750108018
7.008,1487835952567,,,,,,,2017-02-23 07:45:52.567,8.058343241560436,25.826866070657005,1.6350059449362617,0.20573986807216801,8.384238750108018
6.908,1487835957661,,,,,,,2017-02-23 07:45:57.661,8.098643366709021,25.826866070657005,1.659186020025413,0.2154690919042344,8.384238750108018
7.522,1487835962686,,,,,,,2017-02-23 07:46:02.686,7.678349029862623,25.838593439329426,1.407009417917574,0.12358453572354756,8.38259691849388
7.369,1487835967835,,,,,,,2017-02-23 07:46:07.835,8.080869382996207,25.838593439329426,1.6485216297977243,0.21115408828149126,8.38259691849388
9.227,1487835972945,,,,,,,2017-02-23 07:46:12.945,7.690707953981905,25.838593439329426,1.4144247723891428,0.12598393950760547,8.38259691849388
8.605,1487835980027,,,,,,,2017-02-23 07:46:20.027,8.227756086382414,25.838593439329426,1.7366536518294482,0.24795178213377395,8.38259691849388
7.522,1487835988235,,,,,,,2017-02-23 07:46:28.235,7.838754784240282,25.838593439329426,1.5032528705441695,0.15615111112006938,8.38259691849388
9.227,1487835993345,,,,,,,2017-02-23 07:46:33.345,7.9785701139872245,25.838593439329426,1.5871420683923345,0.1870558208459073,8.38259691849388
6.808,1487836003574,,,,,,,2017-02-23 07:46:43.574,8.245488935400928,25.838593439329426,1.747293361240557,0.2525693220572722,8.38259691849388
7.676,1487836008726,,,,,,,2017-02-23 07:46:48.726,8.329773649787832,25.838593439329426,1.797864189872699,0.27503252635644027,8.38259691849388
10.003,1487836013785,,,,,,,2017-02-23 07:46:53.785,7.7009567891608794,25.838593439329426,1.4205740734965278,0.12798758560226228,8.38259691849388
7.983,1487836018857,,,,,,,2017-02-23 07:46:58.857,7.710087965401789,25.838593439329426,1.4260527792410735,0.12978334724150756,8.38259691849388
7.676,1487836023925,,,,,,,2017-02-23 07:47:03.925,7.567890954091196,25.850295323112306,1.3407345724547173,0.10295379500253042,8.380958654764276
7.138,1487836034147,,,,,,,2017-02-23 07:47:14.147,7.934275738706022,25.850295323112306,1.5605654432236133,0.1770111520911555,8.380958654764276
7.246,1487836098519,,,,,,,2017-02-23 07:48:18.519,8.03950490320045,25.86197149921864,1.6237029419202702,0.2012587757851171,8.37932399010939
8.452,1487836118569,,,,,,,2017-02-23 07:48:38.569,8.191440843732519,25.86197149921864,1.7148645062395111,0.23861325154488547,8.37932399010939
7.499,1487836123659,,,,,,,2017-02-23 07:48:43.659,7.527292507644638,25.86197149921864,1.316375504586783,0.09573900417328977,8.37932399010939
7.131,1487836128748,,,,,,,2017-02-23 07:48:48.748,8.15058196361562,25.86197149921864,1.690349178169372,0.22829551122480404,8.37932399010939
8.145,1487836138948,,,,,,,2017-02-23 07:48:58.948,8.03419816598962,25.86197149921864,1.620518899593772,0.20000414538301511,8.37932399010939
7.83,1487836144034,,,,,,,2017-02-23 07:49:04.034,8.09309313191961,25.87362174535087,1.6558558791517664,0.21411758647798584,8.377692955650877
8.298,1487836149139,,,,,,,2017-02-23 07:49:09.139,8.316629975191848,25.87362174535087,1.7899779851151087,0.2714734267159082,8.377692955650877
6.946,1487836154169,,,,,,,2017-02-23 07:49:14.169,7.893253674265569,25.87362174535087,1.5359522045593414,0.16791853911308013,8.377692955650877
7.146,1487836164349,,,,,,,2017-02-23 07:49:24.349,8.187300304207248,25.87362174535087,1.712380182524349,0.2375585548134493,8.377692955650877
10.617,1487836169439,,,,,,,2017-02-23 07:49:29.439,8.02255677968224,25.87362174535087,1.6135340678093442,0.19726370138485774,8.377692955650877
8.298,1487836174529,,,,,,,2017-02-23 07:49:34.529,7.838505825917286,25.87362174535087,1.5031034955503717,0.1560981737085699,8.377692955650877
9.849,1487836184649,,,,,,,2017-02-23 07:49:44.649,7.722447109004105,25.87362174535087,1.433468265402463,0.13222986572696313,8.377692955650877
9.535,1487836189749,,,,,,,2017-02-23 07:49:49.749,8.36852598126576,25.87362174535087,1.8211155887594561,0.2856467115857299,8.377692955650877
7.307,1487836199879,,,,,,,2017-02-23 07:49:59.879,7.567006622891397,25.87362174535087,1.3402039737348383,0.10279453238799893,8.377692955650877
9.381,1487836204968,,,,,,,2017-02-23 07:50:04.968,7.784440385887409,25.8852458397051,1.4706642315324454,0.14477812636006107,8.376065582441285
7.254,1487836210060,,,,,,,2017-02-23 07:50:10.060,8.208793720948512,25.8852458397051,1.725276232569107,0.24305583233450623,8.376065582441285
8.145,1487836215177,,,,,,,2017-02-23 07:50:15.177,7.573584337940552,25.8852458397051,1.3441506027643313,0.10398138541318397,8.376065582441285
7.83,1487836220278,,,,,,,2017-02-23 07:50:20.278,7.996385978017496,25.8852458397051,1.5978315868104978,0.19116233056935258,8.376065582441285
7.177,1487836230519,,,,,,,2017-02-23 07:50:30.519,8.292214945638413,25.8852458397051,1.775328967383048,0.26491724185537957,8.376065582441285
7.185,1487836235569,,,,,,,2017-02-23 07:50:35.569,8.178943041339972,25.8852458397051,1.7073658248039831,0.23543602231351338,8.376065582441285
7.2,1487836240718,,,,,,,2017-02-23 07:50:40.718,8.18970756944863,25.8852458397051,1.7138245416691784,0.2381714938264488,8.376065582441285
7.008,1487836250947,,,,,,,2017-02-23 07:50:50.947,7.763669713583297,25.8852458397051,1.458201828149978,0.1405224938079929,8.376065582441285
6.993,1487836266187,,,,,,,2017-02-23 07:51:06.187,8.24182590170467,25.896843560975334,1.7450955410228022,0.25161239519960016,8.374441901463452
6.885,1487836271267,,,,,,,2017-02-23 07:51:11.267,8.267575636385915,25.896843560975334,1.760545381831549,0.258373350912772,8.374441901463452
7.83,1487836281478,,,,,,,2017-02-23 07:51:21.478,8.166459669805477,25.896843560975334,1.699875801883286,0.23228117269517545,8.374441901463452
6.87,1487836286578,,,,,,,2017-02-23 07:51:26.578,8.271138789803612,25.896843560975334,1.7626832738821667,0.2593151738346079,8.374441901463452
10.003,1487836296778,,,,,,,2017-02-23 07:51:36.778,8.333437475369537,25.896843560975334,1.8000624852217224,0.2760283272845814,8.374441901463452
8.145,1487836301878,,,,,,,2017-02-23 07:51:41.878,8.197614954694286,25.896843560975334,1.7185689728165716,0.24018976970820388,8.374441901463452
6.808,1487836306967,,,,,,,2017-02-23 07:51:46.967,8.393224847151526,25.896843560975334,1.8359349082909153,0.29250571136419445,8.374441901463452
7.983,1487836312038,,,,,,,2017-02-23 07:51:52.038,8.38830640276789,25.896843560975334,1.832983841660734,0.2911339971879829,8.374441901463452
8.298,1487836317118,,,,,,,2017-02-23 07:51:57.118,7.946293004627576,25.896843560975334,1.5677758027765458,0.17971304355471376,8.374441901463452
7.83,1487836322258,,,,,,,2017-02-23 07:52:02.258,7.559509903143522,25.908414688357674,1.3357059418861132,0.10144818905501488,8.372821943629924
7.277,1487836332449,,,,,,,2017-02-23 07:52:12.449,7.654667436856012,25.908414688357674,1.392800462113607,0.11903812010065051,8.372821943629924
7.569,1487836358059,,,,,,,2017-02-23 07:52:38.059,7.898389717449466,25.908414688357674,1.5390338304696796,0.1690458934194761,8.372821943629924
10.31,1487836363199,,,,,,,2017-02-23 07:52:43.199,8.175938415789533,25.908414688357674,1.7055630494737197,0.23467497203220353,8.372821943629924
7.261,1487836368318,,,,,,,2017-02-23 07:52:48.318,7.914396592582574,25.908414688357674,1.5486379555495444,0.17257968608084562,8.372821943629924
10.779,1487836373421,,,,,,,2017-02-23 07:52:53.421,7.510625069805408,25.908414688357674,1.3063750418832447,0.09283428553303234,8.372821943629924
9.381,1487836383688,,,,,,,2017-02-23 07:53:03.688,7.948833014385151,25.91995900155453,1.5692998086310908,0.1802863429623697,8.371205739782365
7.522,1487836388818,,,,,,,2017-02-23 07:53:08.818,8.10456833225488,25.91995900155453,1.6627409993529279,0.2169159252497662,8.371205739782365
6.778,1487836393858,,,,,,,2017-02-23 07:53:13.858,8.22191859047739,25.91995900155453,1.7331511542864342,0.24643998463872283,8.371205739782365
9.227,1487836399007,,,,,,,2017-02-23 07:53:19.007,8.275220986621484,25.91995900155453,1.7651325919728904,0.26039606438479856,8.371205739782365
7.83,1487836404058,,,,,,,2017-02-23 07:53:24.058,8.365896018701562,25.91995900155453,1.8195376112209374,0.28492067012886174,8.371205739782365
8.605,1487836414318,,,,,,,2017-02-23 07:53:34.318,7.917344141871953,25.91995900155453,1.550406485123172,0.1732337603672662,8.371205739782365
9.535,1487836420275,,,,,,,2017-02-23 07:53:40.275,7.9966316313021135,25.91995900155453,1.597978978781268,0.1912192192165514,8.371205739782365
7.522,1487836424538,,,,,,,2017-02-23 07:53:44.538,7.936769873010581,25.91995900155453,1.5620619238063487,0.17757049347600073,8.371205739782365
7.069,1487836429721,,,,,,,2017-02-23 07:53:49.721,8.380235172695238,25.91995900155453,1.8281411036171429,0.28888928725857,8.371205739782365
6.969,1487836439918,,,,,,,2017-02-23 07:53:59.918,7.804745802952446,25.91995900155453,1.4828474817714679,0.14898847837284868,8.371205739782365
6.739,1487836444967,,,,,,,2017-02-23 07:54:04.967,7.564162204252321,25.931476280778824,1.3384973225513928,0.10228290643867026,8.369593320690964
9.849,1487836455157,,,,,,,2017-02-23 07:54:15.157,7.688244782506992,25.931476280778824,1.4129468695041951,0.12550426847966886,8.369593320690964
7.599,1487836460248,,,,,,,2017-02-23 07:54:20.248,8.36507219420472,25.931476280778824,1.8190433165228317,0.2846934114743819,8.369593320690964
7.1,1487836470477,,,,,,,2017-02-23 07:54:30.477,8.163289137922591,25.931476280778824,1.6979734827535546,0.23148288055185137,8.369593320690964
7.062,1487836475609,,,,,,,2017-02-23 07:54:35.609,7.873355806118323,25.931476280778824,1.524013483670994,0.16358087213008743,8.369593320690964
7.108,1487836496009,,,,,,,2017-02-23 07:54:56.009,8.131640894916378,25.931476280778824,1.678984536949827,0.22358044713346287,8.369593320690964
10.464,1487836511329,,,,,,,2017-02-23 07:55:11.329,8.281832949229123,25.942966306758162,1.769099769537474,0.26215103289742775,8.367984717053856
8.912,1487836521589,,,,,,,2017-02-23 07:55:21.589,7.635018961248807,25.942966306758162,1.3810113767492844,0.11531706852859729,8.367984717053856
7.031,1487836526679,,,,,,,2017-02-23 07:55:26.679,7.944057215299737,25.942966306758162,1.5664343291798422,0.1792090496591402,8.367984717053856
9.688,1487836532568,,,,,,,2017-02-23 07:55:32.568,7.847441076174767,25.942966306758162,1.50846464570486,0.1580027831868687,8.367984717053856
8.145,1487836536909,,,,,,,2017-02-23 07:55:36.909,8.144526686034384,25.942966306758162,1.6867160116206303,0.22678346893854198,8.367984717053856
8.912,1487836552208,,,,,,,2017-02-23 07:55:52.208,7.8369921921484735,25.942966306758162,1.5021953152890841,0.1557764813036795,8.367984717053856
7.269,1487836557329,,,,,,,2017-02-23 07:55:57.329,8.263335275469663,25.942966306758162,1.7580011652817977,0.25725451194736276,8.367984717053856
7.323,1487836572699,,,,,,,2017-02-23 07:56:12.699,8.06836969546664,25.95442886073901,1.6410218172799835,0.20814223426375242,8.366379959496538
7.054,1487836582919,,,,,,,2017-02-23 07:56:22.919,7.962546671225353,25.95442886073901,1.5775280027352119,0.18339499283446004,8.366379959496538
7.307,1487836588039,,,,,,,2017-02-23 07:56:28.039,7.7299551580439,25.95442886073901,1.43797309482634,0.13372504966621052,8.366379959496538
8.145,1487836593199,,,,,,,2017-02-23 07:56:33.199,7.628754305365138,25.95442886073901,1.377252583219083,0.11414040079180734,8.366379959496538
7.83,1487836598310,,,,,,,2017-02-23 07:56:38.310,8.240162402894864,25.95442886073901,1.7440974417369182,0.2511783562574625,8.366379959496538
9.688,1487836603419,,,,,,,2017-02-23 07:56:43.419,8.31091930164525,25.95442886073901,1.7865515809871497,0.26993352670983206,8.366379959496538
7.953,1487836618788,,,,,,,2017-02-23 07:56:58.788,7.65990847162279,25.95442886073901,1.3959450829736741,0.12003850027692414,8.366379959496538
6.778,1487836629097,,,,,,,2017-02-23 07:57:09.097,7.582165198118608,25.965863724490866,1.3492991188711645,0.10553748126331271,8.364779078571278
7.522,1487836644347,,,,,,,2017-02-23 07:57:24.347,8.303740052002466,25.965863724490866,1.7822440312014796,0.2680031732159997,8.364779078571278
6.962,1487836649448,,,,,,,2017-02-23 07:57:29.448,7.704870296088557,25.965863724490866,1.4229221776531342,0.1287560012203966,8.364779078571278
6.87,1487836654538,,,,,,,2017-02-23 07:57:34.538,7.698973335936605,25.965863724490866,1.4193840015619632,0.1275988370859206,8.364779078571278
6.839,1487836659656,,,,,,,2017-02-23 07:57:39.656,8.395318229950634,25.965863724490866,1.8371909379703806,0.29309041952442527,8.364779078571278
6.808,1487836669857,,,,,,,2017-02-23 07:57:49.857,7.7333414345359826,25.965863724490866,1.4400048607215896,0.13440162024446764,8.364779078571278
7.63,1487836675008,,,,,,,2017-02-23 07:57:55.008,8.231290815401284,25.965863724490866,1.7387744892407704,0.2488691956504373,8.364779078571278
6.923,1487836680117,,,,,,,2017-02-23 07:58:00.117,7.960727440629268,25.9772706803104,1.5764364643775606,0.18298130626116177,8.363182104756543
7.722,1487836690319,,,,,,,2017-02-23 07:58:10.319,8.25305991955091,25.9772706803104,1.7518359517305462,0.25455226070879805,8.363182104756543
6.754,1487836695427,,,,,,,2017-02-23 07:58:15.427,8.383460671030882,25.9772706803104,1.8300764026185292,0.28978540085281185,8.363182104756543
8.145,1487836710770,,,,,,,2017-02-23 07:58:30.770,8.184125891806621,25.9772706803104,1.7104755350839729,0.23675134754115115,8.363182104756543
7.215,1487836715839,,,,,,,2017-02-23 07:58:35.839,8.044835083763644,25.9772706803104,1.6269010502581862,0.20252235051733097,8.363182104756543
7.346,1487836720999,,,,,,,2017-02-23 07:58:40.999,7.770534265619425,25.9772706803104,1.4623205593716548,0.14192322101899554,8.363182104756543
9.688,1487836731218,,,,,,,2017-02-23 07:58:51.218,7.50782838855161,25.9772706803104,1.3046970331309662,0.09235015985091588,8.363182104756543
7.246,1487836736330,,,,,,,2017-02-23 07:58:56.330,7.512571685570931,25.9772706803104,1.3075430113425586,0.0931718127548858,8.363182104756543
7.108,1487836741439,,,,,,,2017-02-23 07:59:01.439,8.38667740958096,25.988649511025624,1.832006445748576,0.2906803241675972,8.361589068456412
7.115,1487836746539,,,,,,,2017-02-23 07:59:06.539,8.283569302372406,25.988649511025624,1.7701415814234438,0.26261277110527664,8.361589068456412
7.983,1487836751698,,,,,,,2017-02-23 07:59:11.698,7.630808679112992,25.988649511025624,1.378485207467795,0.11452574743931171,8.361589068456412
7.269,1487836756788,,,,,,,2017-02-23 07:59:16.788,8.247186201732564,25.988649511025624,1.7483117210395385,0.2530132599015732,8.361589068456412
8.605,1487836761899,,,,,,,2017-02-23 07:59:21.899,8.345197447145088,25.988649511025624,1.8071184682870527,0.2792354843885895,8.361589068456412
7.292,1487836772108,,,,,,,2017-02-23 07:59:32.108,8.339995785855022,25.988649511025624,1.8039974715130132,0.27781485038231557,8.361589068456412
7.215,1487836777208,,,,,,,2017-02-23 07:59:37.208,8.050355646766283,25.988649511025624,1.6302133880597696,0.20383465151945265,8.361589068456412
7.208,1487836787419,,,,,,,2017-02-23 07:59:47.419,7.628026841790655,25.988649511025624,1.376816105074393,0.11400406912112607,8.361589068456412
10.779,1487836802718,,,,,,,2017-02-23 08:00:02.718,7.646473202732596,26.0,1.3878839216395578,0.11748065481713123,8.36
7.108,1487836807838,,,,,,,2017-02-23 08:00:07.838,7.901977686521432,26.0,1.5411866119128592,0.16983532570935372,8.36
7.138,1487836812988,,,,,,,2017-02-23 08:00:12.988,8.101213973578014,26.0,1.6607283841468083,0.21609629797694635,8.36
7.254,1487836818098,,,,,,,2017-02-23 08:00:18.098,7.7545119315014714,26.0,1.4527071589008829,0.13866263161484968,8.36
9.227,1487836823218,,,,,,,2017-02-23 08:00:23.218,7.623391312405164,26.0,1.3740347874430983,0.1131368306923123,8.36
7.983,1487836833408,,,,,,,2017-02-23 08:00:33.408,7.7233152488597465,26.0,1.4339891493158479,0.13240240482627383,8.36
7.522,1487836838518,,,,,,,2017-02-23 08:00:38.518,7.662924465197048,26.0,1.397754679118229,0.12061567089547695,8.36
10.932,1487836843639,,,,,,,2017-02-23 08:00:43.639,7.947532200999129,26.0,1.5685193205994774,0.1799926428277177,8.36
7.008,1487836848787,,,,,,,2017-02-23 08:00:48.787,7.844147136072614,26.0,1.5064882816435685,0.1572995424805086,8.36
6.778,1487836864089,,,,,,,2017-02-23 08:01:04.089,7.763807662844719,26.011321931136578,1.458284597706831,0.14055058698782716,8.358414929640878
9.688,1487836869227,,,,,,,2017-02-23 08:01:09.227,8.351392882741138,26.011321931136578,1.8108357296446824,0.28093176627841154,8.358414929640878
7.522,1487836879437,,,,,,,2017-02-23 08:01:19.437,8.051449359493205,26.011321931136578,1.6308696156959228,0.2040950735979592,8.358414929640878
9.227,1487836889719,,,,,,,2017-02-23 08:01:29.719,8.101919061256451,26.011321931136578,1.6611514367538707,0.21626847191434045,8.358414929640878
9.849,1487836910137,,,,,,,2017-02-23 08:01:50.137,7.83230759762164,26.011321931136578,1.4993845585729841,0.1547826071571461,8.358414929640878
7.169,1487836916210,,,,,,,2017-02-23 08:01:56.210,8.122283791642666,26.011321931136578,1.6733702749855994,0.22126703920300883,8.358414929640878
7.192,1487836921319,,,,,,,2017-02-23 08:02:01.319,8.043757869124596,26.022615088882112,1.6262547214747574,0.2022667107035257,8.356833887556503
7.607,1487836926829,,,,,,,2017-02-23 08:02:06.829,7.971477686806623,26.022615088882112,1.582886612083974,0.18543163468013069,8.356833887556503
7.983,1487836931918,,,,,,,2017-02-23 08:02:11.918,8.242338425366935,26.022615088882112,1.745403055220161,0.2517461894296884,8.356833887556503
7.054,1487836942129,,,,,,,2017-02-23 08:02:22.129,8.06824222712518,26.022615088882112,1.6409453362751083,0.20811161678682216,8.356833887556503
7.231,1487836947548,,,,,,,2017-02-23 08:02:27.548,7.601105470616448,26.022615088882112,1.3606632823698686,0.1090034799173434,8.356833887556503
7.369,1487836962930,,,,,,,2017-02-23 08:02:42.930,8.218702767451518,26.022615088882112,1.7312216604709105,0.2456088960782093,8.356833887556503
7.215,1487836968009,,,,,,,2017-02-23 08:02:48.009,7.88493689349351,26.022615088882112,1.530962136096106,0.1660997303992298,8.356833887556503
9.535,1487836978209,,,,,,,2017-02-23 08:02:58.209,7.807900592643286,26.022615088882112,1.4847403555859713,0.14964706843165032,8.356833887556503
10.464,1487836983319,,,,,,,2017-02-23 08:03:03.319,7.5278663509416015,26.033879258231156,1.316719810564961,0.09583960437284349,8.355256903847637
7.799,1487836988439,,,,,,,2017-02-23 08:03:08.439,7.919202377862279,26.033879258231156,1.5515214267173671,0.17364664700863525,8.355256903847637
8.145,1487837003828,,,,,,,2017-02-23 08:03:23.828,8.36179903631231,26.033879258231156,1.8170794217873856,0.2837912889850467,8.355256903847637
7.254,1487837008938,,,,,,,2017-02-23 08:03:28.938,7.564167526925269,26.033879258231156,1.3385005161551615,0.1022838629218486,8.355256903847637
9.227,1487837014039,,,,,,,2017-02-23 08:03:34.039,7.660470135114008,26.033879258231156,1.396282081068405,0.12014590309541989,8.355256903847637
9.227,1487837024258,,,,,,,2017-02-23 08:03:44.258,7.902335622178188,26.033879258231156,1.5414013733069127,0.1699141641870589,8.355256903847637
6.877,1487837029440,,,,,,,2017-02-23 08:03:49.440,7.855971876112504,26.033879258231156,1.5135831256675023,0.159830121286334,8.355256903847637
7.83,1487837039627,,,,,,,2017-02-23 08:03:59.627,7.691504230010016,26.033879258231156,1.4149025380060094,0.12613915976842643,8.355256903847637
9.227,1487837044697,,,,,,,2017-02-23 08:04:04.697,8.017461496622376,26.045114224730163,1.6104768979734256,0.19606936144824888,8.353684008537776
6.931,1487837049822,,,,,,,2017-02-23 08:04:09.822,8.355201488998876,26.045114224730163,1.8131208933993257,0.28197683131496043,8.353684008537776
7.983,1487837054958,,,,,,,2017-02-23 08:04:14.958,7.5235979735682035,26.045114224730163,1.3141587841409221,0.09509226331512255,8.353684008537776
8.452,1487837060118,,,,,,,2017-02-23 08:04:20.118,7.828307328622145,26.045114224730163,1.496984397173287,0.15393600264462953,8.353684008537776
9.227,1487837070249,,,,,,,2017-02-23 08:04:30.249,7.638106103847022,26.045114224730163,1.3828636623082133,0.11589864761687609,8.353684008537776
7.138,1487837080459,,,,,,,2017-02-23 08:04:40.459,7.7035039682467925,26.045114224730163,1.4221023809480755,0.12848751444397982,8.353684008537776
10.157,1487837100840,,,,,,,2017-02-23 08:05:00.840,7.534411859440036,26.056319774481565,1.3206471156640216,0.09698989038789345,8.35211523157258
7.2,1487837111029,,,,,,,2017-02-23 08:05:11.029,7.909985986535283,26.056319774481565,1.5459915919211695,0.17160290023338715,8.35211523157258
7.83,1487837116119,,,,,,,2017-02-23 08:05:16.119,7.848848482270027,26.056319774481565,1.509309089362016,0.1583036547653707,8.35211523157258
8.145,1487837126339,,,,,,,2017-02-23 08:05:26.339,7.800534994817225,26.056319774481565,1.480320996890335,0.14811129609515006,8.35211523157258
7.092,1487837131430,,,,,,,2017-02-23 08:05:31.430,7.953107110551477,26.056319774481565,1.571864266330886,0.18125278623279248,8.35211523157258
7.146,1487837136589,,,,,,,2017-02-23 08:05:36.589,8.336672595394075,26.056319774481565,1.8020035572364452,0.2769089483207885,8.35211523157258
8.145,1487837141709,,,,,,,2017-02-23 08:05:41.709,7.952759721541842,26.056319774481565,1.5716558329251051,0.18117415403223558,8.35211523157258
9.535,1487837146779,,,,,,,2017-02-23 08:05:46.779,7.755670985492399,26.056319774481565,1.4534025912954394,0.13889746867405192,8.35211523157258
10.464,1487837151840,,,,,,,2017-02-23 08:05:51.840,8.031021352079069,26.056319774481565,1.6186128112474414,0.19925469313943284,8.35211523157258
7.161,1487837167200,,,,,,,2017-02-23 08:06:07.200,8.362760323019696,26.067495694147848,1.8176561938118176,0.2840560980580108,8.3505506028193
7.154,1487837172349,,,,,,,2017-02-23 08:06:12.349,7.7818179428035705,26.067495694147848,1.4690907656821424,0.14423796733537633,8.3505506028193
7.115,1487837193009,,,,,,,2017-02-23 08:06:33.009,8.0894826033773,26.067495694147848,1.65368956202638,0.21324039216196444,8.3505506028193
7.261,1487837198120,,,,,,,2017-02-23 08:06:38.120,8.082755692692785,26.067495694147848,1.6496534156156712,0.21161023098511,8.3505506028193
7.983,1487837203229,,,,,,,2017-02-23 08:06:43.229,7.921754439581772,26.067495694147848,1.553052663749063,0.17421437204648083,8.3505506028193
8.298,1487837208329,,,,,,,2017-02-23 08:06:48.329,8.124784002133602,26.067495694147848,1.674870401280161,0.22188415132630435,8.3505506028193
10.464,1487837213490,,,,,,,2017-02-23 08:06:53.490,7.935399718398072,26.067495694147848,1.5612398310388431,0.17726312645133563,8.3505506028193
7.131,1487837218609,,,,,,,2017-02-23 08:06:58.609,7.580607572928826,26.067495694147848,1.3483645437572955,0.10525435739256661,8.3505506028193
7.208,1487837223709,,,,,,,2017-02-23 08:07:03.709,7.697612769273354,26.07864177095561,1.4185676615640124,0.1273324447098099,8.348990152066214
6.77,1487837233940,,,,,,,2017-02-23 08:07:13.940,7.912542816424423,26.07864177095561,1.547525689854654,0.17216885894800457,8.348990152066214
9.227,1487837244220,,,,,,,2017-02-23 08:07:24.220,7.857400302777922,26.07864177095561,1.5144401816667532,0.16013695066334763,8.348990152066214
6.877,1487837254438,,,,,,,2017-02-23 08:07:34.438,8.111985718934685,26.07864177095561,1.667191431360811,0.21873313486756601,8.348990152066214
6.885,1487837259539,,,,,,,2017-02-23 08:07:39.539,8.369060527994598,26.07864177095561,1.8214363167967589,0.2857943828941659,8.348990152066214
6.931,1487837264638,,,,,,,2017-02-23 08:07:44.638,7.80547426083272,26.07864177095561,1.483284556499632,0.14914044430510567,8.348990152066214
6.877,1487837269738,,,,,,,2017-02-23 08:07:49.738,8.067689572321921,26.07864177095561,1.6406137433931525,0.20797889347075316,8.348990152066214
6.916,1487837279937,,,,,,,2017-02-23 08:07:59.937,7.807832338174483,26.07864177095561,1.48469940290469,0.1496328070715693,8.348990152066214
7.0,1487837285040,,,,,,,2017-02-23 08:08:05.040,7.894535008990369,26.089757792699615,1.536721005394221,0.16819949394548522,8.347433909022053
6.824,1487837296118,,,,,,,2017-02-23 08:08:16.118,7.784978719625184,26.089757792699615,1.4709872317751105,0.14488911201388424,8.347433909022053
7.83,1487837300331,,,,,,,2017-02-23 08:08:20.331,7.746603841497501,26.089757792699615,1.4479623048985009,0.13706466801604975,8.347433909022053
7.522,1487837305458,,,,,,,2017-02-23 08:08:25.458,8.008859459753072,26.089757792699615,1.6053156758518434,0.19406010406433977,8.347433909022053
9.535,1487837310609,,,,,,,2017-02-23 08:08:30.609,8.336206228174373,26.089757792699615,1.8017237369046235,0.27678192260824874,8.347433909022053
6.977,1487837325919,,,,,,,2017-02-23 08:08:45.919,8.175682476906887,26.089757792699615,1.7054094861441325,0.23461019460392626,8.347433909022053
10.779,1487837331009,,,,,,,2017-02-23 08:08:51.009,7.6089417728562765,26.089757792699615,1.365365063713766,0.11045008352366369,8.347433909022053
7.131,1487837341209,,,,,,,2017-02-23 08:09:01.209,8.01654143502962,26.100843547746834,1.6099248610177717,0.1958540300712421,8.345881903315442
10.617,1487837356499,,,,,,,2017-02-23 08:09:16.499,7.553851928120571,26.100843547746834,1.332311156872343,0.10043653344647649,8.345881903315442
8.759,1487837366709,,,,,,,2017-02-23 08:09:26.709,8.095748212624525,26.100843547746834,1.6574489275747148,0.21476364854213717,8.345881903315442
10.932,1487837371820,,,,,,,2017-02-23 08:09:31.820,8.074278286960702,26.100843547746834,1.6445669721764211,0.20956359840971184,8.345881903315442
10.31,1487837376919,,,,,,,2017-02-23 08:09:36.919,8.22240696451289,26.100843547746834,1.7334441787077342,0.2465663072388209,8.345881903315442
8.145,1487837387109,,,,,,,2017-02-23 08:09:47.109,8.320688527095932,26.100843547746834,1.792413116257559,0.27257020617091365,8.345881903315442
7.177,1487837397340,,,,,,,2017-02-23 08:09:57.340,8.209102399656746,26.100843547746834,1.725461439794048,0.24313518553289779,8.345881903315442
7.192,1487837402429,,,,,,,2017-02-23 08:10:02.429,7.746482111888587,26.11189882504047,1.447889267133152,0.1370401291337004,8.344334164494333
7.108,1487837407529,,,,,,,2017-02-23 08:10:07.529,7.845681074473356,26.11189882504047,1.5074086446840136,0.15762686912436052,8.344334164494333
7.031,1487837412630,,,,,,,2017-02-23 08:10:12.630,7.713609044304323,26.11189882504047,1.4281654265825936,0.1304784850488599,8.344334164494333
8.145,1487837417739,,,,,,,2017-02-23 08:10:17.739,7.5978065858975325,26.11189882504047,1.3586839515385196,0.1083967004690715,8.344334164494333
7.192,1487837433129,,,,,,,2017-02-23 08:10:33.129,7.723717863567743,26.11189882504047,1.434230718140646,0.13248245348241078,8.344334164494333
7.269,1487837438301,,,,,,,2017-02-23 08:10:38.301,7.629833866826244,26.11189882504047,1.3779003200957465,0.11434283507261729,8.344334164494333
10.617,1487837443520,,,,,,,2017-02-23 08:10:43.520,8.391365346929142,26.11189882504047,1.834819208157485,0.291986770574179,8.344334164494333
10.464,1487837453719,,,,,,,2017-02-23 08:10:53.719,8.395945222824244,26.11189882504047,1.837567133694546,0.2932656488638649,8.344334164494333
8.452,1487837458839,,,,,,,2017-02-23 08:10:58.839,8.256205851986003,26.11189882504047,1.7537235111916019,0.2553782439762652,8.344334164494333
9.227,1487837463927,,,,,,,2017-02-23 08:11:03.927,8.230147178912352,26.122923414103983,1.7380883073474114,0.24857220894534457,8.342790722025441
6.977,1487837469001,,,,,,,2017-02-23 08:11:09.001,7.786401027031114,26.122923414103983,1.4718406162186684,0.1451825095464202,8.342790722025441
10.003,1487837474168,,,,,,,2017-02-23 08:11:14.168,8.141329711726959,26.122923414103983,1.6847978270361752,0.225986938365664,8.342790722025441
9.688,1487837479167,,,,,,,2017-02-23 08:11:19.167,7.894600045369252,26.122923414103983,1.5367600272215511,0.1682137595518363,8.342790722025441
7.054,1487837489418,,,,,,,2017-02-23 08:11:29.418,8.213457421358966,26.122923414103983,1.7280744528153793,0.24425596599927316,8.342790722025441
9.381,1487837494538,,,,,,,2017-02-23 08:11:34.538,7.770054616158806,26.122923414103983,1.4620327696952835,0.1418251637218354,8.342790722025441
6.885,1487837499639,,,,,,,2017-02-23 08:11:39.639,8.264016599837143,26.122923414103983,1.758409959902286,0.25743413706159124,8.342790722025441
6.916,1487837504808,,,,,,,2017-02-23 08:11:44.808,8.090791598414256,26.122923414103983,1.6544749590485537,0.21355823769266438,8.342790722025441
6.801,1487837509857,,,,,,,2017-02-23 08:11:49.857,7.832464186710841,26.122923414103983,1.4994785120265048,0.1548157862409828,8.342790722025441
6.877,1487837515021,,,,,,,2017-02-23 08:11:55.021,7.5688877817048095,26.122923414103983,1.3413326690228857,0.1031334300413198,8.342790722025441
7.085,1487837525268,,,,,,,2017-02-23 08:12:05.268,8.376837140220651,26.13391710504508,1.8261022841323906,0.2879465903461718,8.341251605293689
10.464,1487837545560,,,,,,,2017-02-23 08:12:25.560,7.8799614124243,26.13391710504508,1.5279768474545798,0.1650156034328677,8.341251605293689
7.115,1487837550679,,,,,,,2017-02-23 08:12:30.679,8.382063609212976,26.13391710504508,1.8292381655277854,0.2893971134265011,8.341251605293689
10.157,1487837555809,,,,,,,2017-02-23 08:12:35.809,8.030446601956823,26.13391710504508,1.618267961174094,0.1991192313882261,8.341251605293689
9.227,1487837566020,,,,,,,2017-02-23 08:12:46.020,7.850420021033423,26.13391710504508,1.5102520126200536,0.15863989508621257,8.341251605293689
9.849,1487837576219,,,,,,,2017-02-23 08:12:56.219,7.979504429224434,26.13391710504508,1.5877026575346604,0.1872702316853537,8.341251605293689
7.269,1487837581330,,,,,,,2017-02-23 08:13:01.330,7.898894239588693,26.14487968855974,1.5393365437532158,0.16915680607187775,8.339716843601636
7.046,1487837591599,,,,,,,2017-02-23 08:13:11.599,7.735981470449309,26.14487968855974,1.4415888822695853,0.13493004818100618,8.339716843601636
6.916,1487837596710,,,,,,,2017-02-23 08:13:16.710,8.283363373704168,26.14487968855974,1.7700180242225005,0.2625579907927874,8.339716843601636
7.023,1487837606929,,,,,,,2017-02-23 08:13:26.929,7.615701376177039,26.14487968855974,1.3694208257062237,0.11170384520940643,8.339716843601636
10.617,1487837612019,,,,,,,2017-02-23 08:13:32.019,8.092361549081321,26.14487968855974,1.6554169294487928,0.2139397187317886,8.339716843601636
9.535,1487837617129,,,,,,,2017-02-23 08:13:37.129,8.296020417586895,26.14487968855974,1.7776122505521372,0.2659344221378589,8.339716843601636
10.31,1487837622239,,,,,,,2017-02-23 08:13:42.239,7.636986140600021,26.14487968855974,1.3821916843600124,0.1156875283461929,8.339716843601636
8.145,1487837627330,,,,,,,2017-02-23 08:13:47.330,8.18169643542287,26.14487968855974,1.709017861253722,0.23613438869682846,8.339716843601636
7.238,1487837632439,,,,,,,2017-02-23 08:13:52.439,7.988447120948274,26.14487968855974,1.5930682725689644,0.18932774020086268,8.339716843601636
8.145,1487837637599,,,,,,,2017-02-23 08:13:57.599,8.353664347676455,26.14487968855974,1.8121986086058728,0.2815548369099823,8.339716843601636
7.208,1487837642700,,,,,,,2017-02-23 08:14:02.700,7.919789193417708,26.155810955936175,1.551873516050625,0.17377711928246325,8.338186466168935
10.617,1487837647779,,,,,,,2017-02-23 08:14:07.779,7.871754642919097,26.155810955936175,1.523052785751458,0.16323388945399897,8.338186466168935
8.145,1487837663041,,,,,,,2017-02-23 08:14:23.041,8.021627406472344,26.155810955936175,1.6129764438834067,0.1970456229842271,8.338186466168935
7.054,1487837668129,,,,,,,2017-02-23 08:14:28.129,7.931350072157866,26.155810955936175,1.5588100432947192,0.1763559854961886,8.338186466168935
7.215,1487837678399,,,,,,,2017-02-23 08:14:38.399,8.16391457656228,26.155810955936175,1.6983487459373685,0.23164026106702462,8.338186466168935
7.2,1487837683499,,,,,,,2017-02-23 08:14:43.499,8.260755156313147,26.155810955936175,1.7564530937878882,0.2565747913572837,8.338186466168935
10.31,1487837688619,,,,,,,2017-02-23 08:14:48.619,7.691817051396329,26.155810955936175,1.4150902308377975,0.12620015971255158,8.338186466168935
7.83,1487837698838,,,,,,,2017-02-23 08:14:58.838,8.396739634395795,26.155810955936175,1.8380437806374768,0.2934877354298549,8.338186466168935
6.839,1487837703917,,,,,,,2017-02-23 08:15:03.917,8.292373001530102,26.166710699058807,1.7754238009180612,0.26495945467640686,8.336660502131766
8.452,1487837709049,,,,,,,2017-02-23 08:15:09.049,8.11018649200986,26.166710699058807,1.6661118952059155,0.2182917299275737,8.336660502131766
10.003,1487837719258,,,,,,,2017-02-23 08:15:19.258,8.285050015706126,26.166710699058807,1.7710300094236757,0.2630068143310651,8.336660502131766
7.046,1487837734638,,,,,,,2017-02-23 08:15:34.638,8.19013679793404,26.166710699058807,1.7140820787604238,0.2382808572364138,8.336660502131766
6.954,1487837739740,,,,,,,2017-02-23 08:15:39.740,7.514650809084034,26.166710699058807,1.3087904854504204,0.09353281793486287,8.336660502131766
6.893,1487837744928,,,,,,,2017-02-23 08:15:44.928,7.700266742439006,26.166710699058807,1.4201600454634038,0.12785228578713698,8.336660502131766
6.778,1487837760220,,,,,,,2017-02-23 08:16:00.220,7.5337437337558315,26.17757871041224,1.320246240253499,0.09687224058007009,8.335138980542286
6.87,1487837765308,,,,,,,2017-02-23 08:16:05.308,8.04950251455354,26.17757871041224,1.6297015087321238,0.20363161331324864,8.335138980542286
7.292,1487837770500,,,,,,,2017-02-23 08:16:10.500,8.225887508079357,26.17757871041224,1.735532504847614,0.2474674118527888,8.335138980542286
7.177,1487837775579,,,,,,,2017-02-23 08:16:15.579,8.14863697094028,26.17757871041224,1.6891821825641684,0.22780935420596327,8.335138980542286
9.535,1487837780709,,,,,,,2017-02-23 08:16:20.709,7.813832784353508,26.17757871041224,1.4882996706121048,0.15088869990090792,8.335138980542286
7.83,1487837785799,,,,,,,2017-02-23 08:16:25.799,8.25736661363502,26.17757871041224,1.7544199681810118,0.25568330879216195,8.335138980542286
9.688,1487837790910,,,,,,,2017-02-23 08:16:30.910,8.331947629432639,26.17757871041224,1.7991685776595832,0.27562320374952914,8.335138980542286
7.83,1487837796099,,,,,,,2017-02-23 08:16:36.099,7.615260130858886,26.17757871041224,1.3691560785153314,0.11162183637366478,8.335138980542286
7.446,1487837801220,,,,,,,2017-02-23 08:16:41.220,8.323766044513453,26.17757871041224,1.794259626708072,0.27340318942191444,8.335138980542286
7.369,1487837816569,,,,,,,2017-02-23 08:16:56.569,8.227519959812689,26.17757871041224,1.7365119758876133,0.24789055060333393,8.335138980542286
8.145,1487837821709,,,,,,,2017-02-23 08:17:01.709,7.929184479461932,26.188414783085207,1.557510687677159,0.17587168951211282,8.33362193036807
7.023,1487837831909,,,,,,,2017-02-23 08:17:11.909,7.783962151595006,26.188414783085207,1.4703772909570034,0.14467956028664888,8.33362193036807
10.003,1487837842110,,,,,,,2017-02-23 08:17:22.110,7.958393804189656,26.188414783085207,1.5750362825137936,0.18245122710378875,8.33362193036807
7.192,1487837852309,,,,,,,2017-02-23 08:17:32.309,7.978115315553876,26.188414783085207,1.5868691893323257,0.18695148957329766,8.33362193036807
7.83,1487837862530,,,,,,,2017-02-23 08:17:42.530,7.972978511489928,26.188414783085207,1.5837871068939569,0.18577482431614134,8.33362193036807
10.932,1487837872769,,,,,,,2017-02-23 08:17:52.769,8.01089443812134,26.188414783085207,1.6065366628728044,0.1945346309710698,8.33362193036807
7.238,1487837877840,,,,,,,2017-02-23 08:17:57.840,8.034790646953198,26.188414783085207,1.6208743881719188,0.20014405344006722,8.33362193036807
9.227,1487837882929,,,,,,,2017-02-23 08:18:02.929,7.502738500073009,26.1992187107745,1.3016431000438051,0.0914714719755165,8.33210938049157
9.535,1487837893300,,,,,,,2017-02-23 08:18:13.300,7.507622570936164,26.1992187107745,1.3045735425616982,0.09231456841628077,8.33210938049157
7.023,1487837908620,,,,,,,2017-02-23 08:18:28.620,7.99636857874367,26.1992187107745,1.597821147246202,0.19115830150175195,8.33210938049157
6.908,1487837939310,,,,,,,2017-02-23 08:18:59.310,7.951726580920003,26.1992187107745,1.5710359485520016,0.18094038615282101,8.33210938049157
6.985,1487837959637,,,,,,,2017-02-23 08:19:19.637,7.638187358067742,26.20999028778891,1.382912414840645,0.11591397034343616,8.330601359709553
10.464,1487837964758,,,,,,,2017-02-23 08:19:24.758,7.557792999248788,26.20999028778891,1.3346757995492726,0.10114079771652172,8.330601359709553
6.993,1487837969838,,,,,,,2017-02-23 08:19:29.838,7.649777930451862,26.20999028778891,1.389866758271117,0.11810780974474677,8.330601359709553
9.227,1487837974959,,,,,,,2017-02-23 08:19:34.959,7.645410972673925,26.20999028778891,1.3872465836043553,0.11727934835835381,8.330601359709553
7.369,1487837980108,,,,,,,2017-02-23 08:19:40.108,7.856639614197016,26.20999028778891,1.5139837685182096,0.15997352250676258,8.330601359709553
8.298,1487837985220,,,,,,,2017-02-23 08:19:45.220,7.616085854475013,26.20999028778891,1.369651512685008,0.11177532250625395,8.330601359709553
10.003,1487837990329,,,,,,,2017-02-23 08:19:50.329,8.389480131451826,26.20999028778891,1.8336880788710956,0.2914610768645676,8.330601359709553
9.688,1487837995419,,,,,,,2017-02-23 08:19:55.419,7.955855234247159,26.20999028778891,1.5735131405482954,0.18187533996594332,8.330601359709553
9.535,1487838000570,,,,,,,2017-02-23 08:20:00.570,8.220382327918035,26.220729309053137,1.7322293967508209,0.24604280230449843,8.32909789673256
7.407,1487838005690,,,,,,,2017-02-23 08:20:05.690,8.06432966911293,26.220729309053137,1.6385978014677576,0.20717278161389036,8.32909789673256
7.446,1487838010799,,,,,,,2017-02-23 08:20:10.799,7.931041703087562,26.220729309053137,1.5586250218525373,0.17628698991909825,8.32909789673256
7.983,1487838026109,,,,,,,2017-02-23 08:20:26.109,7.845712486876348,26.220729309053137,1.5074274921258088,0.1576335751576656,8.32909789673256
7.745,1487838031209,,,,,,,2017-02-23 08:20:31.209,8.03819346538483,26.220729309053137,1.6229160792308983,0.20094840841716688,8.32909789673256
7.185,1487838056709,,,,,,,2017-02-23 08:20:56.709,7.964175339042017,26.220729309053137,1.5785052034252098,0.18376568303771312,8.32909789673256
9.227,1487838061809,,,,,,,2017-02-23 08:21:01.809,7.738027421271891,26.2314355701117,1.4428164527631346,0.13534013965540603,8.327599020184362
10.617,1487838066920,,,,,,,2017-02-23 08:21:06.920,8.227803768555384,26.2314355701117,1.7366822611332307,0.24796414772293132,8.327599020184362
7.108,1487838071999,,,,,,,2017-02-23 08:21:11.999,7.9576378080542876,26.2314355701117,1.5745826848325724,0.18227964478698142,8.327599020184362
10.932,1487838082190,,,,,,,2017-02-23 08:21:22.190,8.33882106290835,26.2314355701117,1.80329263774501,0.2774944693549578,8.327599020184362
8.145,1487838092399,,,,,,,2017-02-23 08:21:32.399,7.927432470701866,26.2314355701117,1.5564594824211198,0.17548029598133916,8.327599020184362
7.085,1487838102709,,,,,,,2017-02-23 08:21:42.709,8.261012893647543,26.2314355701117,1.7566077361885255,0.2566426551652457,8.327599020184362
7.983,1487838107843,,,,,,,2017-02-23 08:21:47.843,7.527420853652246,26.2314355701117,1.3164525121913475,0.0957615010210874,8.327599020184362
7.714,1487838123129,,,,,,,2017-02-23 08:22:03.129,7.706194536475506,26.24210886713282,1.4237167218853035,0.12901643148612793,8.326104758601405
7.115,1487838128239,,,,,,,2017-02-23 08:22:08.239,7.917544234597956,26.24210886713282,1.5505265407587734,0.17327819962160795,8.326104758601405
7.469,1487838133349,,,,,,,2017-02-23 08:22:13.349,8.248292382390924,26.24210886713282,1.748975429434554,0.25330277914389593,8.326104758601405
10.157,1487838143530,,,,,,,2017-02-23 08:22:23.530,7.87471323351469,26.24210886713282,1.524827940108814,0.1638752766067888,8.326104758601405
6.785,1487838158928,,,,,,,2017-02-23 08:22:38.928,7.95626452215773,26.24210886713282,1.5737587132946382,0.18196813666191897,8.326104758601405
7.83,1487838164038,,,,,,,2017-02-23 08:22:44.038,7.663961835511601,26.24210886713282,1.3983771013069606,0.12081444471825535,8.326104758601405
6.87,1487838169217,,,,,,,2017-02-23 08:22:49.217,8.098853425623984,26.24210886713282,1.6593120553743903,0.2155203147302201,8.326104758601405
7.676,1487838174340,,,,,,,2017-02-23 08:22:54.340,8.3829140578366,26.24210886713282,1.8297484347019606,0.2896334519594249,8.326104758601405
7.138,1487838179417,,,,,,,2017-02-23 08:22:59.417,7.857241366386303,26.24210886713282,1.5143448198317815,0.16010279864989724,8.326104758601405
6.778,1487838184458,,,,,,,2017-02-23 08:23:04.458,8.043868556239023,26.252748996912302,1.6263211337434136,0.20229297206104305,8.324615140432277
9.227,1487838194717,,,,,,,2017-02-23 08:23:14.717,8.33540915848214,26.252748996912302,1.8012454950892838,0.27656488298347826,8.324615140432277
6.908,1487838199838,,,,,,,2017-02-23 08:23:19.838,8.315131787000269,26.252748996912302,1.789079072200161,0.2710690571747413,8.324615140432277
9.381,1487838204948,,,,,,,2017-02-23 08:23:24.948,8.259206917456577,26.252748996912302,1.7555241504739463,0.2561672984133664,8.324615140432277
6.916,1487838215198,,,,,,,2017-02-23 08:23:35.198,8.079463104638792,26.252748996912302,1.6476778627832753,0.21081430337612997,8.324615140432277
9.381,1487838220238,,,,,,,2017-02-23 08:23:40.238,8.082916702306395,26.252748996912302,1.649750021383837,0.21164918570636573,8.324615140432277
7.676,1487838225329,,,,,,,2017-02-23 08:23:45.329,7.85840849830326,26.252748996912302,1.5150450989819557,0.16035366080752056,8.324615140432277
8.298,1487838230419,,,,,,,2017-02-23 08:23:50.419,8.376839440697205,26.252748996912302,1.8261036644183233,0.2879472280856506,8.324615140432277
9.074,1487838235539,,,,,,,2017-02-23 08:23:55.539,7.8554719201705545,26.252748996912302,1.5132831521023327,0.15972278743111984,8.324615140432277
7.4,1487838240700,,,,,,,2017-02-23 08:24:00.700,8.003047906703753,26.26335575687742,1.6018287440222516,0.1927076717393871,8.32313019403716
9.849,1487838245799,,,,,,,2017-02-23 08:24:05.799,7.846032106439156,26.26335575687742,1.5076192638634938,0.15770181542873807,8.32313019403716
7.246,1487838256030,,,,,,,2017-02-23 08:24:16.030,7.858187152335919,26.26335575687742,1.5149122914015514,0.16030607236768896,8.32313019403716
10.617,1487838261129,,,,,,,2017-02-23 08:24:21.129,7.724158718125908,26.26335575687742,1.434495230875545,0.13257012737236726,8.32313019403716
7.753,1487838266219,,,,,,,2017-02-23 08:24:26.219,7.637670579797748,26.26335575687742,1.382602347878649,0.11581653103772364,8.32313019403716
8.759,1487838276419,,,,,,,2017-02-23 08:24:36.419,8.320636945649106,26.26335575687742,1.7923821673894635,0.27255625444550385,8.32313019403716
7.161,1487838281589,,,,,,,2017-02-23 08:24:41.589,7.874502241714474,26.26335575687742,1.5247013450286842,0.16382950131783947,8.32313019403716
9.849,1487838296849,,,,,,,2017-02-23 08:24:56.849,7.5713668493049475,26.26335575687742,1.3428201095829686,0.1035806917112339,8.32313019403716
8.605,1487838302000,,,,,,,2017-02-23 08:25:02.000,7.697489414718341,26.273928945090745,1.4184936488310043,0.12730830346710215,8.321649947687295
7.054,1487838307039,,,,,,,2017-02-23 08:25:07.039,8.293142275258257,26.273928945090745,1.775885365154954,0.26516495147253083,8.321649947687295
7.0,1487838312189,,,,,,,2017-02-23 08:25:12.189,8.065514047493986,26.273928945090745,1.6393084284963915,0.2074567844437474,8.321649947687295
7.2,1487838317310,,,,,,,2017-02-23 08:25:17.310,7.95679260774737,26.273928945090745,1.574075564648422,0.18208789772210618,8.321649947687295
7.83,1487838322419,,,,,,,2017-02-23 08:25:22.419,8.279422975541898,26.273928945090745,1.7676537853251388,0.26151076228136166,8.321649947687295
7.131,1487838332629,,,,,,,2017-02-23 08:25:32.629,8.188912898056392,26.273928945090745,1.7133477388338352,0.23796907733220687,8.321649947687295
7.039,1487838342829,,,,,,,2017-02-23 08:25:42.829,8.02498445895712,26.273928945090745,1.6149906753742715,0.19783384786941446,8.321649947687295
9.688,1487838358129,,,,,,,2017-02-23 08:25:58.129,7.662278644188351,26.273928945090745,1.3973671865130108,0.12049198830197301,8.321649947687295
7.83,1487838368319,,,,,,,2017-02-23 08:26:08.319,7.628131095868449,26.284468360254024,1.3768786575210694,0.11402360315308022,8.320174429564435
8.298,1487838373439,,,,,,,2017-02-23 08:26:13.439,7.581997368381329,26.284468360254024,1.3491984210287975,0.10550696146687645,8.320174429564435
7.085,1487838378549,,,,,,,2017-02-23 08:26:18.549,7.866659369099818,26.284468360254024,1.5199956214598904,0.1621317570620892,8.320174429564435
7.284,1487838383689,,,,,,,2017-02-23 08:26:23.689,8.18569787495724,26.284468360254024,1.7114187249743442,0.23715092903589782,8.320174429564435
7.069,1487838388818,,,,,,,2017-02-23 08:26:28.818,8.134663661017232,26.284468360254024,1.680798196610339,0.2243300274519116,8.320174429564435
7.522,1487838393927,,,,,,,2017-02-23 08:26:33.927,8.375448905879113,26.284468360254024,1.8252693435274674,0.2875618590195035,8.320174429564435
6.824,1487838399019,,,,,,,2017-02-23 08:26:39.019,8.083467826039389,26.284468360254024,1.6500806956236331,0.21178254832016266,8.320174429564435
7.83,1487838409227,,,,,,,2017-02-23 08:26:49.227,8.081449381953865,26.284468360254024,1.648869629172319,0.21129429672253672,8.320174429564435
7.983,1487838419349,,,,,,,2017-02-23 08:26:59.349,7.636737506648489,26.284468360254024,1.3820425039890931,0.11564067988700677,8.320174429564435
6.816,1487838424437,,,,,,,2017-02-23 08:27:04.437,7.572236435488484,26.294973801711976,1.3433418612930903,0.10373775306074412,8.318703667760323
7.092,1487838429559,,,,,,,2017-02-23 08:27:09.559,8.033631101296239,26.294973801711976,1.6201786607777433,0.1998702785591913,8.318703667760323
7.023,1487838434708,,,,,,,2017-02-23 08:27:14.708,8.23342198698442,26.294973801711976,1.7400531921906515,0.24942305042085056,8.318703667760323
6.885,1487838444917,,,,,,,2017-02-23 08:27:24.917,7.888009062857562,26.294973801711976,1.5328054377145373,0.16677062078307692,8.318703667760323
7.108,1487838450019,,,,,,,2017-02-23 08:27:30.019,7.603772106554791,26.294973801711976,1.3622632639328747,0.1094949213333532,8.318703667760323
6.808,1487838455140,,,,,,,2017-02-23 08:27:35.140,7.759368209344389,26.294973801711976,1.4556209256066335,0.13964764408834585,8.318703667760323
7.83,1487838460231,,,,,,,2017-02-23 08:27:40.231,7.72567195879268,26.294973801711976,1.435403175275608,0.1328712468914605,8.318703667760323
9.074,1487838465278,,,,,,,2017-02-23 08:27:45.278,7.761409682071055,26.294973801711976,1.456845809242633,0.1400625666290509,8.318703667760323
8.145,1487838470410,,,,,,,2017-02-23 08:27:50.410,8.06702089813249,26.294973801711976,1.6402125388794944,0.20781835641392693,8.318703667760323
11.086,1487838475519,,,,,,,2017-02-23 08:27:55.519,8.27213184384067,26.294973801711976,1.763279106304402,0.25957793219696285,8.318703667760323
8.145,1487838480629,,,,,,,2017-02-23 08:28:00.629,7.846068057288871,26.305445069456145,1.5076408343733227,0.15770949187022748,8.317237690276139
7.269,1487838485740,,,,,,,2017-02-23 08:28:05.740,7.806616397677567,26.305445069456145,1.4839698386065403,0.14937883732002769,8.317237690276139
7.361,1487838495942,,,,,,,2017-02-23 08:28:15.942,8.059699456305657,26.305445069456145,1.6358196737833939,0.20606411536790378,8.317237690276139
9.535,1487838501029,,,,,,,2017-02-23 08:28:21.029,7.745725663897327,26.305445069456145,1.447435398338396,0.13688768030420712,8.317237690276139
7.177,1487838511291,,,,,,,2017-02-23 08:28:31.291,7.553044987474029,26.305445069456145,1.3318269924844173,0.10029256408730014,8.317237690276139
9.688,1487838521430,,,,,,,2017-02-23 08:28:41.430,8.146527960138283,26.305445069456145,1.6879167760829694,0.22728271333821873,8.317237690276139
7.177,1487838526550,,,,,,,2017-02-23 08:28:46.550,8.356088600631518,26.305445069456145,1.8136531603789106,0.28222050083649486,8.317237690276139
9.535,1487838531701,,,,,,,2017-02-23 08:28:51.701,7.66959460579026,26.305445069456145,1.401756763474156,0.12189601201471391,8.317237690276139
6.824,1487838542700,,,,,,,2017-02-23 08:29:02.700,8.31667391784013,26.315881964128682,1.7900043507040784,0.2714852911533234,8.315776525021985
6.893,1487838547011,,,,,,,2017-02-23 08:29:07.011,7.887549862470026,26.315881964128682,1.5325299174820155,0.16667027009887664,8.315776525021985
6.954,1487838557280,,,,,,,2017-02-23 08:29:17.280,8.357132783825364,26.315881964128682,1.8142796702952182,0.28250743536445566,8.315776525021985
7.062,1487838562339,,,,,,,2017-02-23 08:29:22.339,8.390096919476083,26.315881964128682,1.8340581516856496,0.29163302171353495,8.315776525021985
8.759,1487838567489,,,,,,,2017-02-23 08:29:27.489,7.810809546084162,26.315881964128682,1.486485727650497,0.15025539636269838,8.315776525021985
10.932,1487838572539,,,,,,,2017-02-23 08:29:32.539,7.848279539104808,26.315881964128682,1.5089677234628844,0.15818199896757035,8.315776525021985
7.039,1487838577619,,,,,,,2017-02-23 08:29:37.619,7.7436380597145416,26.315881964128682,1.446182835828725,0.13646731651938915,8.315776525021985
7.208,1487838598028,,,,,,,2017-02-23 08:29:58.028,8.300375731723769,26.315881964128682,1.7802254390342611,0.2671007045724297,8.315776525021985
7.069,1487838608278,,,,,,,2017-02-23 08:30:08.278,7.958711666693804,26.326284287026162,1.5752270000162825,0.18252339026099482,8.314320199816336
8.605,1487838613408,,,,,,,2017-02-23 08:30:13.408,8.155794560074655,26.326284287026162,1.693476736044793,0.22960065463425136,8.314320199816336
7.192,1487838618498,,,,,,,2017-02-23 08:30:18.498,7.573794795307288,26.326284287026162,1.3442768771843727,0.10401944510172019,8.314320199816336
7.545,1487838623608,,,,,,,2017-02-23 08:30:23.608,7.69925864891551,26.326284287026162,1.4195551893493061,0.12765472816352583,8.314320199816336
7.1,1487838628718,,,,,,,2017-02-23 08:30:28.718,7.954389100198114,26.326284287026162,1.572633460118868,0.18154309249680664,8.314320199816336
6.962,1487838638947,,,,,,,2017-02-23 08:30:38.947,8.177297647741685,26.326284287026162,1.7063785886450114,0.2350191216297551,8.314320199816336
6.831,1487838649227,,,,,,,2017-02-23 08:30:49.227,7.689971172821443,26.326284287026162,1.413982703692866,0.12584038451547755,8.314320199816336
6.754,1487838654298,,,,,,,2017-02-23 08:30:54.298,7.845763411308127,26.326284287026162,1.5074580467848762,0.15764444694096383,8.314320199816336
6.854,1487838659617,,,,,,,2017-02-23 08:30:59.617,8.173629654777468,26.326284287026162,1.7041777928664805,0.23409091532946108,8.314320199816336
6.839,1487838664728,,,,,,,2017-02-23 08:31:04.728,8.177457502036717,26.336651840103347,1.70647450122203,0.23505961037426498,8.31286874238553
6.939,1487838669757,,,,,,,2017-02-23 08:31:09.757,7.8016833797892815,26.336651840103347,1.481010027873569,0.14835031302222146,8.31286874238553
6.908,1487838674847,,,,,,,2017-02-23 08:31:14.847,7.70179228402929,26.336651840103347,1.421075370417574,0.12815148040666335,8.31286874238553
9.688,1487838679948,,,,,,,2017-02-23 08:31:19.948,7.718832398166698,26.336651840103347,1.4312994389000187,0.13151242959391532,8.31286874238553
7.522,1487838685107,,,,,,,2017-02-23 08:31:25.107,8.312915084685269,26.336651840103347,1.7877490508111613,0.27047125066039773,8.31286874238553
6.916,1487838690217,,,,,,,2017-02-23 08:31:30.217,7.548835690203165,26.336651840103347,1.329301414121899,0.0995428341932016,8.31286874238553
7.83,1487838695318,,,,,,,2017-02-23 08:31:35.318,8.183480592545855,26.336651840103347,1.710088355527513,0.23658740514109713,8.31286874238553
7.676,1487838700397,,,,,,,2017-02-23 08:31:40.397,7.547041458877635,26.336651840103347,1.3282248753265808,0.09922390485815334,8.31286874238553
7.592,1487838705518,,,,,,,2017-02-23 08:31:45.518,7.516492088862948,26.336651840103347,1.3098952533177686,0.0938529586241308,8.31286874238553
9.535,1487838710618,,,,,,,2017-02-23 08:31:50.618,7.856656824032941,26.336651840103347,1.5139940944197643,0.15997721914142163,8.31286874238553
8.145,1487838715719,,,,,,,2017-02-23 08:31:55.719,7.773442280400339,26.336651840103347,1.4640653682402032,0.1425183130714905,8.31286874238553
7.83,1487838731119,,,,,,,2017-02-23 08:32:11.119,8.179768459934996,26.346984425976974,1.7078610759609976,0.23564528465616313,8.311422180363223
7.177,1487838741318,,,,,,,2017-02-23 08:32:21.318,7.568988182544036,26.346984425976974,1.3413929095264217,0.10315152955741795,8.311422180363223
8.145,1487838746399,,,,,,,2017-02-23 08:32:26.399,7.597169639491682,26.346984425976974,1.358301783695009,0.10827969432290589,8.311422180363223
7.161,1487838751499,,,,,,,2017-02-23 08:32:31.499,8.0742294404821,26.346984425976974,1.6445376642892597,0.20955183078190426,8.311422180363223
7.108,1487838771949,,,,,,,2017-02-23 08:32:51.949,8.26055059455545,26.346984425976974,1.7563303567332702,0.2565209346762565,8.311422180363223
9.688,1487838777098,,,,,,,2017-02-23 08:32:57.098,7.616188602374623,26.346984425976974,1.369713161424774,0.1117944270877413,8.311422180363223
7.361,1487838787298,,,,,,,2017-02-23 08:33:07.298,7.889491082270645,26.357281847929503,1.533694649362387,0.16709466434065245,8.30998054128987
7.315,1487838792338,,,,,,,2017-02-23 08:33:12.338,8.175048045649376,26.357281847929503,1.7050288273896257,0.23444965568779527,8.30998054128987
7.83,1487838798279,,,,,,,2017-02-23 08:33:18.279,7.629334639543708,26.357281847929503,1.3776007837262247,0.11424920494067181,8.30998054128987
7.83,1487838802538,,,,,,,2017-02-23 08:33:22.538,7.813556672328833,26.357281847929503,1.4881340033972996,0.15083081484627509,8.30998054128987
7.676,1487838807699,,,,,,,2017-02-23 08:33:27.699,8.158343495418494,26.357281847929503,1.6950060972510963,0.23024005068957143,8.30998054128987
7.039,1487838817898,,,,,,,2017-02-23 08:33:37.898,8.233630283246198,26.357281847929503,1.7401781699477188,0.24947721226809982,8.30998054128987
7.185,1487838823008,,,,,,,2017-02-23 08:33:43.008,7.745151956833128,26.357281847929503,1.4470911740998769,0.13677210549164476,8.30998054128987
7.008,1487838833138,,,,,,,2017-02-23 08:33:53.138,7.804004818602231,26.357281847929503,1.4824028911613387,0.1488339645835863,8.30998054128987
6.831,1487838838257,,,,,,,2017-02-23 08:33:58.257,7.598592658668775,26.357281847929503,1.3591555952012648,0.1085411680316319,8.30998054128987
7.016,1487838843359,,,,,,,2017-02-23 08:34:03.359,7.750811296188558,26.367543909912857,1.4504867777131347,0.13791392132217903,8.3085438526122
8.145,1487838848439,,,,,,,2017-02-23 08:34:08.439,8.339731736334516,26.367543909912857,1.8038390418007093,0.27774282198997957,8.3085438526122
7.83,1487838853588,,,,,,,2017-02-23 08:34:13.588,7.955860380523277,26.367543909912857,1.5735162283139663,0.1818765066418533,8.3085438526122
7.146,1487838858688,,,,,,,2017-02-23 08:34:18.688,7.736780118902776,26.367543909912857,1.4420680713416656,0.13509006993373424,8.3085438526122
7.277,1487838863748,,,,,,,2017-02-23 08:34:23.748,7.876713207598921,26.367543909912857,1.5260279245593524,0.16430944215378243,8.3085438526122
9.227,1487838868847,,,,,,,2017-02-23 08:34:28.847,7.936699796788239,26.367543909912857,1.5620198780729433,0.17755476779847043,8.3085438526122
10.003,1487838878957,,,,,,,2017-02-23 08:34:38.957,7.744734778755277,26.367543909912857,1.4468408672531665,0.1366880886618514,8.3085438526122
6.785,1487838884138,,,,,,,2017-02-23 08:34:44.138,7.948031243556736,26.367543909912857,1.5688187461340415,0.18010529360393832,8.3085438526122
6.778,1487838889237,,,,,,,2017-02-23 08:34:49.237,8.25366322989426,26.367543909912857,1.7521979379365558,0.25471057138749154,8.3085438526122
10.464,1487838894327,,,,,,,2017-02-23 08:34:54.327,7.633802239306869,26.367543909912857,1.3802813435841212,0.11508816751539339,8.3085438526122
6.847,1487838899497,,,,,,,2017-02-23 08:34:59.497,7.555588645742554,26.367543909912857,1.3333531874455322,0.10074665291984874,8.3085438526122
6.87,1487838909648,,,,,,,2017-02-23 08:35:09.648,8.254663618476423,26.377770416552178,1.7527981710858538,0.2549731730010604,8.307112141682694
8.759,1487838914727,,,,,,,2017-02-23 08:35:14.727,8.383672005913905,26.377770416552178,1.8302032035483426,0.28984415785934586,8.307112141682694
7.522,1487838919827,,,,,,,2017-02-23 08:35:19.827,8.080661798226155,26.377770416552178,1.6483970789356928,0.21110391673005252,8.307112141682694
6.854,1487838924957,,,,,,,2017-02-23 08:35:24.957,7.69366470842116,26.377770416552178,1.416198825052696,0.1265606910057107,8.307112141682694
6.839,1487838930057,,,,,,,2017-02-23 08:35:30.057,8.328726969970221,26.377770416552178,1.7972361819821328,0.2747483422802395,8.307112141682694
7.369,1487838940248,,,,,,,2017-02-23 08:35:40.248,7.885601154880933,26.377770416552178,1.53136069292856,0.1662446936782511,8.307112141682694
6.977,1487838950448,,,,,,,2017-02-23 08:35:50.448,7.949791700703537,26.377770416552178,1.5698750204221223,0.18050292696231526,8.307112141682694
7.254,1487838960688,,,,,,,2017-02-23 08:36:00.688,7.612339853535673,26.387961173149513,1.3674039121214037,0.11107966936968071,8.305685435759067
7.392,1487838981028,,,,,,,2017-02-23 08:36:21.028,7.70359076010409,26.387961173149513,1.422154456062454,0.12850456259388918,8.305685435759067
7.983,1487838986119,,,,,,,2017-02-23 08:36:26.119,7.823781015076607,26.387961173149513,1.4942686090459643,0.1529803833366187,8.305685435759067
7.254,1487838991209,,,,,,,2017-02-23 08:36:31.209,8.018233519396636,26.387961173149513,1.6109401116379818,0.1962501241737949,8.305685435759067
7.676,1487839001429,,,,,,,2017-02-23 08:36:41.429,7.845407781731135,26.387961173149513,1.507244669038681,0.1575685305985806,8.305685435759067
7.092,1487839006519,,,,,,,2017-02-23 08:36:46.519,7.705425395452692,26.387961173149513,1.4232552372716152,0.1288651436036767,8.305685435759067
7.185,1487839011618,,,,,,,2017-02-23 08:36:51.618,7.977713180259359,26.387961173149513,1.5866279081556154,0.1868592599602204,8.305685435759067
8.022,1487839022679,,,,,,,2017-02-23 08:37:02.679,8.343839456635683,26.398115985687546,1.8063036739814098,0.2788642882558498,8.304263762003742
7.538,1487839042329,,,,,,,2017-02-23 08:37:22.329,8.21682762163135,26.398115985687546,1.7300965729788096,0.24512486126861155,8.304263762003742
7.1,1487839047429,,,,,,,2017-02-23 08:37:27.429,7.929478401132678,26.398115985687546,1.5576870406796066,0.17593738681718946,8.304263762003742
6.993,1487839057689,,,,,,,2017-02-23 08:37:37.689,8.377326823027063,26.398115985687546,1.826396093816238,0.2880823548248206,8.304263762003742
10.464,1487839067819,,,,,,,2017-02-23 08:37:47.819,7.653798976000138,26.398115985687546,1.3922793856000826,0.11887267137314514,8.304263762003742
7.185,1487839072938,,,,,,,2017-02-23 08:37:52.938,7.7235212273333635,26.398115985687546,1.4341127364000181,0.13244335544545532,8.304263762003742
9.074,1487839083209,,,,,,,2017-02-23 08:38:03.209,7.642355564941237,26.40823466083329,1.3854133389647423,0.11670106358207712,8.30284714748334
7.768,1487839088318,,,,,,,2017-02-23 08:38:08.318,8.004971048913259,26.40823466083329,1.602982629347955,0.19315476602751386,8.30284714748334
7.008,1487839093429,,,,,,,2017-02-23 08:38:13.429,8.091084939716925,26.40823466083329,1.654650963830155,0.21362949398892078,8.30284714748334
9.535,1487839098509,,,,,,,2017-02-23 08:38:18.509,8.394872141635375,26.40823466083329,1.836923284981225,0.2929657773537895,8.30284714748334
8.912,1487839108709,,,,,,,2017-02-23 08:38:28.709,7.6754736463140425,26.40823466083329,1.4052841877884255,0.12302892719906004,8.30284714748334
8.452,1487839113828,,,,,,,2017-02-23 08:38:33.828,7.520945454987159,26.40823466083329,1.3125672729922955,0.09462894098286855,8.30284714748334
10.464,1487839118937,,,,,,,2017-02-23 08:38:38.937,7.741180507831795,26.40823466083329,1.4447083046990772,0.13597312958854896,8.30284714748334
8.605,1487839124047,,,,,,,2017-02-23 08:38:44.047,7.879895068717552,26.40823466083329,1.527937041230531,0.16500116761357375,8.30284714748334
7.1,1487839129208,,,,,,,2017-02-23 08:38:49.208,8.014717044330306,26.40823466083329,1.6088302265981835,0.19542734976826018,8.30284714748334
6.793,1487839134317,,,,,,,2017-02-23 08:38:54.317,7.61572258954066,26.40823466083329,1.3694335537243958,0.11170778846479323,8.30284714748334
6.985,1487839139357,,,,,,,2017-02-23 08:38:59.357,7.718563710329345,26.40823466083329,1.431138226197607,0.13145916390502319,8.30284714748334
6.862,1487839149547,,,,,,,2017-02-23 08:39:09.547,7.723332630477835,26.418317005941756,1.4339995782867012,0.13240586027235665,8.301435619168153
7.676,1487839154657,,,,,,,2017-02-23 08:39:14.657,8.206942895497935,26.418317005941756,1.7241657372987609,0.24258027347534508,8.301435619168153
6.754,1487839159797,,,,,,,2017-02-23 08:39:19.797,8.140940410645037,26.418317005941756,1.6845642463870218,0.225890027230816,8.301435619168153
7.676,1487839175057,,,,,,,2017-02-23 08:39:35.057,7.925829802645448,26.418317005941756,1.5554978815872689,0.1751225873042808,8.301435619168153
7.676,1487839185377,,,,,,,2017-02-23 08:39:45.377,7.641138606749425,26.418317005941756,1.3846831640496549,0.11647104673981118,8.301435619168153
9.688,1487839190428,,,,,,,2017-02-23 08:39:50.428,8.256681850027375,26.418317005941756,1.754009110016425,0.2555033235343596,8.301435619168153
10.779,1487839195488,,,,,,,2017-02-23 08:39:55.488,8.11333627765551,26.418317005941756,1.6680017665933056,0.2190647231260466,8.301435619168153
10.464,1487839205708,,,,,,,2017-02-23 08:40:05.708,7.502424463284647,26.428362829059616,1.301454677970788,0.09141736036629236,8.300029203931652
10.31,1487839211059,,,,,,,2017-02-23 08:40:11.059,7.813608758308353,26.428362829059616,1.488165254985012,0.1508417336262992,8.300029203931652
8.145,1487839221323,,,,,,,2017-02-23 08:40:21.323,8.161208695760813,26.428362829059616,1.6967252174564877,0.2309597120318427,8.300029203931652
9.227,1487839231599,,,,,,,2017-02-23 08:40:31.599,7.681414500352475,26.428362829059616,1.4088487002114851,0.12417796731691404,8.300029203931652
7.208,1487839236699,,,,,,,2017-02-23 08:40:36.699,7.510532615057583,26.428362829059616,1.30631956903455,0.09281826594870138,8.300029203931652
6.969,1487839246918,,,,,,,2017-02-23 08:40:46.918,7.606608773620932,26.428362829059616,1.3639652641725593,0.1100186348995779,8.300029203931652
7.054,1487839252028,,,,,,,2017-02-23 08:40:52.028,7.947008427782586,26.428362829059616,1.5682050566695513,0.17987444164912428,8.300029203931652
7.1,1487839257188,,,,,,,2017-02-23 08:40:57.188,8.285141994902489,26.428362829059616,1.7710851969414931,0.26303130025279564,8.300029203931652
9.227,1487839262298,,,,,,,2017-02-23 08:41:02.298,7.887767840973331,26.438371938928892,1.5326607045839986,0.16671790255700009,8.298627928549955
7.261,1487839267418,,,,,,,2017-02-23 08:41:07.418,7.630371829981839,26.438371938928892,1.3782230979891035,0.11444376360004514,8.298627928549955
7.208,1487839272499,,,,,,,2017-02-23 08:41:12.499,8.340247279018552,26.438371938928892,1.8041483674111312,0.2778834613850758,8.298627928549955
7.53,1487839277609,,,,,,,2017-02-23 08:41:17.609,8.24631786795941,26.438371938928892,1.7477907207756462,0.25278609489114745,8.298627928549955
7.146,1487839282719,,,,,,,2017-02-23 08:41:22.719,8.02807956481178,26.438371938928892,1.6168477388870677,0.19856176675393397,8.298627928549955
7.246,1487839287829,,,,,,,2017-02-23 08:41:27.829,7.6201133297890875,26.438371938928892,1.3720679978734525,0.11252512544330437,8.298627928549955
8.759,1487839292909,,,,,,,2017-02-23 08:41:32.909,7.60236682860502,26.438371938928892,1.3614200971630122,0.10923583257598245,8.298627928549955
10.779,1487839298029,,,,,,,2017-02-23 08:41:38.029,8.16216791332032,26.438371938928892,1.6973007479921924,0.23120086181695448,8.298627928549955
7.016,1487839303109,,,,,,,2017-02-23 08:41:43.109,7.575007033468781,26.438371938928892,1.3450042200812686,0.10423877306081754,8.298627928549955
7.676,1487839308228,,,,,,,2017-02-23 08:41:48.228,8.034132982927774,26.438371938928892,1.6204797897566645,0.19998875567065652,8.298627928549955
8.145,1487839318439,,,,,,,2017-02-23 08:41:58.439,7.523529024750845,26.438371938928892,1.3141174148505068,0.09508020915748887,8.298627928549955
7.115,1487839323538,,,,,,,2017-02-23 08:42:03.538,7.786417552769292,26.44834414499055,1.471850531661575,0.1451859199483792,8.297231819701322
9.849,1487839328628,,,,,,,2017-02-23 08:42:08.628,8.033637097769303,26.44834414499055,1.6201822586615815,0.19987169394325868,8.297231819701322
7.238,1487839333719,,,,,,,2017-02-23 08:42:13.719,7.534463833999063,26.44834414499055,1.320678300399438,0.0969990447990738,8.297231819701322
6.985,1487839338838,,,,,,,2017-02-23 08:42:18.838,8.17587705726598,26.44834414499055,1.705526234359588,0.23465944164205987,8.297231819701322
6.885,1487839349047,,,,,,,2017-02-23 08:42:29.047,7.91912692862756,26.44834414499055,1.5514761571765359,0.17362987466198662,8.297231819701322
10.31,1487839364317,,,,,,,2017-02-23 08:42:44.317,7.975806294449401,26.44834414499055,1.5854837766696406,0.18642218043555722,8.297231819701322
7.522,1487839369418,,,,,,,2017-02-23 08:42:49.418,7.600609390918775,26.44834414499055,1.3603656345512651,0.10891215021049215,8.297231819701322
10.157,1487839374539,,,,,,,2017-02-23 08:42:54.539,8.043478998414225,26.44834414499055,1.6260873990485347,0.20220055303028636,8.297231819701322
6.77,1487839379618,,,,,,,2017-02-23 08:42:59.618,8.116781918054105,26.44834414499055,1.6700691508324632,0.21991168597161614,8.297231819701322
6.908,1487839384718,,,,,,,2017-02-23 08:43:04.718,8.272375550422671,26.458279257388167,1.7634253302536027,0.25964243412614296,8.295840903965656
9.227,1487839389768,,,,,,,2017-02-23 08:43:09.768,8.045577245214021,26.458279257388167,1.6273463471284129,0.20269855800653092,8.295840903965656
6.993,1487839415318,,,,,,,2017-02-23 08:43:35.318,7.867856450926769,26.458279257388167,1.5207138705560617,0.16239041166871068,8.295840903965656
7.983,1487839425426,,,,,,,2017-02-23 08:43:45.426,8.272098102629121,26.458279257388167,1.7632588615774725,0.25956900245721815,8.295840903965656
10.779,1487839431349,,,,,,,2017-02-23 08:43:51.349,7.644515206387341,26.458279257388167,1.3867091238324047,0.11710969419125324,8.295840903965656
8.759,1487839435589,,,,,,,2017-02-23 08:43:55.589,7.919198911142657,26.458279257388167,1.5515193466855943,0.1736458763427284,8.295840903965656
9.688,1487839440689,,,,,,,2017-02-23 08:44:00.689,8.2280274349152,26.468177086971522,1.73681646094912,0.24802215556476673,8.294455207823987
7.661,1487839450918,,,,,,,2017-02-23 08:44:10.918,8.27627472156223,26.468177086971522,1.7657648329373377,0.2606753987088945,8.294455207823987
8.452,1487839455998,,,,,,,2017-02-23 08:44:15.998,7.912912306808289,26.468177086971522,1.5477473840849736,0.17225071115785034,8.294455207823987
7.53,1487839461119,,,,,,,2017-02-23 08:44:21.119,8.318023133833714,26.468177086971522,1.7908138803002283,0.2718496898686266,8.294455207823987
9.849,1487839466238,,,,,,,2017-02-23 08:44:26.238,8.280990948599165,26.468177086971522,1.7685945691594989,0.2619272548666857,8.294455207823987
8.145,1487839471318,,,,,,,2017-02-23 08:44:31.318,7.790979600585465,26.468177086971522,1.474587760351279,0.1461286389781126,8.294455207823987
8.145,1487839476419,,,,,,,2017-02-23 08:44:36.419,7.933458380595748,26.468177086971522,1.5600750283574487,0.17682801152498992,8.294455207823987
10.464,1487839481529,,,,,,,2017-02-23 08:44:41.529,7.932473266975219,26.468177086971522,1.5594839601851311,0.17660738951863075,8.294455207823987
9.535,1487839486618,,,,,,,2017-02-23 08:44:46.618,7.922866377066448,26.468177086971522,1.553719826239869,0.17446197522662735,8.294455207823987
9.688,1487839491718,,,,,,,2017-02-23 08:44:51.718,7.961398045718724,26.468177086971522,1.5768388274312342,0.18313375325920395,8.294455207823987
8.145,1487839496798,,,,,,,2017-02-23 08:44:56.798,8.161934336255335,26.468177086971522,1.697160601753201,0.23114212976674517,8.294455207823987
10.31,1487839501908,,,,,,,2017-02-23 08:45:01.908,7.523291296672032,26.478037445300206,1.3139747780032194,0.09503865209762943,8.29307475765797
9.688,1487839506999,,,,,,,2017-02-23 08:45:06.999,7.987412411740108,26.478037445300206,1.5924474470440646,0.18908918636639702,8.29307475765797
10.779,1487839512039,,,,,,,2017-02-23 08:45:12.039,7.596450403951848,26.478037445300206,1.3578702423711086,0.10814763030506633,8.29307475765797
7.83,1487839522318,,,,,,,2017-02-23 08:45:22.318,7.527946766881785,26.478037445300206,1.3167680601290708,0.09585370521041568,8.29307475765797
7.031,1487839527399,,,,,,,2017-02-23 08:45:27.399,8.050683897358917,26.478037445300206,1.6304103384153503,0.20391279563435818,8.29307475765797
9.849,1487839537529,,,,,,,2017-02-23 08:45:37.529,8.08087040250106,26.478037445300206,1.6485222415006353,0.21115433470028672,8.29307475765797
7.983,1487839552909,,,,,,,2017-02-23 08:45:52.909,7.721972404237758,26.478037445300206,1.4331834425426548,0.13213555842347982,8.29307475765797
10.464,1487839568288,,,,,,,2017-02-23 08:46:08.288,7.931966180631202,26.48786014464721,1.5591797083787209,0.17649386994111316,8.29169957974939
9.849,1487839573398,,,,,,,2017-02-23 08:46:13.398,7.519946840672947,26.48786014464721,1.3119681044037683,0.09445472918291685,8.29169957974939
7.238,1487839578539,,,,,,,2017-02-23 08:46:18.539,8.30846342791562,26.48786014464721,1.7850780567493725,0.2692724964581114,8.29169957974939
7.269,1487839588731,,,,,,,2017-02-23 08:46:28.731,8.101124795010746,26.48786014464721,1.6606748770064472,0.2160745258924509,8.29169957974939
6.9,1487839593850,,,,,,,2017-02-23 08:46:33.850,7.72518851686915,26.48786014464721,1.4351131101214902,0.13277501698927752,8.29169957974939
6.87,1487839609157,,,,,,,2017-02-23 08:46:49.157,7.847280152194594,26.48786014464721,1.5083680913167565,0.15796839642396826,8.29169957974939
10.157,1487839614247,,,,,,,2017-02-23 08:46:54.247,8.10945406263213,26.48786014464721,1.665672437579278,0.21811215404025489,8.29169957974939
7.085,1487839624468,,,,,,,2017-02-23 08:47:04.468,8.140571477655616,26.497644998002503,1.6843428865933694,0.2257982032359199,8.29032970027965
6.839,1487839630387,,,,,,,2017-02-23 08:47:10.387,8.236460292245212,26.497644998002503,1.7418761753471272,0.25021359598941073,8.29032970027965
6.962,1487839639733,,,,,,,2017-02-23 08:47:19.733,7.612112754529008,26.497644998002503,1.3672676527174048,0.11103754996267427,8.29032970027965
9.227,1487839644830,,,,,,,2017-02-23 08:47:24.830,8.220265887516295,26.497644998002503,1.7321595325097767,0.24601270957598084,8.29032970027965
7.185,1487839649958,,,,,,,2017-02-23 08:47:29.958,8.349626352044137,26.497644998002503,1.8097758112264821,0.28044762883686114,8.29032970027965
10.464,1487839655033,,,,,,,2017-02-23 08:47:35.033,8.351297850618343,26.497644998002503,1.8107787103710056,0.2809057121343996,8.29032970027965
6.939,1487839660107,,,,,,,2017-02-23 08:47:40.107,7.54179628092736,26.497644998002503,1.3250777685564161,0.09829377606546749,8.29032970027965
7.346,1487839670319,,,,,,,2017-02-23 08:47:50.319,7.977820445219721,26.497644998002503,1.5866922671318324,0.18688385924999035,8.29032970027965
7.676,1487839675398,,,,,,,2017-02-23 08:47:55.398,8.319189198070326,26.497644998002503,1.7915135188421956,0.27216479860220233,8.29032970027965
8.452,1487839680549,,,,,,,2017-02-23 08:48:00.549,8.010442229104301,26.507391819076574,1.6062653374625806,0.19442913956111788,8.288965145329279
7.315,1487839690729,,,,,,,2017-02-23 08:48:10.729,7.52656095045349,26.507391819076574,1.315936570272094,0.09561081252333985,8.288965145329279
9.849,1487839700919,,,,,,,2017-02-23 08:48:20.919,7.607390597830825,26.507391819076574,1.3644343586984953,0.1101631472570497,8.288965145329279
7.177,1487839711108,,,,,,,2017-02-23 08:48:31.108,8.371264036768936,26.507391819076574,1.8227584220613617,0.28640347563027124,8.288965145329279
9.074,1487839726429,,,,,,,2017-02-23 08:48:46.429,7.754650557741114,26.507391819076574,1.4527903346446682,0.13869071032494318,8.288965145329279
7.039,1487839731509,,,,,,,2017-02-23 08:48:51.509,8.24028463755219,26.507391819076574,1.7441707825313137,0.2512102383347233,8.288965145329279
8.145,1487839736629,,,,,,,2017-02-23 08:48:56.629,7.750895364712532,26.507391819076574,1.4505372188275192,0.13793091177260958,8.288965145329279
9.074,1487839741729,,,,,,,2017-02-23 08:49:01.729,8.231506317689265,26.517100422304004,1.7389037906135587,0.24892517621171198,8.28760594087744
10.617,1487839746830,,,,,,,2017-02-23 08:49:06.830,7.896066417417796,26.517100422304004,1.5376398504506774,0.16853554021623093,8.28760594087744
7.185,1487839751943,,,,,,,2017-02-23 08:49:11.943,7.786532984912992,26.517100422304004,1.4719197909477955,0.14520974249162363,8.28760594087744
7.046,1487839757129,,,,,,,2017-02-23 08:49:17.129,7.946198614721036,26.517100422304004,1.5677191688326215,0.17969175395875644,8.28760594087744
10.157,1487839767311,,,,,,,2017-02-23 08:49:27.311,7.804650273313474,26.517100422304004,1.4827901639880843,0.14896855435171594,8.28760594087744
7.154,1487839772421,,,,,,,2017-02-23 08:49:32.421,7.883891840110303,26.517100422304004,1.530335104066182,0.16587177319316865,8.28760594087744
7.661,1487839782632,,,,,,,2017-02-23 08:49:42.632,8.113466431145097,26.517100422304004,1.6680798586870584,0.21909668988547087,8.28760594087744
7.699,1487839787729,,,,,,,2017-02-23 08:49:47.729,8.35787702049322,26.517100422304004,1.8147262122959318,0.28271202646225324,8.28760594087744
7.092,1487839792825,,,,,,,2017-02-23 08:49:52.825,7.520553740981093,26.517100422304004,1.3123322445886558,0.09456059082484708,8.28760594087744
7.83,1487839797938,,,,,,,2017-02-23 08:49:57.938,7.729551625236414,26.517100422304004,1.437730975141848,0.13364451645958386,8.28760594087744
7.208,1487839803035,,,,,,,2017-02-23 08:50:03.035,7.734068978310213,26.526770622846982,1.440441386986128,0.13454716146578788,8.28625211280142
10.464,1487839808109,,,,,,,2017-02-23 08:50:08.109,7.910137041544222,26.526770622846982,1.5460822249265331,0.171636314716405,8.28625211280142
9.381,1487839813224,,,,,,,2017-02-23 08:50:13.224,8.026578313953088,26.526770622846982,1.615946988371853,0.19820855324347184,8.28625211280142
7.138,1487839818339,,,,,,,2017-02-23 08:50:18.339,7.519168145709001,26.526770622846982,1.3115008874254006,0.09431896613054347,8.28625211280142
7.131,1487839833713,,,,,,,2017-02-23 08:50:33.713,8.10455546085388,26.526770622846982,1.6627332765123284,0.2169127775817624,8.28625211280142
10.31,1487839838817,,,,,,,2017-02-23 08:50:38.817,7.845637045497978,26.526770622846982,1.5073822272987867,0.15761746985888647,8.28625211280142
7.569,1487839849008,,,,,,,2017-02-23 08:50:49.008,8.366283339137851,26.526770622846982,1.8197700034827107,0.28502754375177997,8.28625211280142
7.522,1487839859318,,,,,,,2017-02-23 08:50:59.318,7.639580648308103,26.526770622846982,1.3837483889848616,0.1161768369519203,8.28625211280142
6.854,1487839864356,,,,,,,2017-02-23 08:51:04.356,7.693264561108764,26.536402236598825,1.4159587366652584,0.12648257594554121,8.284903686876163
6.908,1487839869497,,,,,,,2017-02-23 08:51:09.497,7.746952573318568,26.536402236598825,1.448171543991141,0.13713497701891347,8.284903686876163
6.969,1487839874621,,,,,,,2017-02-23 08:51:14.621,7.604116871798381,26.536402236598825,1.3624701230790288,0.10955852132890644,8.284903686876163
7.83,1487839879727,,,,,,,2017-02-23 08:51:19.727,8.20380223174574,26.536402236598825,1.722281339047444,0.24177423874488443,8.284903686876163
8.298,1487839884801,,,,,,,2017-02-23 08:51:24.801,8.277266486270118,26.536402236598825,1.7663598917620709,0.26093842707918213,8.284903686876163
6.946,1487839900113,,,,,,,2017-02-23 08:51:40.113,7.646024181327622,26.536402236598825,1.3876145087965732,0.11739554288029512,8.284903686876163
7.83,1487839915314,,,,,,,2017-02-23 08:51:55.314,8.211926651140992,26.536402236598825,1.727155990684595,0.24386175739254026,8.284903686876163
8.298,1487839920391,,,,,,,2017-02-23 08:52:00.391,7.545667170158582,26.545995080187495,1.3274003020951493,0.09897988269309373,8.28356068877375
8.145,1487839935729,,,,,,,2017-02-23 08:52:15.729,8.297483835824043,26.545995080187495,1.7784903014944256,0.2663260478657731,8.28356068877375
7.284,1487839951035,,,,,,,2017-02-23 08:52:31.035,7.971145608510303,26.545995080187495,1.5826873651061821,0.18535573572888486,8.28356068877375
7.169,1487839961201,,,,,,,2017-02-23 08:52:41.201,8.320290961097433,26.545995080187495,1.7921745766584596,0.27246268096024745,8.28356068877375
7.023,1487839966313,,,,,,,2017-02-23 08:52:46.313,8.284130833448863,26.545995080187495,1.7704785000693177,0.26276217319111694,8.28356068877375
7.407,1487839971424,,,,,,,2017-02-23 08:52:51.424,8.06074401275677,26.545995080187495,1.6364464076540617,0.2063140010647182,8.28356068877375
8.605,1487839976514,,,,,,,2017-02-23 08:52:56.514,7.538163435814053,26.545995080187495,1.322898061488432,0.09765149783000518,8.28356068877375
8.605,1487839986729,,,,,,,2017-02-23 08:53:06.729,8.321073977766735,26.55554897097908,1.792644386660041,0.2726744727938198,8.282223144062929
7.953,1487839991841,,,,,,,2017-02-23 08:53:11.841,7.868065852904974,26.55554897097908,1.5208395117429843,0.16243567502413545,8.282223144062929
7.983,1487839997003,,,,,,,2017-02-23 08:53:17.003,8.3188177272018,26.55554897097908,1.79129063632108,0.272064397301505,8.282223144062929
9.381,1487840002105,,,,,,,2017-02-23 08:53:22.105,8.293319466219407,26.55554897097908,1.7759916797316437,0.26521229471869656,8.282223144062929
8.145,1487840007204,,,,,,,2017-02-23 08:53:27.204,8.272842517866154,26.55554897097908,1.7637055107196926,0.25976604651828034,8.282223144062929
7.154,1487840017401,,,,,,,2017-02-23 08:53:37.401,7.934097859837184,26.55554897097908,1.5604587159023104,0.1769712890069091,8.282223144062929
7.085,1487840022515,,,,,,,2017-02-23 08:53:42.515,8.083078026468911,26.55554897097908,1.6498468158813466,0.21168821964970555,8.282223144062929
7.929,1487840028460,,,,,,,2017-02-23 08:53:48.460,8.1284377433114,26.55554897097908,1.6770626459868399,0.2227873316826603,8.282223144062929
7.046,1487840032779,,,,,,,2017-02-23 08:53:52.779,7.603174047184084,26.55554897097908,1.3619044283104507,0.10938462915640314,8.282223144062929
8.298,1487840043019,,,,,,,2017-02-23 08:54:03.019,7.583742666379162,26.565063727081263,1.350245599827497,0.10582450866755329,8.280891078208622
9.074,1487840053200,,,,,,,2017-02-23 08:54:13.200,8.147445610547026,26.565063727081263,1.6884673663282155,0.22751179413108508,8.280891078208622
8.912,1487840058309,,,,,,,2017-02-23 08:54:18.309,7.662824031615937,26.565063727081263,1.3976944189695621,0.12059643335424125,8.280891078208622
7.569,1487840063419,,,,,,,2017-02-23 08:54:23.419,7.783969728554393,26.565063727081263,1.4703818371326356,0.14468112171547087,8.280891078208622
7.83,1487840068509,,,,,,,2017-02-23 08:54:28.509,7.938042613320511,26.565063727081263,1.5628255679923067,0.1778562093562077,8.280891078208622
7.154,1487840073599,,,,,,,2017-02-23 08:54:33.599,8.078070144092097,26.565063727081263,1.646842086455258,0.2104779702732801,8.280891078208622
9.227,1487840078690,,,,,,,2017-02-23 08:54:38.690,8.380344352798998,26.565063727081263,1.828206611679399,0.28891959945173284,8.280891078208622
7.008,1487840093947,,,,,,,2017-02-23 08:54:53.947,7.676110859894162,26.565063727081263,1.405666515936497,0.12315197000015546,8.280891078208622
7.1,1487840099117,,,,,,,2017-02-23 08:54:59.117,8.075126353699064,26.565063727081263,1.6450758122194382,0.20976795219938982,8.280891078208622
7.023,1487840104218,,,,,,,2017-02-23 08:55:04.218,7.772932541909226,26.574539167346806,1.4637595251455355,0.14241392755436874,8.279564516571446
7.83,1487840109227,,,,,,,2017-02-23 08:55:09.227,7.660301778000433,26.574539167346806,1.39618106680026,0.12011370541788058,8.279564516571446
7.492,1487840114358,,,,,,,2017-02-23 08:55:14.358,7.8221541907641265,26.574539167346806,1.4932925144584759,0.1526375201690431,8.279564516571446
7.369,1487840119527,,,,,,,2017-02-23 08:55:19.527,7.6212040728889034,26.574539167346806,1.372722443733342,0.11272852617398292,8.279564516571446
7.016,1487840129735,,,,,,,2017-02-23 08:55:29.735,7.540424124612438,26.574539167346806,1.324254474767463,0.09805099602438033,8.279564516571446
6.862,1487840134778,,,,,,,2017-02-23 08:55:34.778,8.27775638746532,26.574539167346806,1.766653832479192,0.2610683985386214,8.279564516571446
6.847,1487840139946,,,,,,,2017-02-23 08:55:39.946,8.250420415887747,26.574539167346806,1.7502522495326485,0.253860159567561,8.279564516571446
7.83,1487840145056,,,,,,,2017-02-23 08:55:45.056,7.8035331552389335,26.574539167346806,1.4821198931433601,0.14873564528085473,8.279564516571446
6.877,1487840150135,,,,,,,2017-02-23 08:55:50.135,8.10472154309999,26.574539167346806,1.6628329258599936,0.21695339409455214,8.279564516571446
9.849,1487840160315,,,,,,,2017-02-23 08:56:00.315,7.855635310302378,26.583975111376994,1.5133811861814266,0.1597578618080411,8.27824348440722
7.983,1487840180730,,,,,,,2017-02-23 08:56:20.730,7.825138389107943,26.583975111376994,1.4950830334647658,0.15326670125086872,8.27824348440722
10.464,1487840185849,,,,,,,2017-02-23 08:56:25.849,7.87585543292797,26.583975111376994,1.5255132597567822,0.16412317285129924,8.27824348440722
9.688,1487840190933,,,,,,,2017-02-23 08:56:30.933,7.79607988201343,26.583975111376994,1.477647929208058,0.14718553749829516,8.27824348440722
7.323,1487840206378,,,,,,,2017-02-23 08:56:46.378,7.6903022711581634,26.583975111376994,1.414181362694898,0.12590488790368143,8.27824348440722
8.145,1487840211366,,,,,,,2017-02-23 08:56:51.366,8.068982678486613,26.583975111376994,1.6413896070919676,0.20828949800476543,8.27824348440722
8.759,1487840221593,,,,,,,2017-02-23 08:57:01.593,8.237678253252811,26.59337137952504,1.7426069519516867,0.2505308118788107,8.276928006866495
7.522,1487840226634,,,,,,,2017-02-23 08:57:06.634,8.361173955518392,26.59337137952504,1.8167043733110355,0.28361915524895515,8.276928006866495
8.145,1487840242025,,,,,,,2017-02-23 08:57:22.025,7.930261215463469,26.59337137952504,1.5581567292780814,0.17611241187164278,8.276928006866495
7.254,1487840247114,,,,,,,2017-02-23 08:57:27.114,7.53379245302223,26.59337137952504,1.3202754718133383,0.09688081771269921,8.276928006866495
7.161,1487840252204,,,,,,,2017-02-23 08:57:32.204,8.369831363257314,26.59337137952504,1.8218988179543882,0.2860073905106225,8.276928006866495
8.006,1487840262333,,,,,,,2017-02-23 08:57:42.333,8.17118342648952,26.59337137952504,1.702710055893712,0.23347278087585027,8.276928006866495
7.023,1487840267497,,,,,,,2017-02-23 08:57:47.497,8.108695058107912,26.59337137952504,1.6652170348647473,0.2179261304204606,8.276928006866495
7.185,1487840277723,,,,,,,2017-02-23 08:57:57.723,7.678507324750395,26.59337137952504,1.407104394850237,0.12361515175644056,8.276928006866495
7.161,1487840287925,,,,,,,2017-02-23 08:58:07.925,8.147280247232956,26.602727792899554,1.6883681483397737,0.22747050563154592,8.275618108994061
7.231,1487840298631,,,,,,,2017-02-23 08:58:18.631,8.233122534523947,26.602727792899554,1.7398735207143678,0.24934519497572774,8.275618108994061
6.908,1487840308851,,,,,,,2017-02-23 08:58:28.851,7.991592193931348,26.602727792899554,1.5949553163588088,0.19005363046424603,8.275618108994061
7.983,1487840313932,,,,,,,2017-02-23 08:58:33.932,7.9502755460659875,26.602727792899554,1.5701653276395926,0.18061227796645127,8.275618108994061
7.031,1487840324211,,,,,,,2017-02-23 08:58:44.211,8.195375490835321,26.602727792899554,1.7172252945011928,0.23961740881894306,8.275618108994061
7.83,1487840329323,,,,,,,2017-02-23 08:58:49.323,7.891752289151126,26.602727792899554,1.5350513734906754,0.16758958509730246,8.275618108994061
8.452,1487840334432,,,,,,,2017-02-23 08:58:54.432,8.26810355231742,26.602727792899554,1.7608621313904522,0.2585127950235547,8.275618108994061
7.108,1487840339533,,,,,,,2017-02-23 08:58:59.533,7.7209367088124345,26.602727792899554,1.4325620252874607,0.13192989567379096,8.275618108994061
7.983,1487840349728,,,,,,,2017-02-23 08:59:09.728,8.032255356027386,26.612044173367906,1.619353213616432,0.19954566707790086,8.274313815728492
7.83,1487840359932,,,,,,,2017-02-23 08:59:19.932,8.310072358528144,26.612044173367906,1.7860434151168865,0.2697054792299218,8.274313815728492
7.231,1487840395720,,,,,,,2017-02-23 08:59:55.720,7.536857271643305,26.612044173367906,1.3221143629859828,0.09742095823102771,8.274313815728492
8.145,1487840405851,,,,,,,2017-02-23 09:00:05.851,8.111131904090147,26.621320343559642,1.6666791424540883,0.21852361975531623,8.27301515190165
7.254,1487840411018,,,,,,,2017-02-23 09:00:11.018,7.672737508126239,26.621320343559642,1.403642504875743,0.12250114620053278,8.27301515190165
7.522,1487840416122,,,,,,,2017-02-23 09:00:16.122,7.812836577895437,26.621320343559642,1.4877019467372623,0.1506798948661749,8.27301515190165
8.145,1487840421344,,,,,,,2017-02-23 09:00:21.344,8.35450129081591,26.621320343559642,1.8127007744895465,0.2817845693807002,8.27301515190165
7.676,1487840436739,,,,,,,2017-02-23 09:00:36.739,7.610223254448129,26.621320343559642,1.3661339526688772,0.11068734971434636,8.27301515190165
7.238,1487840441847,,,,,,,2017-02-23 09:00:41.847,8.051686218719565,26.621320343559642,1.6310117312317391,0.20415149065527077,8.27301515190165
7.53,1487840447006,,,,,,,2017-02-23 09:00:47.006,7.784352095791475,26.621320343559642,1.4706112574748853,0.14475992733899404,8.27301515190165
10.779,1487840452183,,,,,,,2017-02-23 09:00:52.183,8.144988192807306,26.621320343559642,1.6869929156843835,0.22689855529450667,8.27301515190165
9.688,1487840462316,,,,,,,2017-02-23 09:01:02.316,7.773394477867996,26.630556126869855,1.464036686720798,0.14250852262501826,8.27172214223822
7.307,1487840467402,,,,,,,2017-02-23 09:01:07.402,8.028638017094533,26.630556126869855,1.6171828102567196,0.19869322812731804,8.27172214223822
7.983,1487840472514,,,,,,,2017-02-23 09:01:12.514,7.802855112956514,26.630556126869855,1.481713067773908,0.1485943525951545,8.27172214223822
8.145,1487840477635,,,,,,,2017-02-23 09:01:17.635,7.668715354550221,26.630556126869855,1.4012292127301325,0.12172693323429841,8.27172214223822
8.759,1487840482750,,,,,,,2017-02-23 09:01:22.750,7.819479313983471,26.630556126869855,1.4916875883900824,0.1520744639289579,8.27172214223822
7.983,1487840487902,,,,,,,2017-02-23 09:01:27.902,7.933000018033613,26.630556126869855,1.5598000108201675,0.1767253440388079,8.27172214223822
7.238,1487840493003,,,,,,,2017-02-23 09:01:33.003,7.986861223306193,26.630556126869855,1.592116733983716,0.18896216145421743,8.27172214223822
7.138,1487840498127,,,,,,,2017-02-23 09:01:38.127,7.641103153836813,26.630556126869855,1.3846618923020877,0.11646434846129353,8.27172214223822
7.307,1487840503204,,,,,,,2017-02-23 09:01:43.204,8.333484411463031,26.630556126869855,1.8000906468778186,0.27604109462075394,8.27172214223822
7.83,1487840508271,,,,,,,2017-02-23 09:01:48.271,8.05378921812775,26.630556126869855,1.6322735308766503,0.20465269540484585,8.27172214223822
7.761,1487840513417,,,,,,,2017-02-23 09:01:53.417,8.145344868315224,26.630556126869855,1.6872069209891343,0.22698751729386615,8.27172214223822
10.003,1487840518522,,,,,,,2017-02-23 09:01:58.522,7.594240453877901,26.630556126869855,1.3565442723267405,0.1077422338558257,8.27172214223822
9.688,1487840523630,,,,,,,2017-02-23 09:02:03.630,8.156613768611203,26.639751347462543,1.693968261166722,0.2298060666689154,8.270434811355244
6.885,1487840533851,,,,,,,2017-02-23 09:02:13.851,8.109977930788492,26.639751347462543,1.6659867584730952,0.2182405886585613,8.270434811355244
10.157,1487840549128,,,,,,,2017-02-23 09:02:29.128,7.87794213547159,26.639751347462543,1.5267652812829542,0.1645764627670031,8.270434811355244
10.31,1487840554250,,,,,,,2017-02-23 09:02:34.250,7.811632348103475,26.639751347462543,1.4869794088620851,0.15042764709686687,8.270434811355244
8.912,1487840564485,,,,,,,2017-02-23 09:02:44.485,7.735034903475404,26.639751347462543,1.4410209420852422,0.13474048774887099,8.270434811355244
6.993,1487840569620,,,,,,,2017-02-23 09:02:49.620,8.193560397171334,26.639751347462543,1.7161362383028003,0.23915394978493693,8.270434811355244
10.157,1487840574758,,,,,,,2017-02-23 09:02:54.758,8.26700416039061,26.639751347462543,1.7602024962343656,0.258222438510575,8.270434811355244
9.074,1487840579872,,,,,,,2017-02-23 09:02:59.872,8.35360600266536,26.639751347462543,1.8121636015992162,0.28153882492562216,8.270434811355244
7.522,1487840585035,,,,,,,2017-02-23 09:03:05.035,8.079077551383403,26.648905830273964,1.6474465308300417,0.21072118746891716,8.269153183761643
6.908,1487840595234,,,,,,,2017-02-23 09:03:15.234,7.5438473275447295,26.648905830273964,1.3263083965268376,0.09865709562566238,8.269153183761643
6.847,1487840600260,,,,,,,2017-02-23 09:03:20.260,7.774955414300885,26.648905830273964,1.4649732485805314,0.14282836005095462,8.269153183761643
7.983,1487840615503,,,,,,,2017-02-23 09:03:35.503,7.7255904565675895,26.648905830273964,1.4353542739405536,0.1328550217752878,8.269153183761643
8.452,1487840620628,,,,,,,2017-02-23 09:03:40.628,7.711371505991622,26.648905830273964,1.426822903594973,0.13003657384326892,8.269153183761643
7.515,1487840625721,,,,,,,2017-02-23 09:03:45.721,8.225629904957849,26.648905830273964,1.7353779429747092,0.24740066919089818,8.269153183761643
7.83,1487840630805,,,,,,,2017-02-23 09:03:50.805,7.792367627166051,26.648905830273964,1.4754205762996306,0.14641596163744322,8.269153183761643
7.43,1487840651203,,,,,,,2017-02-23 09:04:11.203,7.9128689851292044,26.658019401015952,1.5477213910775225,0.1722411133751203,8.267877283857766
7.269,1487840656308,,,,,,,2017-02-23 09:04:16.308,8.351116149835988,26.658019401015952,1.810669689901593,0.28085589980248815,8.267877283857766
7.215,1487840661416,,,,,,,2017-02-23 09:04:21.416,8.161239864050298,26.658019401015952,1.6967439184301787,0.23096754608520667,8.267877283857766
7.223,1487840666522,,,,,,,2017-02-23 09:04:26.522,7.852643369410756,26.658019401015952,1.5115860216464534,0.15911610029801226,8.267877283857766
7.054,1487840671634,,,,,,,2017-02-23 09:04:31.634,7.956112866812,26.658019401015952,1.5736677200872,0.18193374992795172,8.267877283857766
7.261,1487840676739,,,,,,,2017-02-23 09:04:36.739,8.34784079593718,26.658019401015952,1.8087044775623085,0.27995865781651863,8.267877283857766
7.83,1487840687022,,,,,,,2017-02-23 09:04:47.022,7.639957550243744,26.658019401015952,1.3839745301462463,0.11624798559413774,8.267877283857766
7.2,1487840692217,,,,,,,2017-02-23 09:04:52.217,7.90965267312882,26.658019401015952,1.5457916038772916,0.17152917853425223,8.267877283857766
7.154,1487840697272,,,,,,,2017-02-23 09:04:57.272,7.541280008515546,26.658019401015952,1.3247680051093276,0.09820240381085653,8.267877283857766
8.605,1487840702414,,,,,,,2017-02-23 09:05:02.414,8.280401250618091,26.667091886179268,1.7682407503708546,0.26177058182428853,8.266607135934901
7.231,1487840707517,,,,,,,2017-02-23 09:05:07.517,7.636417235234621,26.667091886179268,1.3818503411407725,0.11558034418449828,8.266607135934901
7.983,1487840717810,,,,,,,2017-02-23 09:05:17.810,8.054095352799868,26.667091886179268,1.6324572116799207,0.20472570028124185,8.266607135934901
7.369,1487840722909,,,,,,,2017-02-23 09:05:22.909,8.36634927387209,26.667091886179268,1.8198095643232546,0.28504573896632157,8.266607135934901
7.246,1487840727943,,,,,,,2017-02-23 09:05:27.943,8.393671637836862,26.667091886179268,1.8362029827021171,0.29263046148438143,8.266607135934901
10.003,1487840733032,,,,,,,2017-02-23 09:05:33.032,8.315951736035526,26.667091886179268,1.7895710416213155,0.2712903327304738,8.266607135934901
10.617,1487840738145,,,,,,,2017-02-23 09:05:38.145,7.6504699450355815,26.667091886179268,1.3902819670213489,0.11823930280766068,8.266607135934901
7.86,1487840743237,,,,,,,2017-02-23 09:05:43.237,8.084590016626573,26.667091886179268,1.6507540099759435,0.21205421211213785,8.266607135934901
7.246,1487840748342,,,,,,,2017-02-23 09:05:48.342,7.682966542345348,26.667091886179268,1.4097799254072085,0.12447885062046853,8.266607135934901
8.145,1487840753505,,,,,,,2017-02-23 09:05:53.505,7.976554052475344,26.667091886179268,1.5859324314852064,0.18659352292159959,8.266607135934901
7.185,1487840763699,,,,,,,2017-02-23 09:06:03.699,7.687205527706393,26.676123113036862,1.4123233166238358,0.12530210534172934,8.26534276417484
6.854,1487840768832,,,,,,,2017-02-23 09:06:08.832,8.11510973444938,26.676123113036862,1.669065840669628,0.21950047345015658,8.26534276417484
6.793,1487840773934,,,,,,,2017-02-23 09:06:13.934,7.559684487794431,26.676123113036862,1.3358106926766589,0.10147946618563923,8.26534276417484
8.759,1487840779017,,,,,,,2017-02-23 09:06:19.017,8.060236700368327,26.676123113036862,1.636142020220996,0.2061926220897276,8.26534276417484
7.83,1487840794453,,,,,,,2017-02-23 09:06:34.453,7.969674260028114,26.676123113036862,1.5818045560168685,0.18501960735681303,8.26534276417484
7.522,1487840799547,,,,,,,2017-02-23 09:06:39.547,7.730084671892646,26.676123113036862,1.4380508031355876,0.13375090093993194,8.26534276417484
9.381,1487840804605,,,,,,,2017-02-23 09:06:44.605,8.276644315167145,26.676123113036862,1.765986589100287,0.26077340574563557,8.26534276417484
9.849,1487840814839,,,,,,,2017-02-23 09:06:54.839,8.394360735004849,26.676123113036862,1.836616441002909,0.2928229138799388,8.26534276417484
7.522,1487840819934,,,,,,,2017-02-23 09:06:59.934,8.224117793587123,26.676123113036862,1.7344706761522737,0.24700905523635414,8.26534276417484
6.877,1487840830130,,,,,,,2017-02-23 09:07:10.130,8.34940811834281,26.685112909647202,1.8096448710056858,0.28038784544536366,8.26408419264939
9.227,1487840835318,,,,,,,2017-02-23 09:07:15.318,7.975992653942001,26.685112909647202,1.5855955923652005,0.18646487687442911,8.26408419264939
8.137,1487840840420,,,,,,,2017-02-23 09:07:20.420,8.381932658697455,26.685112909647202,1.829159595218473,0.2893607301645919,8.26408419264939
7.676,1487840845559,,,,,,,2017-02-23 09:07:25.559,7.733079421449374,26.685112909647202,1.4398476528696245,0.13434922149148285,8.26408419264939
8.605,1487840850639,,,,,,,2017-02-23 09:07:30.639,8.351917258916671,26.685112909647202,1.8111503553500028,0.2810755494960732,8.26408419264939
7.208,1487840855730,,,,,,,2017-02-23 09:07:35.730,7.757175044151868,26.685112909647202,1.4543050264911208,0.13920244779419222,8.26408419264939
7.745,1487840860812,,,,,,,2017-02-23 09:07:40.812,7.615432388606298,26.685112909647202,1.3692594331637786,0.11165384902064451,8.26408419264939
8.145,1487840865889,,,,,,,2017-02-23 09:07:45.889,8.012239231087783,26.685112909647202,1.6073435386526698,0.19484848953902284,8.26408419264939
7.3,1487840876093,,,,,,,2017-02-23 09:07:56.093,7.8884798905730955,26.685112909647202,1.5330879343438573,0.1668735387013535,8.26408419264939
7.254,1487840881207,,,,,,,2017-02-23 09:08:01.207,8.36358012077292,26.69406110485751,1.8181480724637518,0.28428201827259236,8.262831445319948
7.023,1487840891353,,,,,,,2017-02-23 09:08:11.353,7.83218971668531,26.69406110485751,1.499313830011186,0.1547576317421613,8.262831445319948
9.849,1487840896434,,,,,,,2017-02-23 09:08:16.434,8.352581628852821,26.69406110485751,1.8115489773116926,0.281257766194125,8.262831445319948
7.215,1487840901524,,,,,,,2017-02-23 09:08:21.524,7.919355416715574,26.69406110485751,1.5516132500293445,0.17368066960680037,8.262831445319948
10.617,1487840906648,,,,,,,2017-02-23 09:08:26.648,7.880257651910439,26.69406110485751,1.5281545911462633,0.16508006903878192,8.262831445319948
9.849,1487840911791,,,,,,,2017-02-23 09:08:31.791,8.281480446862528,26.69406110485751,1.7688882681175166,0.2620573381900621,8.262831445319948
7.131,1487840916926,,,,,,,2017-02-23 09:08:36.926,8.250346533267754,26.69406110485751,1.7502079199606522,0.2538407989212699,8.262831445319948
7.138,1487840922033,,,,,,,2017-02-23 09:08:42.033,7.719515823207132,26.69406110485751,1.4317094939242794,0.13164795338992505,8.262831445319948
7.983,1487840932304,,,,,,,2017-02-23 09:08:52.304,8.169855520630836,26.69406110485751,1.7019133123785017,0.2331375346596804,8.262831445319948
8.145,1487840937413,,,,,,,2017-02-23 09:08:57.413,8.349442888691549,26.69406110485751,1.809665733214929,0.28039737012386495,8.262831445319948
9.688,1487840942526,,,,,,,2017-02-23 09:09:02.526,7.65124101000171,26.702967528307056,1.3907446060010262,0.11838588430667443,8.261584546037012
11.086,1487840947633,,,,,,,2017-02-23 09:09:07.633,7.841451847846517,26.702967528307056,1.5048711087079099,0.1567250796934689,8.261584546037012
8.145,1487840952769,,,,,,,2017-02-23 09:09:12.769,7.862181171413043,26.702967528307056,1.517308702847826,0.16116567353861094,8.261584546037012
7.231,1487840968055,,,,,,,2017-02-23 09:09:28.055,7.720591611139679,26.702967528307056,1.4323549666838074,0.13186139665033678,8.261584546037012
7.83,1487840978317,,,,,,,2017-02-23 09:09:38.317,8.172443069782247,26.702967528307056,1.703465841869348,0.23379098892843678,8.261584546037012
7.154,1487840983414,,,,,,,2017-02-23 09:09:43.414,8.00779561690616,26.702967528307056,1.6046773701436958,0.19381222942080595,8.261584546037012
7.231,1487840988506,,,,,,,2017-02-23 09:09:48.506,7.934363304049089,26.702967528307056,1.5606179824294535,0.17703077709070986,8.261584546037012
7.138,1487840993613,,,,,,,2017-02-23 09:09:53.613,7.881181154317952,26.702967528307056,1.5287086925907711,0.16528110288711773,8.261584546037012
7.223,1487840998719,,,,,,,2017-02-23 09:09:58.719,8.352956965757842,26.702967528307056,1.8117741794547055,0.2813607332364384,8.261584546037012
7.83,1487841003851,,,,,,,2017-02-23 09:10:03.851,7.60537322932692,26.71183201043037,1.3632239375961521,0.10979040649175731,8.260343518539747
6.885,1487841008943,,,,,,,2017-02-23 09:10:08.943,8.320718590342793,26.71183201043037,1.7924311542056754,0.272578337811016,8.260343518539747
10.31,1487841019112,,,,,,,2017-02-23 09:10:19.112,7.799929295132346,26.71183201043037,1.4799575770794076,0.14798529368747865,8.260343518539747
7.676,1487841024249,,,,,,,2017-02-23 09:10:24.249,8.055721402753907,26.71183201043037,1.633432841652344,0.20511365792239816,8.260343518539747
7.676,1487841029351,,,,,,,2017-02-23 09:10:29.351,8.34864893387392,26.71183201043037,1.8091893603243516,0.2801799174042346,8.260343518539747
6.831,1487841034429,,,,,,,2017-02-23 09:10:34.429,7.65063108265769,26.71183201043037,1.3903786495946142,0.11826992960088041,8.260343518539747
6.939,1487841039440,,,,,,,2017-02-23 09:10:39.440,7.8818663823741115,26.71183201043037,1.529119829424467,0.16543033380759667,8.260343518539747
8.912,1487841044609,,,,,,,2017-02-23 09:10:44.609,7.936102100747339,26.71183201043037,1.5616612604484037,0.17742066386511696,8.260343518539747
7.676,1487841049658,,,,,,,2017-02-23 09:10:49.658,7.82073637842866,26.71183201043037,1.492441827057196,0.1523389665565815,8.260343518539747
6.9,1487841054788,,,,,,,2017-02-23 09:10:54.788,8.122477643488178,26.71183201043037,1.673486586092907,0.22131485967852238,8.260343518539747
6.793,1487841064965,,,,,,,2017-02-23 09:11:04.965,8.276324294095666,26.720654382460495,1.7657945764573995,0.2606885431606426,8.25910838645553
6.962,1487841070053,,,,,,,2017-02-23 09:11:10.053,7.7400803522565225,26.720654382460495,1.4440482113539135,0.13575213512049883,8.25910838645553
6.908,1487841075160,,,,,,,2017-02-23 09:11:15.160,8.050006266904987,26.720654382460495,1.630003760142992,0.20375149152574332,8.25910838645553
6.923,1487841080324,,,,,,,2017-02-23 09:11:20.324,7.519786879975998,26.720654382460495,1.3118721279855987,0.0944268345930227,8.25910838645553
7.185,1487841085410,,,,,,,2017-02-23 09:11:25.410,7.506650140280721,26.720654382460495,1.3039900841684324,0.09214647759022919,8.25910838645553
7.453,1487841100700,,,,,,,2017-02-23 09:11:40.700,7.706468085182999,26.720654382460495,1.4238808511097996,0.12907025486342397,8.25910838645553
8.145,1487841105760,,,,,,,2017-02-23 09:11:45.760,7.996548212744162,26.720654382460495,1.597928927646497,0.1911999002467611,8.25910838645553
10.779,1487841115950,,,,,,,2017-02-23 09:11:55.950,7.713207409996526,26.720654382460495,1.4279244459979157,0.13039911850004812,8.25910838645553
8.145,1487841121032,,,,,,,2017-02-23 09:12:01.032,7.6896857272586585,26.729434476432182,1.413811436355195,0.12578478559602804,8.257879173299493
7.668,1487841131236,,,,,,,2017-02-23 09:12:11.236,8.340221598469455,26.729434476432182,1.8041329590816728,0.2778764550088202,8.257879173299493
8.145,1487841141429,,,,,,,2017-02-23 09:12:21.429,7.515138866201485,26.729434476432182,1.309083319720891,0.09361763610284743,8.257879173299493
7.169,1487841151700,,,,,,,2017-02-23 09:12:31.700,7.797414546875044,26.729434476432182,1.4784487281250263,0.1474626268240808,8.257879173299493
8.145,1487841156809,,,,,,,2017-02-23 09:12:36.809,7.8734148926891105,26.729434476432182,1.5240489356134663,0.16359368246744824,8.257879173299493
9.227,1487841167016,,,,,,,2017-02-23 09:12:47.016,7.591482634375663,26.729434476432182,1.354889580625398,0.10723715745615277,8.257879173299493
10.779,1487841172102,,,,,,,2017-02-23 09:12:52.102,7.876534967562856,26.729434476432182,1.5259209805377134,0.16427072932866488,8.257879173299493
9.535,1487841177141,,,,,,,2017-02-23 09:12:57.141,7.884773114075412,26.729434476432182,1.5308638684452474,0.16606399657988835,8.257879173299493
9.535,1487841182246,,,,,,,2017-02-23 09:13:02.246,8.197549417760131,26.7381721251851,1.7185296506560785,0.2401730112677924,8.256655902474085
8.145,1487841187324,,,,,,,2017-02-23 09:13:07.324,8.293145769209827,26.7381721251851,1.7758874615258964,0.26516588497701726,8.256655902474085
7.0,1487841197612,,,,,,,2017-02-23 09:13:17.612,8.116888081877093,26.7381721251851,1.6701328491262557,0.21993780441657995,8.256655902474085
7.83,1487841202681,,,,,,,2017-02-23 09:13:22.681,8.02684253496038,26.7381721251851,1.616105520976228,0.19827069941179418,8.256655902474085
7.983,1487841207739,,,,,,,2017-02-23 09:13:27.739,8.216493687689757,26.7381721251851,1.7298962126138544,0.24503870655259438,8.256655902474085
7.046,1487841212831,,,,,,,2017-02-23 09:13:32.831,7.537360449640221,26.7381721251851,1.3224162697841324,0.09750974552995713,8.256655902474085
10.464,1487841228141,,,,,,,2017-02-23 09:13:48.141,7.858864724587788,26.7381721251851,1.5153188347526725,0.1604517660623076,8.256655902474085
10.779,1487841238416,,,,,,,2017-02-23 09:13:58.416,8.303458177747144,26.7381721251851,1.7820749066482864,0.26792750917583447,8.256655902474085
9.849,1487841243521,,,,,,,2017-02-23 09:14:03.521,7.835551072587962,26.746867162367007,1.5013306435527771,0.15547045582402538,8.255438597268618
9.074,1487841248644,,,,,,,2017-02-23 09:14:08.644,7.670407654349224,26.746867162367007,1.4022445926095342,0.12205244266771474,8.255438597268618
8.605,1487841253749,,,,,,,2017-02-23 09:14:13.749,7.811975231243477,26.746867162367007,1.4871851387460864,0.15049945246844335,8.255438597268618
7.522,1487841263962,,,,,,,2017-02-23 09:14:23.962,8.052797623531614,26.746867162367007,1.6316785741189683,0.2044163040023696,8.255438597268618
6.854,1487841274122,,,,,,,2017-02-23 09:14:34.122,8.26847650096766,26.746867162367007,1.7610859005805959,0.2586113261188074,8.255438597268618
6.808,1487841284354,,,,,,,2017-02-23 09:14:44.354,7.680462898158401,26.746867162367007,1.4082777388950407,0.12399362993994881,8.255438597268618
9.074,1487841289432,,,,,,,2017-02-23 09:14:49.432,7.5068656279507255,26.746867162367007,1.3041193767704353,0.09218371621835426,8.255438597268618
6.931,1487841294490,,,,,,,2017-02-23 09:14:54.490,7.7825852086118275,26.746867162367007,1.4695511251670965,0.14439591988880573,8.255438597268618
9.381,1487841299632,,,,,,,2017-02-23 09:14:59.632,8.24907599095125,26.746867162367007,1.7494455945707497,0.2535079608567907,8.255438597268618
7.83,1487841304660,,,,,,,2017-02-23 09:15:04.660,8.162187917658981,26.755519422436933,1.6973127505953887,0.23120589213495704,8.254227280858828
7.522,1487841309818,,,,,,,2017-02-23 09:15:09.818,7.920416658133433,26.755519422436933,1.5522499948800599,0.17391667518511558,8.254227280858828
7.054,1487841314922,,,,,,,2017-02-23 09:15:14.922,8.32617825655656,26.755519422436933,1.7957069539339359,0.2740568908241385,8.254227280858828
6.946,1487841319975,,,,,,,2017-02-23 09:15:19.975,8.11903850752421,26.755519422436933,1.6714231045145265,0.2204671437220324,8.254227280858828
10.003,1487841325142,,,,,,,2017-02-23 09:15:25.142,8.274126809277503,26.755519422436933,1.7644760855665016,0.2601061502062605,8.254227280858828
7.83,1487841330229,,,,,,,2017-02-23 09:15:30.229,8.150458282093464,26.755519422436933,1.6902749692560781,0.22826458312471457,8.254227280858828
6.824,1487841335322,,,,,,,2017-02-23 09:15:35.322,8.348861033857192,26.755519422436933,1.8093166203143152,0.28023800111150315,8.254227280858828
7.814,1487841360912,,,,,,,2017-02-23 09:16:00.912,7.763344859142674,26.764128740668315,1.4580069154856046,0.14045634666275247,8.253021976306435
9.688,1487841366008,,,,,,,2017-02-23 09:16:06.008,7.538039471403442,26.764128740668315,1.3228236828420652,0.09762960916447122,8.253021976306435
7.284,1487841371012,,,,,,,2017-02-23 09:16:11.012,8.183757989410577,26.764128740668315,1.710254793646346,0.23665787346358683,8.253021976306435
9.227,1487841376125,,,,,,,2017-02-23 09:16:16.125,7.821779052103872,26.764128740668315,1.493067431262323,0.15255850246423794,8.253021976306435
9.849,1487841386323,,,,,,,2017-02-23 09:16:26.323,7.883605989508152,26.764128740668315,1.5301635937048912,0.16580944350659385,8.253021976306435
9.535,1487841396524,,,,,,,2017-02-23 09:16:36.524,7.711590327597063,26.764128740668315,1.426954196558238,0.13007976435065288,8.253021976306435
8.145,1487841401699,,,,,,,2017-02-23 09:16:41.699,8.356794164927845,26.764128740668315,1.8140764989567066,0.2824143708308534,8.253021976306435
9.849,1487841406727,,,,,,,2017-02-23 09:16:46.727,7.563730191788927,26.764128740668315,1.338238115073356,0.1022052852284226,8.253021976306435
7.983,1487841417121,,,,,,,2017-02-23 09:16:57.121,8.174212707890321,26.764128740668315,1.7045276247341927,0.23423835228598328,8.253021976306435
9.849,1487841427363,,,,,,,2017-02-23 09:17:07.363,8.219026270869078,26.772694953152147,1.7314157625214466,0.24569244528147494,8.251822706558698
7.315,1487841432502,,,,,,,2017-02-23 09:17:12.502,7.879646153096752,26.772694953152147,1.5277876918580513,0.16494701042631116,8.251822706558698
7.154,1487841437609,,,,,,,2017-02-23 09:17:17.609,7.515853100266364,26.772694953152147,1.3095118601598184,0.09374181249309793,8.251822706558698
7.983,1487841442699,,,,,,,2017-02-23 09:17:22.699,8.350461741688964,26.772694953152147,1.810277045013378,0.2806765300150993,8.251822706558698
7.277,1487841447809,,,,,,,2017-02-23 09:17:27.809,7.88795432012873,26.772694953152147,1.5327725920772381,0.16675865633253434,8.251822706558698
7.062,1487841458034,,,,,,,2017-02-23 09:17:38.034,7.700555964444523,26.772694953152147,1.4203335786667137,0.12790898757691432,8.251822706558698
7.2,1487841463193,,,,,,,2017-02-23 09:17:43.193,7.95289558326005,26.772694953152147,1.5717373499560299,0.18120490488091623,8.251822706558698
7.062,1487841473324,,,,,,,2017-02-23 09:17:53.324,8.306726814469986,26.772694953152147,1.7840360886819915,0.2688055012799311,8.251822706558698
7.146,1487841483593,,,,,,,2017-02-23 09:18:03.593,8.108717482858847,26.781217896800094,1.665230489715308,0.21793162548800224,8.250629494447987
7.177,1487841488698,,,,,,,2017-02-23 09:18:08.698,8.168614454981965,26.781217896800094,1.7011686729891788,0.23282440362154777,8.250629494447987
7.092,1487841498942,,,,,,,2017-02-23 09:18:18.942,8.173616935129933,26.781217896800094,1.70417016107796,0.2340876993599793,8.250629494447987
7.476,1487841504035,,,,,,,2017-02-23 09:18:24.035,7.709177009963034,26.781217896800094,1.4255062059778205,0.12960374700346644,8.250629494447987
7.031,1487841509212,,,,,,,2017-02-23 09:18:29.212,8.053463783624839,26.781217896800094,1.6320782701749033,0.2045751003705316,8.250629494447987
7.668,1487841514249,,,,,,,2017-02-23 09:18:34.249,7.5116068463742955,26.781217896800094,1.3069641078245773,0.09300446070934422,8.250629494447987
7.83,1487841524450,,,,,,,2017-02-23 09:18:44.450,8.1390157727499,26.781217896800094,1.68340946364994,0.22541118238237196,8.250629494447987
6.946,1487841534656,,,,,,,2017-02-23 09:18:54.656,7.871998060808222,26.781217896800094,1.5231988364849331,0.16328661989371887,8.250629494447987
7.83,1487841539738,,,,,,,2017-02-23 09:18:59.738,8.12371585240918,26.781217896800094,1.6742295114455081,0.22162041448716965,8.250629494447987
6.946,1487841544852,,,,,,,2017-02-23 09:19:04.852,8.304990015732926,26.789697409347585,1.7829940094397556,0.26833881823184513,8.249442362691337
7.83,1487841549959,,,,,,,2017-02-23 09:19:09.959,8.205561023531605,26.789697409347585,1.7233366141189626,0.2422254775230539,8.249442362691337
7.83,1487841555048,,,,,,,2017-02-23 09:19:15.048,7.634370288517323,26.789697409347585,1.3806221731103936,0.11519501209115321,8.249442362691337
10.31,1487841560207,,,,,,,2017-02-23 09:19:20.207,7.587864305999509,26.789697409347585,1.3527185835997053,0.10657586880804208,8.249442362691337
9.074,1487841565317,,,,,,,2017-02-23 09:19:25.317,7.720240271838467,26.789697409347585,1.43214416310308,0.1317916733965852,8.249442362691337
7.676,1487841570409,,,,,,,2017-02-23 09:19:30.409,7.847154878547267,26.789697409347585,1.5082929271283598,0.15794162969207992,8.249442362691337
7.108,1487841575457,,,,,,,2017-02-23 09:19:35.457,8.335167317090294,26.789697409347585,1.8011003902541762,0.2764990453916785,8.249442362691337
10.31,1487841580550,,,,,,,2017-02-23 09:19:40.550,7.590818975411704,26.789697409347585,1.3544913852470224,0.10711574894850298,8.249442362691337
8.452,1487841595899,,,,,,,2017-02-23 09:19:55.899,7.666959549819123,26.789697409347585,1.4001757298914739,0.12138957204543742,8.249442362691337
7.615,1487841606029,,,,,,,2017-02-23 09:20:06.029,7.595802558701422,26.798133329356936,1.3574815352208531,0.10802872791186893,8.248261333890028
10.464,1487841621319,,,,,,,2017-02-23 09:20:21.319,8.332411171418212,26.798133329356936,1.799446702850927,0.2757492229820428,8.248261333890028
7.208,1487841626414,,,,,,,2017-02-23 09:20:26.414,8.325068354664548,26.798133329356936,1.795041012798729,0.2737560243944342,8.248261333890028
9.849,1487841631504,,,,,,,2017-02-23 09:20:31.504,8.064691375872691,26.798133329356936,1.6388148255236146,0.20725949764920243,8.248261333890028
7.062,1487841636543,,,,,,,2017-02-23 09:20:36.543,7.98209432272023,26.798133329356936,1.589256593632138,0.1878651196678242,8.248261333890028
7.392,1487841641699,,,,,,,2017-02-23 09:20:41.699,8.041137654098828,26.798133329356936,1.6246825924592965,0.20164547414601328,8.248261333890028
8.145,1487841646789,,,,,,,2017-02-23 09:20:46.789,8.321307092357241,26.798133329356936,1.7927842554143445,0.27273754028282376,8.248261333890028
7.085,1487841651906,,,,,,,2017-02-23 09:20:51.906,8.016869863816394,26.798133329356936,1.6101219182898365,0.1959308839437145,8.248261333890028
10.464,1487841656995,,,,,,,2017-02-23 09:20:56.995,7.8612796029408925,26.798133329356936,1.5167677617645354,0.16097146879590124,8.248261333890028
7.676,1487841662031,,,,,,,2017-02-23 09:21:02.031,7.523685130393555,26.806525496220377,1.314211078236133,0.09510750155179705,8.247086430529146
7.622,1487841667119,,,,,,,2017-02-23 09:21:07.119,8.357737529376129,26.806525496220377,1.8146425176256773,0.28267367521071013,8.247086430529146
7.123,1487841677299,,,,,,,2017-02-23 09:21:17.299,8.296530240759976,26.806525496220377,1.7779181444559855,0.2660708268774246,8.247086430529146
7.039,1487841682408,,,,,,,2017-02-23 09:21:22.408,7.54142574923019,26.806525496220377,1.3248554495381142,0.09822819442954968,8.247086430529146
8.145,1487841692592,,,,,,,2017-02-23 09:21:32.592,7.737154654573116,26.806525496220377,1.4422927927438696,0.1351651403977176,8.247086430529146
7.123,1487841702739,,,,,,,2017-02-23 09:21:42.739,7.698493287136296,26.806525496220377,1.4190959722817778,0.12750482048973327,8.247086430529146
6.962,1487841707899,,,,,,,2017-02-23 09:21:47.899,8.269824010022079,26.806525496220377,1.7618944060132473,0.25896747010818605,8.247086430529146
10.157,1487841723139,,,,,,,2017-02-23 09:22:03.139,8.089622735877024,26.81487375016316,1.653773641526214,0.21327440881063445,8.245917674977157
8.145,1487841738499,,,,,,,2017-02-23 09:22:18.499,8.054579840409383,26.81487375016316,1.63274790424563,0.20484126051372376,8.245917674977157
8.298,1487841743619,,,,,,,2017-02-23 09:22:23.619,7.607668699519466,26.81487375016316,1.3646012197116795,0.1102145692487209,8.245917674977157
8.145,1487841748719,,,,,,,2017-02-23 09:22:28.719,8.331468783680894,26.81487375016316,1.7988812702085362,0.2754930510872608,8.245917674977157
7.83,1487841758957,,,,,,,2017-02-23 09:22:38.957,8.120754252898829,26.81487375016316,1.6724525517392972,0.22088988204811755,8.245917674977157
7.522,1487841769227,,,,,,,2017-02-23 09:22:49.227,8.190457523626055,26.81487375016316,1.7142745141756328,0.2383625895795909,8.245917674977157
6.862,1487841784448,,,,,,,2017-02-23 09:23:04.448,8.236646761925046,26.823177932246555,1.7419880571550275,0.25026215016238723,8.244755089485482
7.369,1487841789577,,,,,,,2017-02-23 09:23:09.577,7.911903714492836,26.823177932246555,1.5471422286957015,0.17202731909354757,8.244755089485482
6.831,1487841794717,,,,,,,2017-02-23 09:23:14.717,7.8394066035289605,26.823177932246555,1.5036439621173763,0.15628974635812512,8.244755089485482
6.793,1487841799827,,,,,,,2017-02-23 09:23:19.827,8.150542054943493,26.823177932246555,1.6903252329660958,0.228285531365287,8.244755089485482
9.535,1487841804917,,,,,,,2017-02-23 09:23:24.917,7.795128067326252,26.823177932246555,1.4770768403957513,0.1469880621475391,8.244755089485482
7.83,1487841809957,,,,,,,2017-02-23 09:23:29.957,8.095429366724026,26.823177932246555,1.6572576200344158,0.21468601892197509,8.244755089485482
9.688,1487841815117,,,,,,,2017-02-23 09:23:35.117,7.988321387076851,26.823177932246555,1.5929928322461104,0.1892987452018179,8.244755089485482
7.522,1487841820217,,,,,,,2017-02-23 09:23:40.217,8.265971393215166,26.823177932246555,1.7595828359290993,0.2579498101464474,8.244755089485482
7.077,1487841830399,,,,,,,2017-02-23 09:23:50.399,8.26956683935055,26.823177932246555,1.7617401036103295,0.2588994835819742,8.244755089485482
7.2,1487841845695,,,,,,,2017-02-23 09:24:05.695,7.502205537311563,26.831437884370914,1.301323322386938,0.09137964428127886,8.243598696188071
7.169,1487841855903,,,,,,,2017-02-23 09:24:15.903,7.5787243897251075,26.831437884370914,1.3472346338350645,0.10491244680497393,8.243598696188071
8.759,1487841860999,,,,,,,2017-02-23 09:24:20.999,8.180210010143998,26.831437884370914,1.708126006086399,0.23575726121877363,8.243598696188071
10.932,1487841876301,,,,,,,2017-02-23 09:24:36.301,8.368292745789363,26.831437884370914,1.8209756474736176,0.2855822898191963,8.243598696188071
7.584,1487841881413,,,,,,,2017-02-23 09:24:41.413,7.9970148525202625,26.831437884370914,1.5982089115121574,0.19130798045102945,8.243598696188071
10.464,1487841886503,,,,,,,2017-02-23 09:24:46.503,7.594343616275717,26.831437884370914,1.3566061697654301,0.1077611450753421,8.243598696188071
7.192,1487841896718,,,,,,,2017-02-23 09:24:56.718,7.716627485625276,26.831437884370914,1.4299764913751656,0.1310755755792472,8.243598696188071
7.223,1487841922237,,,,,,,2017-02-23 09:25:22.237,7.573526780271424,26.839653449278643,1.3441160681628541,0.10397097745170981,8.24244851710099
9.535,1487841927322,,,,,,,2017-02-23 09:25:27.322,8.256405903261975,26.839653449278643,1.7538435419571847,0.25543080879043345,8.24244851710099
7.423,1487841932414,,,,,,,2017-02-23 09:25:32.414,7.965081201503711,26.839653449278643,1.5790487209022266,0.18397199809816644,8.24244851710099
7.231,1487841942623,,,,,,,2017-02-23 09:25:42.623,8.054766719114848,26.839653449278643,1.632860031468909,0.2048858424460011,8.24244851710099
9.074,1487841947739,,,,,,,2017-02-23 09:25:47.739,8.239476894003118,26.839653449278643,1.743686136401871,0.25099959037440633,8.24244851710099
7.085,1487841968126,,,,,,,2017-02-23 09:26:08.126,8.282145062722499,26.847824470557242,1.7692870376334993,0.26223400473674074,8.241304574121985
7.238,1487841973211,,,,,,,2017-02-23 09:26:13.211,7.824550438925617,26.847824470557242,1.4947302633553703,0.1531426547396148,8.241304574121985
7.238,1487841978323,,,,,,,2017-02-23 09:26:18.323,8.228106330103829,26.847824470557242,1.7368637980622974,0.24804261845409462,8.241304574121985
9.688,1487841983433,,,,,,,2017-02-23 09:26:23.433,8.330990122574276,26.847824470557242,1.7985940735445656,0.2753629761117361,8.241304574121985
7.161,1487841988593,,,,,,,2017-02-23 09:26:28.593,8.382805791819543,26.847824470557242,1.8296834750917257,0.28960336015716914,8.241304574121985
8.145,1487841998748,,,,,,,2017-02-23 09:26:38.748,7.698662886449925,26.847824470557242,1.419197731869955,0.127538033016544,8.241304574121985
7.522,1487842003852,,,,,,,2017-02-23 09:26:43.852,8.084033409316497,26.847824470557242,1.650420045589898,0.21191944779430855,8.241304574121985
6.977,1487842008929,,,,,,,2017-02-23 09:26:48.929,8.235102947906348,26.847824470557242,1.741061768743809,0.2498602876811282,8.241304574121985
9.074,1487842014042,,,,,,,2017-02-23 09:26:54.042,8.03377127245406,26.847824470557242,1.6202627634724365,0.1999033651399321,8.241304574121985
6.754,1487842024292,,,,,,,2017-02-23 09:27:04.292,8.094850696790601,26.855950792642233,1.6569104180743608,0.21454516093631928,8.240166889030087
6.862,1487842029432,,,,,,,2017-02-23 09:27:09.432,8.025547790747448,26.855950792642233,1.6153286744484685,0.19796624883013236,8.240166889030087
6.908,1487842044652,,,,,,,2017-02-23 09:27:24.652,8.050924185542621,26.855950792642233,1.6305545113255728,0.20397000740627894,8.240166889030087
6.854,1487842054852,,,,,,,2017-02-23 09:27:34.852,8.001507081856959,26.855950792642233,1.6009042491141752,0.19234977926855784,8.240166889030087
6.9,1487842059956,,,,,,,2017-02-23 09:27:39.956,7.618182468858416,26.855950792642233,1.3709094813150497,0.11216541040037582,8.240166889030087
6.946,1487842065052,,,,,,,2017-02-23 09:27:45.052,8.333534597730656,26.855950792642233,1.8001207586383936,0.2760547463465133,8.240166889030087
6.793,1487842070130,,,,,,,2017-02-23 09:27:50.130,8.093415122025318,26.855950792642233,1.6560490732151907,0.21419589141125409,8.240166889030087
7.146,1487842080244,,,,,,,2017-02-23 09:28:00.244,8.218279009557335,26.864032260820167,1.730967405734401,0.2454994737781017,8.239035483485175
6.931,1487842090400,,,,,,,2017-02-23 09:28:10.400,7.84899728622163,26.864032260820167,1.5093983717329782,0.15833547957752417,8.239035483485175
9.688,1487842095517,,,,,,,2017-02-23 09:28:15.517,7.515545549489369,26.864032260820167,1.3093273296936214,0.09368833435870706,8.239035483485175
7.807,1487842100622,,,,,,,2017-02-23 09:28:20.622,7.8136245993099935,26.864032260820167,1.4881747595859962,0.15084505443886015,8.239035483485175
7.208,1487842110832,,,,,,,2017-02-23 09:28:30.832,8.04627653330183,26.864032260820167,1.627765919981098,0.2028646467780907,8.239035483485175
10.464,1487842115924,,,,,,,2017-02-23 09:28:35.924,8.153486164498792,26.864032260820167,1.6920916986992753,0.22902227032527286,8.239035483485175
7.169,1487842131217,,,,,,,2017-02-23 09:28:51.217,7.52834662167435,26.864032260820167,1.31700797300461,0.09592383078560916,8.239035483485175
7.83,1487842136292,,,,,,,2017-02-23 09:28:56.292,7.5760440132435765,26.864032260820167,1.345626407946146,0.10442653179490652,8.239035483485175
7.215,1487842161808,,,,,,,2017-02-23 09:29:21.808,8.139922943024935,26.87206872123153,1.683953765814961,0.22563682858087045,8.237910379027586
8.145,1487842171991,,,,,,,2017-02-23 09:29:31.991,7.856478069437935,26.87206872123153,1.5138868416627607,0.15993882478273658,8.237910379027586
7.108,1487842177033,,,,,,,2017-02-23 09:29:37.033,8.014045978242038,26.87206872123153,1.6084275869452227,0.19527050432243934,8.237910379027586
10.157,1487842182121,,,,,,,2017-02-23 09:29:42.121,7.775032300857001,26.87206872123153,1.4650193805142007,0.14284412173828595,8.237910379027586
9.535,1487842187233,,,,,,,2017-02-23 09:29:47.233,8.249895634480062,26.87206872123153,1.7499373806880372,0.2537226568873059,8.237910379027586
7.983,1487842192334,,,,,,,2017-02-23 09:29:52.334,7.8724902097915,26.87206872123153,1.5234941258748997,0.1633932534675689,8.237910379027586
7.177,1487842202543,,,,,,,2017-02-23 09:30:02.543,7.655530563709108,26.880060020873707,1.3933183382254646,0.11920264233282687,8.23679159707768
7.177,1487842207700,,,,,,,2017-02-23 09:30:07.700,7.502932537944662,26.880060020873707,1.301759522766797,0.09150491251320964,8.23679159707768
9.688,1487842212739,,,,,,,2017-02-23 09:30:12.739,8.182233721437559,26.880060020873707,1.7093402328625351,0.23627077112725253,8.23679159707768
10.464,1487842217900,,,,,,,2017-02-23 09:30:17.900,7.6639554475249305,26.880060020873707,1.3983732685149584,0.12081322030067408,8.23679159707768
8.605,1487842243500,,,,,,,2017-02-23 09:30:43.500,7.822898932959482,26.880060020873707,1.493739359775689,0.15279443972341317,8.23679159707768
7.83,1487842248613,,,,,,,2017-02-23 09:30:48.613,8.23576019530389,26.880060020873707,1.7414561171823335,0.25003133749188605,8.23679159707768
8.145,1487842253720,,,,,,,2017-02-23 09:30:53.720,7.6112479447986825,26.880060020873707,1.3667487668792095,0.11087721281868924,8.23679159707768
7.676,1487842258842,,,,,,,2017-02-23 09:30:58.842,7.710474795741087,26.880060020873707,1.4262848774446522,0.12985964324600208,8.23679159707768
6.939,1487842263952,,,,,,,2017-02-23 09:31:03.952,7.505152383660807,26.888006007603867,1.3030914301964842,0.09188780281310209,8.235679158935458
6.793,1487842274125,,,,,,,2017-02-23 09:31:14.125,8.237033343937643,26.888006007603867,1.7422200063625857,0.25036282416182887,8.235679158935458
6.908,1487842279229,,,,,,,2017-02-23 09:31:19.229,7.684296041350504,26.888006007603867,1.4105776248103026,0.12473682096373474,8.235679158935458
6.839,1487842284252,,,,,,,2017-02-23 09:31:24.252,8.098650874296974,26.888006007603867,1.6591905245781842,0.21547092253687133,8.235679158935458
6.946,1487842289430,,,,,,,2017-02-23 09:31:29.430,7.960019089499647,26.888006007603867,1.576011453699788,0.1828203371561843,8.235679158935458
7.83,1487842294494,,,,,,,2017-02-23 09:31:34.494,7.759339561072388,26.888006007603867,1.455603736643433,0.13964182498068395,8.235679158935458
6.977,1487842299649,,,,,,,2017-02-23 09:31:39.649,7.7304235855041155,26.888006007603867,1.4382541513024694,0.13381855843210222,8.235679158935458
6.816,1487842304762,,,,,,,2017-02-23 09:31:44.762,8.359491605324035,26.888006007603867,1.8156949631944208,0.28315610529308316,8.235679158935458
9.227,1487842309852,,,,,,,2017-02-23 09:31:49.852,8.34538463299855,26.888006007603867,1.8072307797991303,0.27928666753835635,8.235679158935458
10.31,1487842320032,,,,,,,2017-02-23 09:32:00.032,7.837400170657861,26.89590653014188,1.5024401023947165,0.1558631618627493,8.234573085780136
7.054,1487842325084,,,,,,,2017-02-23 09:32:05.084,8.104283518055743,26.89590653014188,1.6625701108334456,0.2168462793172173,8.234573085780136
6.824,1487842330230,,,,,,,2017-02-23 09:32:10.230,8.231575827061569,26.89590653014188,1.7389454962369413,0.248943233699039,8.234573085780136
6.923,1487842335290,,,,,,,2017-02-23 09:32:15.290,8.05407476403424,26.89590653014188,1.632444858420544,0.20472079006226526,8.234573085780136
9.688,1487842340410,,,,,,,2017-02-23 09:32:20.410,7.667709110206044,26.89590653014188,1.4006254661236262,0.12153354769420571,8.234573085780136
8.145,1487842345516,,,,,,,2017-02-23 09:32:25.516,8.372787387722626,26.89590653014188,1.8236724326335758,0.2868249001383529,8.234573085780136
7.261,1487842350621,,,,,,,2017-02-23 09:32:30.621,8.282021507086927,26.89590653014188,1.7692129042521563,0.26220115747174205,8.234573085780136
7.185,1487842355719,,,,,,,2017-02-23 09:32:35.719,8.324286307524234,26.89590653014188,1.7945717845145406,0.27354411990048455,8.234573085780136
7.83,1487842365922,,,,,,,2017-02-23 09:32:45.922,7.602624436624784,26.89590653014188,1.3615746619748703,0.1092833095990161,8.234573085780136
7.016,1487842371031,,,,,,,2017-02-23 09:32:51.031,7.563518920475299,26.89590653014188,1.3381113522851793,0.10216733351725224,8.234573085780136
9.381,1487842376133,,,,,,,2017-02-23 09:32:56.133,7.693634317602388,26.89590653014188,1.4161805905614329,0.12655475756481135,8.234573085780136
8.145,1487842381233,,,,,,,2017-02-23 09:33:01.233,7.96558154515374,26.903761438073182,1.579348927092244,0.18408599627770797,8.233473398669753
10.932,1487842391432,,,,,,,2017-02-23 09:33:11.432,8.325700062974652,26.903761438073182,1.7954200377847913,0.2739272464714209,8.233473398669753
7.108,1487842396515,,,,,,,2017-02-23 09:33:16.515,7.711241860060131,26.903761438073182,1.4267451160360785,0.13001098733684235,8.233473398669753
7.254,1487842401622,,,,,,,2017-02-23 09:33:21.622,8.223113465085774,26.903761438073182,1.7338680790514642,0.24674910099805442,8.233473398669753
7.2,1487842411803,,,,,,,2017-02-23 09:33:31.803,8.145504691012974,26.903761438073182,1.6873028146077842,0.2270273852214168,8.233473398669753
8.759,1487842416872,,,,,,,2017-02-23 09:33:36.872,7.907662699693147,26.903761438073182,1.5445976198158884,0.17108931695048765,8.233473398669753
10.779,1487842422011,,,,,,,2017-02-23 09:33:42.011,8.046680103306874,26.903761438073182,1.6280080619841246,0.20296052588987928,8.233473398669753
9.535,1487842427123,,,,,,,2017-02-23 09:33:47.123,8.329564309762786,26.903761438073182,1.7977385858576713,0.2749756779211316,8.233473398669753
6.954,1487842432216,,,,,,,2017-02-23 09:33:52.216,7.7237818164703524,26.903761438073182,1.4342690898822115,0.13249517051586684,8.233473398669753
10.464,1487842437301,,,,,,,2017-02-23 09:33:57.301,7.994873558429241,26.903761438073182,1.5969241350575443,0.19081224237977454,8.233473398669753
10.003,1487842447521,,,,,,,2017-02-23 09:34:07.521,7.8479201775300655,26.911570581851652,1.5087521065180391,0.1581051775311244,8.232380118540767
7.983,1487842452635,,,,,,,2017-02-23 09:34:12.635,7.769546174981702,26.911570581851652,1.4617277049890212,0.14172125052368875,8.232380118540767
7.784,1487842457759,,,,,,,2017-02-23 09:34:17.759,8.029071608210039,26.911570581851652,1.6174429649260231,0.19879532260896407,8.232380118540767
7.223,1487842462834,,,,,,,2017-02-23 09:34:22.834,7.853385843592394,26.911570581851652,1.5120315061554361,0.1592752583649822,8.232380118540767
7.983,1487842467923,,,,,,,2017-02-23 09:34:27.923,8.239776993099404,26.911570581851652,1.7438661958596426,0.2510778427842494,8.232380118540767
7.085,1487842473013,,,,,,,2017-02-23 09:34:33.013,7.641440890197863,26.911570581851652,1.384864534118718,0.11652816463923034,8.232380118540767
8.912,1487842478102,,,,,,,2017-02-23 09:34:38.102,8.068781640454368,26.911570581851652,1.641268984272621,0.2082411954292291,8.232380118540767
7.123,1487842483140,,,,,,,2017-02-23 09:34:43.140,7.617716010281763,26.911570581851652,1.3706296061690577,0.11207857731306257,8.232380118540767
7.223,1487842488303,,,,,,,2017-02-23 09:34:48.303,8.363494275382395,26.911570581851652,1.8180965652294372,0.28425835718286213,8.232380118540767
7.83,1487842493344,,,,,,,2017-02-23 09:34:53.344,7.675282072537535,26.911570581851652,1.4051692435225211,0.1229919447736393,8.232380118540767
7.261,1487842498476,,,,,,,2017-02-23 09:34:58.476,8.197909314316039,26.911570581851652,1.7187455885896235,0.24026504672290377,8.232380118540767
7.991,1487842503663,,,,,,,2017-02-23 09:35:03.663,7.80757828883929,26.91933381280245,1.4845469733035739,0.1495797299062762,8.231293266207656
9.227,1487842513701,,,,,,,2017-02-23 09:35:13.701,7.808054893612477,26.91933381280245,1.4848329361674861,0.1496793107500617,8.231293266207656
6.793,1487842518850,,,,,,,2017-02-23 09:35:18.850,7.556334059776546,26.91933381280245,1.3338004358659277,0.10087986985902038,8.231293266207656
6.893,1487842523963,,,,,,,2017-02-23 09:35:23.963,7.521414106239448,26.91933381280245,1.312848463743669,0.09471074010994719,8.231293266207656
8.912,1487842529052,,,,,,,2017-02-23 09:35:29.052,7.98887781570818,26.91933381280245,1.5933266894249076,0.18942707542330295,8.231293266207656
7.108,1487842534160,,,,,,,2017-02-23 09:35:34.160,8.261402658666565,26.91933381280245,1.7568415951999392,0.25674529780812005,8.231293266207656
9.074,1487842539252,,,,,,,2017-02-23 09:35:39.252,7.724902186191402,26.91933381280245,1.4349413117148413,0.13271803562614148,8.231293266207656
6.916,1487842544342,,,,,,,2017-02-23 09:35:44.342,7.767181832423255,26.91933381280245,1.4603090994539527,0.1412384430714227,8.231293266207656
9.227,1487842549451,,,,,,,2017-02-23 09:35:49.451,7.634467038383418,26.91933381280245,1.3806802230300508,0.11521321366664439,8.231293266207656
7.83,1487842564832,,,,,,,2017-02-23 09:36:04.832,8.071851469787772,26.927050983124843,1.643110881872663,0.20897929901340287,8.23021286236252
7.83,1487842575032,,,,,,,2017-02-23 09:36:15.032,8.344014319549723,26.927050983124843,1.8064085917298338,0.2789120732588513,8.23021286236252
7.676,1487842580082,,,,,,,2017-02-23 09:36:20.082,8.245450692818775,26.927050983124843,1.7472704156912648,0.25255932329026876,8.23021286236252
6.877,1487842585226,,,,,,,2017-02-23 09:36:25.226,7.597116230007176,26.927050983124843,1.3582697380043054,0.10826988528908263,8.23021286236252
6.824,1487842590255,,,,,,,2017-02-23 09:36:30.255,7.707465856575779,26.927050983124843,1.4244795139454676,0.12926665222971734,8.23021286236252
7.123,1487842595341,,,,,,,2017-02-23 09:36:35.341,8.163514537842131,26.927050983124843,1.6981087227052787,0.23153959302451793,8.23021286236252
6.778,1487842600402,,,,,,,2017-02-23 09:36:40.402,7.734952905454683,26.927050983124843,1.4409717432728095,0.13472407180510124,8.23021286236252
7.392,1487842605521,,,,,,,2017-02-23 09:36:45.521,8.248962344828877,26.927050983124843,1.7493774068973262,0.2534781989488611,8.23021286236252
6.962,1487842610635,,,,,,,2017-02-23 09:36:50.635,7.541513281956399,26.927050983124843,1.3249079691738392,0.09824368565122808,8.23021286236252
7.238,1487842620833,,,,,,,2017-02-23 09:37:00.833,7.951799062076089,26.934721945895035,1.5710794372456536,0.18095678222665745,8.229138927574695
7.177,1487842625923,,,,,,,2017-02-23 09:37:05.923,7.511911645932661,26.934721945895035,1.3071469875595965,0.09305731633894716,8.229138927574695
10.31,1487842636053,,,,,,,2017-02-23 09:37:16.053,7.563249270079465,26.934721945895035,1.3379495620476791,0.10211890266360316,8.229138927574695
10.31,1487842656501,,,,,,,2017-02-23 09:37:36.501,7.5316031955788745,26.934721945895035,1.3189619173473246,0.09649567535781421,8.229138927574695
7.983,1487842661544,,,,,,,2017-02-23 09:37:41.544,8.228460087613362,26.934721945895035,1.7370760525680171,0.2481343810242383,8.229138927574695
7.983,1487842666689,,,,,,,2017-02-23 09:37:46.689,7.6572498627483006,26.934721945895035,1.3943499176489804,0.11953062755276928,8.229138927574695
10.617,1487842671801,,,,,,,2017-02-23 09:37:51.801,7.852061253877537,26.934721945895035,1.511236752326522,0.15899136325584573,8.229138927574695
9.227,1487842682105,,,,,,,2017-02-23 09:38:02.105,8.001375101032771,26.94234655506896,1.6008250606196626,0.19231913689377392,8.228071482290344
7.008,1487842687131,,,,,,,2017-02-23 09:38:07.131,7.97698366897684,26.94234655506896,1.586190201386104,0.18669199629225294,8.228071482290344
10.617,1487842692223,,,,,,,2017-02-23 09:38:12.223,7.597259685335255,26.94234655506896,1.3583558112011533,0.10829623266115472,8.228071482290344
10.617,1487842697323,,,,,,,2017-02-23 09:38:17.323,7.722937423937856,26.94234655506896,1.4337624543627139,0.13232730261683415,8.228071482290344
7.676,1487842702421,,,,,,,2017-02-23 09:38:22.421,8.255088135908109,26.94234655506896,1.753052881544865,0.25508464495554556,8.228071482290344
7.353,1487842707523,,,,,,,2017-02-23 09:38:27.523,7.628170780071331,26.94234655506896,1.3769024680427986,0.11403103910411454,8.228071482290344
7.83,1487842712636,,,,,,,2017-02-23 09:38:32.636,7.5273924730038075,26.94234655506896,1.3164354838022845,0.09575652621129076,8.228071482290344
7.031,1487842717723,,,,,,,2017-02-23 09:38:37.723,7.651743955945028,26.94234655506896,1.3910463735670167,0.11848153411249557,8.228071482290344
7.499,1487842722829,,,,,,,2017-02-23 09:38:42.829,7.516952336300961,26.94234655506896,1.3101714017805768,0.09393304474612899,8.228071482290344
7.261,1487842733090,,,,,,,2017-02-23 09:38:53.090,7.508224289631422,26.94234655506896,1.3049345737788534,0.09241863615300112,8.228071482290344
7.069,1487842738141,,,,,,,2017-02-23 09:38:58.141,8.150212117760724,26.94234655506896,1.690127270656434,0.22820303213981757,8.228071482290344
7.238,1487842748399,,,,,,,2017-02-23 09:39:08.399,8.378593184745586,26.949924665485035,1.8271559108473516,0.28843358683312437,8.227010546832094
8.145,1487842758589,,,,,,,2017-02-23 09:39:18.589,8.19047603472901,26.949924665485035,1.7142856208374055,0.2383673072454954,8.227010546832094
10.932,1487842768719,,,,,,,2017-02-23 09:39:28.719,7.684890959908637,26.949924665485035,1.4109345759451823,0.12485232512764186,8.227010546832094
7.016,1487842778933,,,,,,,2017-02-23 09:39:38.933,8.213953499113625,26.949924665485035,1.728372099468175,0.2443837777813389,8.227010546832094
7.522,1487842784011,,,,,,,2017-02-23 09:39:44.011,8.255333326482864,26.949924665485035,1.7531999958897184,0.2551490382007928,8.227010546832094
6.87,1487842789137,,,,,,,2017-02-23 09:39:49.137,7.655815574816362,26.949924665485035,1.3934893448898173,0.11925698846973551,8.227010546832094
6.877,1487842794251,,,,,,,2017-02-23 09:39:54.251,7.773572185074653,26.949924665485035,1.464143311044792,0.14254492025963156,8.227010546832094
6.816,1487842799358,,,,,,,2017-02-23 09:39:59.358,8.224978042387065,26.949924665485035,1.7349868254322387,0.24723181300717795,8.227010546832094
7.039,1487842804525,,,,,,,2017-02-23 09:40:04.525,8.095949207498572,26.957456132866973,1.6575695244991433,0.21481259116484502,8.225956141398623
6.754,1487842814727,,,,,,,2017-02-23 09:40:14.727,7.823966972067714,26.957456132866973,1.4943801832406283,0.15301959513509014,8.225956141398623
6.931,1487842824930,,,,,,,2017-02-23 09:40:24.930,7.555475817038535,26.957456132866973,1.333285490223121,0.1007264945071936,8.225956141398623
10.157,1487842830020,,,,,,,2017-02-23 09:40:30.020,7.788276559747908,26.957456132866973,1.472965935848745,0.1455697707706456,8.225956141398623
9.227,1487842840232,,,,,,,2017-02-23 09:40:40.232,8.34354579396957,26.957456132866973,1.8061274763817419,0.2787840469541912,8.225956141398623
7.392,1487842850434,,,,,,,2017-02-23 09:40:50.434,8.28393702773753,26.957456132866973,1.7703622166425177,0.26271060457833223,8.225956141398623
8.145,1487842855559,,,,,,,2017-02-23 09:40:55.559,8.078683077622248,26.957456132866973,1.647209846573349,0.21062593561060808,8.225956141398623
9.535,1487842860635,,,,,,,2017-02-23 09:41:00.635,7.943241676760841,26.96494081382649,1.5659450060565043,0.1790253594439303,8.22490828606429
8.145,1487842865708,,,,,,,2017-02-23 09:41:05.708,8.158194296026963,26.96494081382649,1.6949165776161776,0.23020260279598337,8.22490828606429
8.145,1487842870815,,,,,,,2017-02-23 09:41:10.815,7.817033197707031,26.96494081382649,1.4902199186242184,0.15156031291251,8.22490828606429
7.33,1487842875841,,,,,,,2017-02-23 09:41:15.841,8.225500156633036,26.96494081382649,1.7353000939798213,0.2473670555773557,8.22490828606429
8.912,1487842880939,,,,,,,2017-02-23 09:41:20.939,8.295418250274002,26.96494081382649,1.7772509501644014,0.26577335061926566,8.22490828606429
7.154,1487842886117,,,,,,,2017-02-23 09:41:26.117,8.27458248958666,26.96494081382649,1.7647494937519959,0.2602268701993616,8.22490828606429
7.115,1487842891209,,,,,,,2017-02-23 09:41:31.209,7.737239356565484,26.96494081382649,1.4423436139392902,0.13518212006747948,8.22490828606429
7.668,1487842901412,,,,,,,2017-02-23 09:41:41.412,7.891920120005226,26.96494081382649,1.5351520720031355,0.16762634346879354,8.22490828606429
8.145,1487842906515,,,,,,,2017-02-23 09:41:46.515,7.803219070362151,26.96494081382649,1.4819314422172907,0.14867018838016724,8.22490828606429
8.605,1487842911633,,,,,,,2017-02-23 09:41:51.633,8.29359034873767,26.96494081382649,1.776154209242602,0.26528467847945386,8.22490828606429
7.599,1487842916732,,,,,,,2017-02-23 09:41:56.732,7.946738170110034,26.96494081382649,1.5680429020660207,0.17981346481692165,8.22490828606429
8.145,1487842921813,,,,,,,2017-02-23 09:42:01.813,7.6886908287746545,26.972378565866045,1.4132144972647926,0.12559107628106053,8.223867000778753
7.522,1487842926905,,,,,,,2017-02-23 09:42:06.905,8.185435670341057,26.972378565866045,1.7112614022046344,0.23708425878921557,8.223867000778753
7.008,1487842931932,,,,,,,2017-02-23 09:42:11.932,7.826160833776483,26.972378565866045,1.49569650026589,0.15348251677894137,8.223867000778753
7.177,1487842937023,,,,,,,2017-02-23 09:42:17.023,8.143182850438855,26.972378565866045,1.6859097102633127,0.22644850102140204,8.223867000778753
7.131,1487842942123,,,,,,,2017-02-23 09:42:22.123,8.047028175911624,26.972378565866045,1.6282169055469744,0.20304323577127129,8.223867000778753
7.062,1487842947221,,,,,,,2017-02-23 09:42:27.221,8.314985007522317,26.972378565866045,1.7889910045133903,0.2710294550430076,8.223867000778753
7.353,1487842952323,,,,,,,2017-02-23 09:42:32.323,8.27679311103584,26.972378565866045,1.7660758666215037,0.26081286733932874,8.223867000778753
9.688,1487842962488,,,,,,,2017-02-23 09:42:42.488,8.122807688670116,26.972378565866045,1.6736846132020697,0.22139628747525678,8.223867000778753
7.054,1487842967613,,,,,,,2017-02-23 09:42:47.613,8.185343033227852,26.972378565866045,1.711205819936711,0.2370607061068277,8.223867000778753
7.484,1487842972721,,,,,,,2017-02-23 09:42:52.721,8.00121412105648,26.972378565866045,1.6007284726338877,0.19228176453049967,8.223867000778753
6.862,1487842984939,,,,,,,2017-02-23 09:43:04.939,7.660588828684082,26.979769247381565,1.396353297210449,0.12016860484754964,8.22283230536658
6.762,1487842990047,,,,,,,2017-02-23 09:43:10.047,8.180930177995974,26.979769247381565,1.7085581067975841,0.23593994505364518,8.22283230536658
7.83,1487842995126,,,,,,,2017-02-23 09:43:15.126,8.165376371057944,26.979769247381565,1.6992258226347663,0.23200827873170063,8.22283230536658
6.885,1487843000207,,,,,,,2017-02-23 09:43:20.207,8.053692765290451,26.979769247381565,1.6322156591742707,0.20462969633005684,8.22283230536658
10.617,1487843005338,,,,,,,2017-02-23 09:43:25.338,8.189755440999054,26.979769247381565,1.7138532645994324,0.2381836899551053,8.22283230536658
9.535,1487843015668,,,,,,,2017-02-23 09:43:35.668,7.983004622315086,26.979769247381565,1.5898027733890516,0.18807440294885913,8.22283230536658
7.83,1487843031098,,,,,,,2017-02-23 09:43:51.098,7.819836048557619,26.979769247381565,1.4919016291345712,0.15214950622932752,8.22283230536658
8.145,1487843036209,,,,,,,2017-02-23 09:43:56.209,8.301874053191524,26.979769247381565,1.7811244319149142,0.26750245697985026,8.22283230536658
8.145,1487843046429,,,,,,,2017-02-23 09:44:06.429,8.396708954387233,26.987112717665124,1.8380253726323397,0.29347915708729866,8.221804219526883
7.192,1487843051519,,,,,,,2017-02-23 09:44:11.519,8.079360588850895,26.987112717665124,1.6476163533105366,0.21078954279717318,8.221804219526883
7.046,1487843056639,,,,,,,2017-02-23 09:44:16.639,8.12304584480934,26.987112717665124,1.6738275068856039,0.22145505279125755,8.221804219526883
10.464,1487843061729,,,,,,,2017-02-23 09:44:21.729,8.033546992095241,26.987112717665124,1.6201281952571445,0.1998504262068142,8.221804219526883
10.157,1487843071999,,,,,,,2017-02-23 09:44:31.999,7.9474245394289875,26.987112717665124,1.5684547236573925,0.17996834389078034,8.221804219526883
7.284,1487843087289,,,,,,,2017-02-23 09:44:47.289,7.5010668604421475,26.987112717665124,1.3006401162652885,0.09118356828752157,8.221804219526883
7.323,1487843092330,,,,,,,2017-02-23 09:44:52.330,8.084075680763375,26.987112717665124,1.650445408458025,0.21192968114285246,8.221804219526883
7.983,1487843102609,,,,,,,2017-02-23 09:45:02.609,7.538331080113829,26.994408836907635,1.3229986480682974,0.09768110208174013,8.22078276283293
10.779,1487843112888,,,,,,,2017-02-23 09:45:12.888,7.931901406829596,26.994408836907635,1.5591408440977572,0.1764793714879735,8.22078276283293
7.223,1487843118009,,,,,,,2017-02-23 09:45:18.009,8.227905173965082,26.994408836907635,1.736743104379049,0.24799044645910231,8.22078276283293
7.83,1487843123039,,,,,,,2017-02-23 09:45:23.039,7.819547343596598,26.994408836907635,1.491728406157959,0.1520887733865935,8.22078276283293
7.83,1487843133299,,,,,,,2017-02-23 09:45:33.299,7.7744248284588835,26.994408836907635,1.4646548970753301,0.14271960968340924,8.22078276283293
7.814,1487843143499,,,,,,,2017-02-23 09:45:43.499,8.04648288155455,26.994408836907635,1.6278897289327297,0.20291366801731234,8.22078276283293
7.115,1487843153689,,,,,,,2017-02-23 09:45:53.689,8.113934597096216,26.994408836907635,1.6683607582577298,0.21921169207125085,8.22078276283293
9.227,1487843158797,,,,,,,2017-02-23 09:45:58.797,8.396025823970042,26.994408836907635,1.8376154943820253,0.2932881783561189,8.22078276283293
6.778,1487843163937,,,,,,,2017-02-23 09:46:03.937,8.097750504579343,27.001657466201504,1.6586503027476058,0.2152514267311386,8.219767954731788
6.908,1487843169048,,,,,,,2017-02-23 09:46:09.048,8.283822465722224,27.001657466201504,1.7702934794333345,0.2626801235704746,8.219767954731788
9.227,1487843174221,,,,,,,2017-02-23 09:46:14.221,7.6424639567471235,27.001657466201504,1.3854783740482741,0.11672155929882803,8.219767954731788
7.077,1487843184358,,,,,,,2017-02-23 09:46:24.358,7.5403773156491205,27.001657466201504,1.3242263893894723,0.09804271794879046,8.219767954731788
6.731,1487843189487,,,,,,,2017-02-23 09:46:29.487,7.640398989454849,27.001657466201504,1.3842393936729094,0.11633133876063059,8.219767954731788
7.369,1487843194627,,,,,,,2017-02-23 09:46:34.627,7.853774181884731,27.001657466201504,1.5122645091308384,0.15935852959026636,8.219767954731788
7.131,1487843199647,,,,,,,2017-02-23 09:46:39.647,7.646391826796413,27.001657466201504,1.3878350960778478,0.1174652282261505,8.219767954731788
6.985,1487843209859,,,,,,,2017-02-23 09:46:49.859,8.095899861556342,27.001657466201504,1.6575399169338052,0.21480057488786292,8.219767954731788
9.381,1487843215017,,,,,,,2017-02-23 09:46:55.017,7.729888717666818,27.001657466201504,1.437933230600091,0.13371178878932238,8.219767954731788
7.269,1487843225162,,,,,,,2017-02-23 09:47:05.162,8.220965978441654,27.008858467543277,1.7325795870649925,0.2461936648161845,8.21875981454394
6.847,1487843230248,,,,,,,2017-02-23 09:47:10.248,7.998251330370107,27.008858467543277,1.5989507982220643,0.19159449211659332,8.21875981454394
7.653,1487843235340,,,,,,,2017-02-23 09:47:15.340,8.19422315111125,27.008858467543277,1.7165338906667502,0.23932312900346517,8.21875981454394
6.908,1487843240421,,,,,,,2017-02-23 09:47:20.421,8.241816744697505,27.008858467543277,1.745090046818503,0.2516100050507872,8.21875981454394
7.016,1487843245600,,,,,,,2017-02-23 09:47:25.600,7.78726776076193,27.008858467543277,1.4723606564571579,0.14536142083344233,8.21875981454394
7.039,1487843250699,,,,,,,2017-02-23 09:47:30.699,7.645173362551027,27.008858467543277,1.3871040175306164,0.11723433667043902,8.21875981454394
7.154,1487843255809,,,,,,,2017-02-23 09:47:35.809,7.914747989873383,27.008858467543277,1.5488487939240296,0.1726576079644625,8.21875981454394
8.452,1487843260900,,,,,,,2017-02-23 09:47:40.900,8.172246225846827,27.008858467543277,1.7033477355080962,0.23374125013557245,8.21875981454394
7.123,1487843266019,,,,,,,2017-02-23 09:47:46.019,8.393266493690824,27.008858467543277,1.8359598962144943,0.2925173386398637,8.21875981454394
8.145,1487843271119,,,,,,,2017-02-23 09:47:51.119,7.908106927178426,27.008858467543277,1.5448641563070553,0.17118746731535023,8.21875981454394
9.849,1487843281339,,,,,,,2017-02-23 09:48:01.339,8.15901305708774,27.016011703836273,1.6954078342526442,0.23040813838381916,8.217758361462922
7.983,1487843291610,,,,,,,2017-02-23 09:48:11.610,8.024968134289082,27.016011703836273,1.6149808805734494,0.1978300116188598,8.217758361462922
7.246,1487843296719,,,,,,,2017-02-23 09:48:16.719,7.73830126535753,27.016011703836273,1.4429807592145178,0.1353950672257551,8.217758361462922
7.108,1487843306940,,,,,,,2017-02-23 09:48:26.940,8.358758593520712,27.016011703836273,1.815255156112427,0.28295445740230263,8.217758361462922
8.452,1487843322230,,,,,,,2017-02-23 09:48:42.230,7.877478533771442,27.016011703836273,1.5264871202628654,0.16447571041618234,8.217758361462922
10.157,1487843327339,,,,,,,2017-02-23 09:48:47.339,7.858114556657249,27.016011703836273,1.5148687339943492,0.16029046588643586,8.217758361462922
7.83,1487843337609,,,,,,,2017-02-23 09:48:57.609,8.13662006874929,27.016011703836273,1.6819720412495736,0.2248157585409388,8.217758361462922
7.2,1487843347811,,,,,,,2017-02-23 09:49:07.811,8.225020072793992,27.023117038893176,1.7350120436763952,0.24724269887781897,8.216763614554955
7.983,1487843352989,,,,,,,2017-02-23 09:49:12.989,7.742286932748007,27.023117038893176,1.445372159648804,0.13619552989948341,8.216763614554955
7.261,1487843363140,,,,,,,2017-02-23 09:49:23.140,7.5838238374699865,27.023117038893176,1.3502943024819918,0.10583928618852936,8.216763614554955
7.983,1487843368230,,,,,,,2017-02-23 09:49:28.230,7.873086230910976,27.023117038893176,1.5238517385465857,0.16352243185840945,8.216763614554955
7.453,1487843373329,,,,,,,2017-02-23 09:49:33.329,8.1003472076818,27.023117038893176,1.66020832460908,0.21588472590754967,8.216763614554955
7.246,1487843378429,,,,,,,2017-02-23 09:49:38.429,7.620888748491009,27.023117038893176,1.3725332490946052,0.11266971011115683,8.216763614554955
10.31,1487843388699,,,,,,,2017-02-23 09:49:48.699,8.327357416328553,27.023117038893176,1.796414449797132,0.2743766932697427,8.216763614554955
6.993,1487843393788,,,,,,,2017-02-23 09:49:53.788,7.867756616875123,27.023117038893176,1.5206539701250739,0.1623688338578474,8.216763614554955
7.676,1487843398928,,,,,,,2017-02-23 09:49:58.928,8.10021770717388,27.023117038893176,1.6601306243043275,0.21585312339421137,8.216763614554955
6.816,1487843409088,,,,,,,2017-02-23 09:50:09.088,7.812180607558616,27.030174337438655,1.48730836453517,0.15054246840422206,8.215775592758588
6.908,1487843414249,,,,,,,2017-02-23 09:50:14.249,8.189074022494632,27.030174337438655,1.713444413496779,0.2380101123776926,8.215775592758588
7.83,1487843419341,,,,,,,2017-02-23 09:50:19.341,7.697778545185591,27.030174337438655,1.418667127111355,0.12736489094806547,8.215775592758588
7.33,1487843429557,,,,,,,2017-02-23 09:50:29.557,7.964403377059076,27.030174337438655,1.5786420262354457,0.1838176106515936,8.215775592758588
6.831,1487843434717,,,,,,,2017-02-23 09:50:34.717,8.105755720742472,27.030174337438655,1.6634534324454833,0.21720638356043914,8.215775592758588
7.246,1487843444867,,,,,,,2017-02-23 09:50:44.867,8.306683151412372,27.030174337438655,1.7840098908474231,0.26879376444928377,8.215775592758588
7.522,1487843449958,,,,,,,2017-02-23 09:50:49.958,7.500246805117792,27.030174337438655,1.300148083070675,0.09104245413502617,8.215775592758588
7.246,1487843470319,,,,,,,2017-02-23 09:51:10.319,7.867259958455408,27.03718346511192,1.5203559750732447,0.1622615054794103,8.21479431488433
7.522,1487843475459,,,,,,,2017-02-23 09:51:15.459,7.8051024683748835,27.03718346511192,1.48306148102493,0.14906287553298678,8.21479431488433
9.535,1487843480611,,,,,,,2017-02-23 09:51:20.611,7.5879638926400705,27.03718346511192,1.3527783355840424,0.10659404831859577,8.21479431488433
7.1,1487843490840,,,,,,,2017-02-23 09:51:30.840,7.942300498280026,27.03718346511192,1.5653802989680154,0.17881346955088998,8.21479431488433
7.146,1487843495942,,,,,,,2017-02-23 09:51:35.942,7.584667583068133,27.03718346511192,1.3508005498408797,0.10599294026507482,8.21479431488433
6.946,1487843501099,,,,,,,2017-02-23 09:51:41.099,7.974538737981513,27.03718346511192,1.584723242788908,0.18613188376352552,8.21479431488433
8.16,1487843506190,,,,,,,2017-02-23 09:51:46.190,7.564873292730596,27.03718346511192,1.3389239756383575,0.10241071899624506,8.21479431488433
7.192,1487843511301,,,,,,,2017-02-23 09:51:51.301,8.131160504649644,27.03718346511192,1.6786963027897865,0.22346142175751446,8.21479431488433
8.759,1487843516399,,,,,,,2017-02-23 09:51:56.399,7.554364899174162,27.03718346511192,1.3326189395044974,0.10052809519368894,8.21479431488433
7.085,1487843526679,,,,,,,2017-02-23 09:52:06.679,7.999771168420139,27.044144288469276,1.5998627010520834,0.1919469142153058,8.213819799614301
7.185,1487843541989,,,,,,,2017-02-23 09:52:21.989,7.828237282548076,27.044144288469276,1.4969423695288457,0.15392119541754185,8.213819799614301
7.261,1487843547030,,,,,,,2017-02-23 09:52:27.030,7.617837153788415,27.044144288469276,1.3707022922730487,0.11210112614038459,8.213819799614301
9.227,1487843557299,,,,,,,2017-02-23 09:52:37.299,7.725523402278112,27.044144288469276,1.4353140413668672,0.13284167349034098,8.213819799614301
7.138,1487843562410,,,,,,,2017-02-23 09:52:42.410,7.627844646349412,27.044144288469276,1.376706787809647,0.1139699343881112,8.213819799614301
7.192,1487843567519,,,,,,,2017-02-23 09:52:47.519,7.870121325393328,27.044144288469276,1.5220727952359971,0.16288025569830736,8.213819799614301
9.849,1487843572629,,,,,,,2017-02-23 09:52:52.629,7.808644081953671,27.044144288469276,1.4851864491722024,0.14980245225553282,8.213819799614301
6.847,1487843577758,,,,,,,2017-02-23 09:52:57.758,8.369670111917065,27.044144288469276,1.821802067150239,0.28596282546344565,8.213819799614301
8.145,1487843582860,,,,,,,2017-02-23 09:53:02.860,7.678882748131613,27.05105667498669,1.407329648878968,0.12368777493338458,8.212852065501863
7.254,1487843587949,,,,,,,2017-02-23 09:53:07.949,8.040542630676391,27.05105667498669,1.6243255784058348,0.20150451261105254,8.212852065501863
9.688,1487843593109,,,,,,,2017-02-23 09:53:13.109,7.954491234999496,27.05105667498669,1.5726947409996979,0.18156622938139544,8.212852065501863
7.238,1487843598230,,,,,,,2017-02-23 09:53:18.230,7.988271663882946,27.05105667498669,1.5929629983297677,0.189287279252928,8.212852065501863
9.535,1487843613550,,,,,,,2017-02-23 09:53:33.550,8.236908912489298,27.05105667498669,1.7421453474935786,0.25033041766652886,8.212852065501863
7.231,1487843618629,,,,,,,2017-02-23 09:53:38.629,7.610558603832203,27.05105667498669,1.3663351622993218,0.1107494721520185,8.212852065501863
8.145,1487843623751,,,,,,,2017-02-23 09:53:43.751,7.76338092272142,27.05105667498669,1.4580285536328519,0.1404636893352994,8.212852065501863
10.157,1487843628868,,,,,,,2017-02-23 09:53:48.868,8.381075176935127,27.05105667498669,1.8286451061610762,0.2891225384775178,8.212852065501863
7.83,1487843633957,,,,,,,2017-02-23 09:53:53.957,8.343053385045499,27.05105667498669,1.8058320310272993,0.2786495228300263,8.212852065501863
7.522,1487843639121,,,,,,,2017-02-23 09:53:59.121,8.164450314472194,27.05105667498669,1.6986701886833167,0.23177510731334938,8.212852065501863
8.298,1487843644127,,,,,,,2017-02-23 09:54:04.127,8.14692064429935,27.057920493062277,1.6881523865796098,0.22738073002072928,8.21189113097128
7.522,1487843654341,,,,,,,2017-02-23 09:54:14.341,7.5473360005784285,27.057920493062277,1.3284016003470571,0.09927623391653537,8.21189113097128
6.831,1487843659524,,,,,,,2017-02-23 09:54:19.524,7.978003411106886,27.057920493062277,1.5868020466641313,0.18692582237217342,8.21189113097128
6.847,1487843674831,,,,,,,2017-02-23 09:54:34.831,7.8550349100306045,27.057920493062277,1.5130209460183628,0.15962899176569037,8.21189113097128
7.369,1487843679959,,,,,,,2017-02-23 09:54:39.959,8.044812633521104,27.057920493062277,1.6268875801126625,0.202517021304282,8.21189113097128
7.83,1487843695248,,,,,,,2017-02-23 09:54:55.248,7.973485761373076,27.057920493062277,1.5840914568238453,0.18589087692955153,8.21189113097128
7.83,1487843715590,,,,,,,2017-02-23 09:55:15.590,7.919078537986219,27.06473561201884,1.5514471227917315,0.1736191177936697,8.210937014317361
9.535,1487843720700,,,,,,,2017-02-23 09:55:20.700,7.7134830467601185,27.06473561201884,1.4280898280560712,0.13045358471797938,8.210937014317361
7.223,1487843725739,,,,,,,2017-02-23 09:55:25.739,7.813523085535243,27.06473561201884,1.4881138513211458,0.15082377422187415,8.210937014317361
8.145,1487843736009,,,,,,,2017-02-23 09:55:36.009,7.635266354327559,27.06473561201884,1.3811598125965354,0.11536363214112427,8.210937014317361
7.146,1487843751301,,,,,,,2017-02-23 09:55:51.301,7.532027393146567,27.06473561201884,1.3192164358879404,0.09657025685591544,8.210937014317361
7.407,1487843766609,,,,,,,2017-02-23 09:56:06.609,7.821480161702311,27.071501902106338,1.4928880970213867,0.15249555747488622,8.209989733705111
8.759,1487843771701,,,,,,,2017-02-23 09:56:11.701,8.224109620618908,27.071501902106338,1.7344657723713446,0.2470069393068237,8.209989733705111
7.499,1487843776739,,,,,,,2017-02-23 09:56:16.739,7.856367837852105,27.071501902106338,1.513820702711263,0.15991515026188508,8.209989733705111
7.138,1487843781839,,,,,,,2017-02-23 09:56:21.839,8.228164884317975,27.071501902106338,1.736898930590785,0.2480578060279203,8.209989733705111
7.392,1487843787010,,,,,,,2017-02-23 09:56:27.010,8.15923977154886,27.071501902106338,1.6955438629293158,0.23046506528991148,8.209989733705111
8.452,1487843807342,,,,,,,2017-02-23 09:56:47.342,7.792586712817672,27.071501902106338,1.475552027690603,0.14646133367568653,8.209989733705111
8.298,1487843812499,,,,,,,2017-02-23 09:56:52.499,8.09124856390363,27.071501902106338,1.654749138342178,0.21366924485051061,8.209989733705111
7.83,1487843822699,,,,,,,2017-02-23 09:57:02.699,7.8917892581126905,27.078219234504356,1.5350735548676142,0.16759768176173231,8.209049307169389
7.215,1487843827802,,,,,,,2017-02-23 09:57:07.802,8.382121806139924,27.078219234504356,1.8292730836839546,0.28941328350812073,8.209049307169389
7.269,1487843838010,,,,,,,2017-02-23 09:57:18.010,8.142767560287467,27.078219234504356,1.6856605361724801,0.2263450285629185,8.209049307169389
6.993,1487843843120,,,,,,,2017-02-23 09:57:23.120,7.9468480094429435,27.078219234504356,1.5681088056657662,0.17983824623677355,8.209049307169389
10.31,1487843848209,,,,,,,2017-02-23 09:57:28.209,7.513345966275564,27.078219234504356,1.3080075797653383,0.09330619308834669,8.209049307169389
7.269,1487843858499,,,,,,,2017-02-23 09:57:38.499,7.931185431345529,27.078219234504356,1.5587112588073175,0.17631914676370886,8.209049307169389
8.605,1487843863610,,,,,,,2017-02-23 09:57:43.610,7.866384350061465,27.078219234504356,1.519830610036879,0.16207235772876977,8.209049307169389
8.298,1487843873848,,,,,,,2017-02-23 09:57:53.848,7.7161355374761005,27.078219234504356,1.4296813224856604,0.13097818667949426,8.209049307169389
9.688,1487843889158,,,,,,,2017-02-23 09:58:09.158,8.282639854082872,27.08488748132458,1.7695839124497228,0.26236556337418543,8.208115752614559
6.946,1487843899343,,,,,,,2017-02-23 09:58:19.343,8.164657778969838,27.08488748132458,1.6987946673819028,0.23182733577151926,8.208115752614559
8.605,1487843909558,,,,,,,2017-02-23 09:58:29.558,8.207604108890644,27.08488748132458,1.7245624653343863,0.2427501212243261,8.208115752614559
7.676,1487843919770,,,,,,,2017-02-23 09:58:39.770,8.331642809415875,27.08488748132458,1.7989856856495252,0.2755403489667183,8.208115752614559
6.946,1487843930227,,,,,,,2017-02-23 09:58:50.227,7.809854467474718,27.08488748132458,1.4859126804848308,0.150055555866494,8.208115752614559
9.074,1487843935310,,,,,,,2017-02-23 09:58:55.310,7.796317297650468,27.08488748132458,1.4777903785902808,0.14723481164909308,8.208115752614559
7.83,1487843940339,,,,,,,2017-02-23 09:59:00.339,7.553729550788633,27.091506515613187,1.3322377304731798,0.1004146946133218,8.207189087814154
7.83,1487843945457,,,,,,,2017-02-23 09:59:05.457,8.342183027302394,27.091506515613187,1.805309816381436,0.2784118157845852,8.207189087814154
7.338,1487843955700,,,,,,,2017-02-23 09:59:15.700,7.5154196792176196,27.091506515613187,1.3092518075305717,0.09366645081586102,8.207189087814154
8.605,1487843960799,,,,,,,2017-02-23 09:59:20.799,8.235552788725931,27.091506515613187,1.7413316732355586,0.2499773539610098,8.207189087814154
7.845,1487843965849,,,,,,,2017-02-23 09:59:25.849,7.7788590754128375,27.091506515613187,1.4673154452477024,0.14362950400741423,8.207189087814154
7.761,1487843970940,,,,,,,2017-02-23 09:59:30.940,8.256317382497086,27.091506515613187,1.7537904294982514,0.2554075487735334,8.207189087814154
10.003,1487843996500,,,,,,,2017-02-23 09:59:56.500,7.776918362446086,27.091506515613187,1.4661510174676515,0.14323098510831608,8.207189087814154
7.108,1487844001619,,,,,,,2017-02-23 10:00:01.619,7.7912453024723085,27.098076211353316,1.474747181483385,0.14618362159796827,8.206269330410535
7.123,1487844016900,,,,,,,2017-02-23 10:00:16.900,8.366328755455159,27.098076211353316,1.8197972532730953,0.2850400766899964,8.206269330410535
8.145,1487844027100,,,,,,,2017-02-23 10:00:27.100,8.170793052587841,27.098076211353316,1.7024758315527047,0.2333742042091156,8.206269330410535
7.085,1487844032139,,,,,,,2017-02-23 10:00:32.139,7.744548715366716,27.098076211353316,1.4467292292200296,0.13665062349432583,8.206269330410535
8.452,1487844037269,,,,,,,2017-02-23 10:00:37.269,8.27020434947396,27.098076211353316,1.7621226096843763,0.2590680325064377,8.206269330410535
7.983,1487844042400,,,,,,,2017-02-23 10:00:42.400,8.074068616121899,27.098076211353316,1.6444411696731391,0.20951308853393333,8.206269330410535
7.761,1487844052629,,,,,,,2017-02-23 10:00:52.629,7.967274541010674,27.098076211353316,1.5803647246064045,0.18447195085444018,8.206269330410535
7.2,1487844057790,,,,,,,2017-02-23 10:00:57.790,8.336353584658069,27.098076211353316,1.801812150794841,0.27682205567541185,8.206269330410535
7.123,1487844068069,,,,,,,2017-02-23 10:01:08.069,7.692268201639473,27.104596443467425,1.4153609209836835,0.1262881543636899,8.20535649791456
7.83,1487844073200,,,,,,,2017-02-23 10:01:13.200,7.9811388999108095,27.104596443467425,1.5886833399464857,0.1876455692451023,8.20535649791456
6.977,1487844078299,,,,,,,2017-02-23 10:01:18.299,8.051388953784924,27.104596443467425,1.6308333722709545,0.20408068675236898,8.20535649791456
7.323,1487844083420,,,,,,,2017-02-23 10:01:23.420,7.54221245111672,27.104596443467425,1.325327470670032,0.09836745505383276,8.20535649791456
8.145,1487844088500,,,,,,,2017-02-23 10:01:28.500,8.083057028949456,27.104596443467425,1.6498342173696736,0.2116831389197485,8.20535649791456
7.054,1487844098709,,,,,,,2017-02-23 10:01:38.709,8.103066903836547,27.104596443467425,1.6618401423019282,0.21654888889006607,8.20535649791456
8.145,1487844103748,,,,,,,2017-02-23 10:01:43.748,7.953365563041362,27.104596443467425,1.572019337824817,0.18131129686822292,8.20535649791456
7.054,1487844108870,,,,,,,2017-02-23 10:01:48.870,8.144815069513239,27.104596443467425,1.6868890417079434,0.22685538038855896,8.20535649791456
9.535,1487844119058,,,,,,,2017-02-23 10:01:59.058,7.775564268370731,27.104596443467425,1.4653385610224388,0.14295319411992755,8.20535649791456
6.916,1487844124228,,,,,,,2017-02-23 10:02:04.228,8.263090713132291,27.1110670878197,1.7578544278793746,0.257190048846879,8.204450607705242
7.069,1487844129288,,,,,,,2017-02-23 10:02:09.288,7.572454403496338,27.1110670878197,1.343472642097803,0.10377713583653078,8.204450607705242
8.605,1487844139560,,,,,,,2017-02-23 10:02:19.560,8.095848201952162,27.1110670878197,1.657508921171297,0.2147879955219493,8.204450607705242
6.893,1487844149759,,,,,,,2017-02-23 10:02:29.759,8.303222649522159,27.1110670878197,1.781933589713295,0.26786429320013505,8.204450607705242
6.831,1487844154919,,,,,,,2017-02-23 10:02:34.919,7.539271834040886,27.1110670878197,1.3235631004245318,0.09784729207196856,8.204450607705242
7.016,1487844159928,,,,,,,2017-02-23 10:02:39.928,7.726075262324224,27.1110670878197,1.4356451573945346,0.1329515465738646,8.204450607705242
7.676,1487844165119,,,,,,,2017-02-23 10:02:45.119,7.828583066695155,27.1110670878197,1.497149840017093,0.15399429737469428,8.204450607705242
6.747,1487844170227,,,,,,,2017-02-23 10:02:50.227,8.367029731468522,27.1110670878197,1.820217838881113,0.2852335471276084,8.204450607705242
7.676,1487844175358,,,,,,,2017-02-23 10:02:55.358,8.235751684989175,27.1110670878197,1.741451010993505,0.25002912233600283,8.204450607705242
7.154,1487844190830,,,,,,,2017-02-23 10:03:10.830,7.776164419637371,27.117488021218392,1.4656986517824224,0.1430762873780465,8.203551677029424
7.407,1487844200998,,,,,,,2017-02-23 10:03:20.998,8.110891864693889,27.117488021218392,1.666535118816333,0.2184647329482994,8.203551677029424
7.208,1487844206131,,,,,,,2017-02-23 10:03:26.131,7.869708027978426,27.117488021218392,1.5218248167870554,0.16279082236939105,8.203551677029424
7.077,1487844211230,,,,,,,2017-02-23 10:03:31.230,7.986531486622534,27.117488021218392,1.59191889197352,0.18888618894758374,8.203551677029424
8.145,1487844216309,,,,,,,2017-02-23 10:03:36.309,7.990578811393634,27.117488021218392,1.5943472868361805,0.18981960977100856,8.203551677029424
10.31,1487844221440,,,,,,,2017-02-23 10:03:41.440,7.728652650518583,27.117488021218392,1.43719159031115,0.13346517796454677,8.203551677029424
6.985,1487844226623,,,,,,,2017-02-23 10:03:46.623,7.580323320792788,27.117488021218392,1.3481939924756727,0.10520272132815038,8.203551677029424
7.346,1487844231739,,,,,,,2017-02-23 10:03:51.739,8.393980875654773,27.117488021218392,1.8363885253928636,0.2927168189748094,8.203551677029424
7.392,1487844236870,,,,,,,2017-02-23 10:03:56.870,7.749926626125716,27.117488021218392,1.4499559756754297,0.1377351788004182,8.203551677029424
8.145,1487844241999,,,,,,,2017-02-23 10:04:01.999,8.339259982838623,27.123859121418185,1.8035559897031739,0.27761415617590035,8.202659723001453
9.849,1487844247120,,,,,,,2017-02-23 10:04:07.120,8.17069222775794,27.123859121418185,1.7024153366547636,0.2333487470368601,8.202659723001453
10.617,1487844252229,,,,,,,2017-02-23 10:04:12.229,8.384998279844602,27.123859121418185,1.830998967906761,0.2902130214529458,8.202659723001453
7.246,1487844262429,,,,,,,2017-02-23 10:04:22.429,8.356820858873345,27.123859121418185,1.8140925153240068,0.28242170677824274,8.202659723001453
7.284,1487844272629,,,,,,,2017-02-23 10:04:32.629,7.610616275975984,27.123859121418185,1.3663697655855902,0.1107601570985169,8.202659723001453
9.535,1487844277739,,,,,,,2017-02-23 10:04:37.739,7.73989846153176,27.123859121418185,1.4439390769190559,0.135715611694181,8.202659723001453
7.277,1487844282899,,,,,,,2017-02-23 10:04:42.899,7.812485450342805,27.123859121418185,1.4874912702056833,0.1506063268595193,8.202659723001453
7.684,1487844293099,,,,,,,2017-02-23 10:04:53.099,8.319397812762613,27.123859121418185,1.7916386876575678,0.2722211903287788,8.202659723001453
8.145,1487844298199,,,,,,,2017-02-23 10:04:58.199,8.165452438088824,27.123859121418185,1.6992714628532943,0.23202743619277935,8.202659723001453
8.145,1487844308428,,,,,,,2017-02-23 10:05:08.428,8.30962479611848,27.130180267122523,1.7857748776710884,0.26958500356177223,8.201774762602845
8.152,1487844313539,,,,,,,2017-02-23 10:05:13.539,8.212407910791773,27.130180267122523,1.727444746475064,0.243985662537707,8.201774762602845
6.87,1487844328837,,,,,,,2017-02-23 10:05:28.837,7.9861439545653,27.130180267122523,1.59168637273918,0.18879691685885489,8.201774762602845
7.83,1487844344237,,,,,,,2017-02-23 10:05:44.237,8.085526272827515,27.130180267122523,1.651315763696509,0.21228097989660952,8.201774762602845
6.839,1487844349358,,,,,,,2017-02-23 10:05:49.358,7.750071585617949,27.130180267122523,1.4500429513707693,0.13776446060229572,8.201774762602845
9.227,1487844354537,,,,,,,2017-02-23 10:05:54.537,8.327180759516748,27.130180267122523,1.796308455710049,0.274328771171763,8.201774762602845
6.939,1487844359558,,,,,,,2017-02-23 10:05:59.558,8.371433898282843,27.130180267122523,1.822860338969706,0.28645045284923504,8.201774762602845
7.522,1487844364718,,,,,,,2017-02-23 10:06:04.718,7.68180364496253,27.136451337985896,1.409082186977518,0.12425338085285488,8.200896812681973
7.085,1487844369828,,,,,,,2017-02-23 10:06:09.828,8.037521142882321,27.136451337985896,1.6225126857293926,0.2007893753184902,8.200896812681973
6.854,1487844374938,,,,,,,2017-02-23 10:06:14.938,8.012769578672462,27.136451337985896,1.6076617472034769,0.1949723259803794,8.200896812681973
6.808,1487844380027,,,,,,,2017-02-23 10:06:20.027,7.5151686320255,27.136451337985896,1.3091011792152998,0.09362280995223744,8.200896812681973
7.522,1487844385087,,,,,,,2017-02-23 10:06:25.087,7.980636017918925,27.136451337985896,1.5883816107513549,0.18753005398531272,8.200896812681973
10.31,1487844390237,,,,,,,2017-02-23 10:06:30.237,8.33289128329932,27.136451337985896,1.799734769979592,0.2758797741152424,8.200896812681973
7.115,1487844395329,,,,,,,2017-02-23 10:06:35.329,8.149535776506891,27.136451337985896,1.6897214659041344,0.22803395705692983,8.200896812681973
7.676,1487844415809,,,,,,,2017-02-23 10:06:55.809,7.804001842298354,27.136451337985896,1.4824011053790125,0.14883334408256452,8.200896812681973
9.227,1487844420867,,,,,,,2017-02-23 10:07:00.867,7.828347425660671,27.142672214616155,1.4970084553964027,0.15394447912991485,8.200025889953737
7.714,1487844436209,,,,,,,2017-02-23 10:07:16.209,7.694469836531278,27.142672214616155,1.4166819019187666,0.1267179229226099,8.200025889953737
6.962,1487844441298,,,,,,,2017-02-23 10:07:21.298,8.296968644053011,27.142672214616155,1.778181186431807,0.2661881479533397,8.200025889953737
7.131,1487844446438,,,,,,,2017-02-23 10:07:26.438,7.88500353461321,27.142672214616155,1.5310021207679259,0.166114271253352,8.200025889953737
8.912,1487844466908,,,,,,,2017-02-23 10:07:46.908,7.584361384034926,27.142672214616155,1.3506168304209556,0.10593716864098457,8.200025889953737
7.077,1487844472029,,,,,,,2017-02-23 10:07:52.029,8.39336647897524,27.142672214616155,1.836019887385144,0.29254525432913847,8.200025889953737
6.946,1487844477129,,,,,,,2017-02-23 10:07:57.129,8.333293423570948,27.142672214616155,1.7999760541425691,0.27598914464019864,8.200025889953737
7.039,1487844482228,,,,,,,2017-02-23 10:08:02.228,8.224482827372837,27.14884277857678,1.7346896964237022,0.24710356833761637,8.19916201099925
7.208,1487844492418,,,,,,,2017-02-23 10:08:12.418,8.18933840257002,27.14884277857678,1.7136030415420116,0.2380774512375105,8.19916201099925
9.227,1487844497548,,,,,,,2017-02-23 10:08:17.548,8.268007418416914,27.14884277857678,1.7608044510501486,0.2584873996523141,8.19916201099925
9.381,1487844507749,,,,,,,2017-02-23 10:08:27.749,8.017471833938426,27.14884277857678,1.6104831003630558,0.1960717813725852,8.19916201099925
7.231,1487844512919,,,,,,,2017-02-23 10:08:32.919,7.872258166210424,27.14884277857678,1.5233548997262543,0.16334297312681373,8.19916201099925
7.046,1487844528228,,,,,,,2017-02-23 10:08:48.228,8.138109970264676,27.14884277857678,1.6828659821588055,0.22518597493459538,8.19916201099925
7.062,1487844533329,,,,,,,2017-02-23 10:08:53.329,8.177018491814703,27.14884277857678,1.7062110950888218,0.23494842288767226,8.19916201099925
7.231,1487844538518,,,,,,,2017-02-23 10:08:58.518,8.251174107157071,27.14884277857678,1.7507044642942429,0.2540576987868097,8.19916201099925
6.969,1487844543628,,,,,,,2017-02-23 10:09:03.628,8.115861274817863,27.154962912389124,1.669516764890718,0.21968524585788954,8.198305192265522
8.145,1487844548749,,,,,,,2017-02-23 10:09:08.749,8.354839659949283,27.154962912389124,1.8129037959695697,0.281877472164609,8.198305192265522
7.008,1487844553948,,,,,,,2017-02-23 10:09:13.948,7.709062020100879,27.154962912389124,1.4254372120605272,0.12958108315227074,8.198305192265522
7.83,1487844559057,,,,,,,2017-02-23 10:09:19.057,8.295426217950656,27.154962912389124,1.7772557307703933,0.2657754815797098,8.198305192265522
7.983,1487844564157,,,,,,,2017-02-23 10:09:24.157,7.910218545524058,27.154962912389124,1.546131127314435,0.17165434513565048,8.198305192265522
6.946,1487844569251,,,,,,,2017-02-23 10:09:29.251,8.203594112168288,27.154962912389124,1.7221564673009726,0.2417208677736184,8.198305192265522
9.227,1487844574408,,,,,,,2017-02-23 10:09:34.408,8.152838225723501,27.154962912389124,1.6917029354341007,0.22886003976239078,8.198305192265522
9.227,1487844584558,,,,,,,2017-02-23 10:09:44.558,7.845065544817826,27.154962912389124,1.5070393268906956,0.15749548752189152,8.198305192265522
7.077,1487844594817,,,,,,,2017-02-23 10:09:54.817,8.267623890373391,27.154962912389124,1.7605743342240348,0.2583860953685422,8.198305192265522
6.808,1487844599877,,,,,,,2017-02-23 10:09:59.877,7.9996358752718475,27.154962912389124,1.5997815251631085,0.19191553101827769,8.198305192265522
6.816,1487844605027,,,,,,,2017-02-23 10:10:05.027,7.932822294597338,27.161032499534663,1.559693376758403,0.1766855429927725,8.197455450065146
7.83,1487844610087,,,,,,,2017-02-23 10:10:10.087,8.194549459452217,27.161032499534663,1.7167296756713302,0.2394064441233034,8.197455450065146
9.688,1487844620319,,,,,,,2017-02-23 10:10:20.319,7.6284897329468695,27.161032499534663,1.3770938397681216,0.11409081075522703,8.197455450065146
6.831,1487844625447,,,,,,,2017-02-23 10:10:25.447,8.238672613558364,27.161032499534663,1.7432035681350184,0.25078992333330735,8.197455450065146
7.138,1487844630588,,,,,,,2017-02-23 10:10:30.588,7.8684558996993745,27.161032499534663,1.5210735398196247,0.16251999974968895,8.197455450065146
7.077,1487844636469,,,,,,,2017-02-23 10:10:36.469,7.5501990076060705,27.161032499534663,1.3301194045636424,0.09978542573012221,8.197455450065146
7.238,1487844640809,,,,,,,2017-02-23 10:10:40.809,7.552392741518733,27.161032499534663,1.3314356449112397,0.10017625150305297,8.197455450065146
7.83,1487844650999,,,,,,,2017-02-23 10:10:50.999,7.8051918982661395,27.161032499534663,1.4831151389596837,0.1490815321878134,8.197455450065146
9.535,1487844661128,,,,,,,2017-02-23 10:11:01.128,8.221449865889952,27.16705142445721,1.7328699195339707,0.2463187714726294,8.19661280057599
7.123,1487844666239,,,,,,,2017-02-23 10:11:06.239,7.915408080130974,27.16705142445721,1.5492448480785845,0.17280402216481366,8.19661280057599
7.031,1487844681619,,,,,,,2017-02-23 10:11:21.619,7.793424769570937,27.16705142445721,1.476054861742562,0.14663494609006653,8.19661280057599
7.254,1487844686708,,,,,,,2017-02-23 10:11:26.708,7.896810867474017,27.16705142445721,1.5380865204844105,0.16869900107825994,8.19661280057599
7.983,1487844691929,,,,,,,2017-02-23 10:11:31.929,7.905574958169396,27.16705142445721,1.5433449749016375,0.17062835560678255,8.19661280057599
9.688,1487844701999,,,,,,,2017-02-23 10:11:41.999,7.806626031013915,27.16705142445721,1.4839756186083488,0.1493808487081141,8.19661280057599
7.645,1487844707118,,,,,,,2017-02-23 10:11:47.118,7.605795152978724,27.16705142445721,1.3634770917872348,0.10986832317596812,8.19661280057599
7.092,1487844712239,,,,,,,2017-02-23 10:11:52.239,8.1955997005043,27.16705142445721,1.7173598203025797,0.23967468508723982,8.19661280057599
10.464,1487844717329,,,,,,,2017-02-23 10:11:57.329,7.944623259230876,27.16705142445721,1.5667739555385256,0.17933659114665587,8.19661280057599
9.535,1487844722438,,,,,,,2017-02-23 10:12:02.438,8.389880154445972,27.173019572565103,1.8339280926675832,0.29157258792131446,8.195777259840884
7.031,1487844727578,,,,,,,2017-02-23 10:12:07.578,8.28130023063327,27.173019572565103,1.7687801383799622,0.26200944269217863,8.195777259840884
8.145,1487844732709,,,,,,,2017-02-23 10:12:12.709,8.38316604173871,27.173019572565103,1.8298996250432258,0.28970349461588324,8.195777259840884
7.161,1487844742908,,,,,,,2017-02-23 10:12:22.908,7.520384317914335,27.173019572565103,1.312230590748601,0.09453103390627556,8.195777259840884
8.145,1487844753128,,,,,,,2017-02-23 10:12:33.128,7.560873512552287,27.173019572565103,1.336524107531372,0.10169257923082053,8.195777259840884
7.83,1487844758239,,,,,,,2017-02-23 10:12:38.239,7.580306660944537,27.173019572565103,1.348183996566722,0.10519969526998395,8.195777259840884
10.932,1487844768639,,,,,,,2017-02-23 10:12:48.639,8.381727768487638,27.173019572565103,1.8290366610925826,0.28930380764320507,8.195777259840884
6.9,1487844778858,,,,,,,2017-02-23 10:12:58.858,7.7914422279779245,27.173019572565103,1.4748653367867548,0.14622437754712722,8.195777259840884
7.323,1487844783947,,,,,,,2017-02-23 10:13:03.947,8.178508001451345,27.17893683023341,1.7071048008708067,0.23532576273164119,8.194948843767321
10.464,1487844789038,,,,,,,2017-02-23 10:13:09.038,7.801403014855066,27.17893683023341,1.4808418089130397,0.1482919451968948,8.194948843767321
10.003,1487844799288,,,,,,,2017-02-23 10:13:19.288,7.9586107408786875,27.17893683023341,1.5751664445272124,0.18250047613009215,8.194948843767321
7.83,1487844804397,,,,,,,2017-02-23 10:13:24.397,8.343746050766528,27.17893683023341,1.8062476304599169,0.27883876462288965,8.194948843767321
7.054,1487844809557,,,,,,,2017-02-23 10:13:29.557,7.759271169443095,27.17893683023341,1.455562701665857,0.1396279335024758,8.194948843767321
10.003,1487844814657,,,,,,,2017-02-23 10:13:34.657,8.235180344556712,27.17893683023341,1.7411082067340269,0.24988042760510593,8.194948843767321
9.381,1487844819817,,,,,,,2017-02-23 10:13:39.817,8.310269532406787,27.17893683023341,1.7861617194440722,0.2697585624827702,8.194948843767321
7.062,1487844829947,,,,,,,2017-02-23 10:13:49.947,7.681874503691328,27.17893683023341,1.409124702214797,0.1242671147404865,8.194948843767321
6.87,1487844835057,,,,,,,2017-02-23 10:13:55.057,8.077880050000658,27.17893683023341,1.646728030000395,0.210432089731439,8.194948843767321
8.912,1487844840147,,,,,,,2017-02-23 10:14:00.147,7.677606228118943,27.184803084806074,1.406563736871366,0.12344090957245653,8.194127568127149
7.676,1487844845238,,,,,,,2017-02-23 10:14:05.238,8.312856000328669,27.184803084806074,1.7877136001972012,0.2704553246927503,8.194127568127149
6.939,1487844855388,,,,,,,2017-02-23 10:14:15.388,7.788449434753065,27.184803084806074,1.4730696608518388,0.14560548736208886,8.194127568127149
10.779,1487844860498,,,,,,,2017-02-23 10:14:20.498,7.912874670029485,27.184803084806074,1.5477248020176908,0.17224237283418872,8.194127568127149
7.161,1487844865628,,,,,,,2017-02-23 10:14:25.628,8.14227857511309,27.184803084806074,1.6853671450678545,0.2262232210024097,8.194127568127149
7.146,1487844875919,,,,,,,2017-02-23 10:14:35.919,8.366420830960733,27.184803084806074,1.8198524985764397,0.2850654863046073,8.194127568127149
7.185,1487844881018,,,,,,,2017-02-23 10:14:41.018,8.227615952757393,27.184803084806074,1.7365695716544358,0.2479154423566946,8.194127568127149
8.605,1487844891269,,,,,,,2017-02-23 10:14:51.269,7.942444175186168,27.184803084806074,1.5654665051117007,0.178845809021391,8.194127568127149
7.576,1487844896329,,,,,,,2017-02-23 10:14:56.329,7.786272141055748,27.184803084806074,1.4717632846334487,0.14515591258626717,8.194127568127149
8.759,1487844901439,,,,,,,2017-02-23 10:15:01.439,7.871779652621598,27.190618224598065,1.5230677915729585,0.16323930685712096,8.19331344855627
9.535,1487844906598,,,,,,,2017-02-23 10:15:06.598,7.642768701549415,27.190618224598065,1.385661220929649,0.11677919079502579,8.19331344855627
7.085,1487844911639,,,,,,,2017-02-23 10:15:11.639,8.080658574789211,27.190618224598065,1.6483951448735268,0.21110313769231867,8.19331344855627
8.482,1487844926919,,,,,,,2017-02-23 10:15:26.919,8.34725075047286,27.190618224598065,1.8083504502837158,0.27979715913194136,8.19331344855627
6.985,1487844932099,,,,,,,2017-02-23 10:15:32.099,8.127113069949333,27.190618224598065,1.6762678419695998,0.22245969618136194,8.19331344855627
7.2,1487844937119,,,,,,,2017-02-23 10:15:37.119,8.260973558339462,27.190618224598065,1.7565841350036768,0.2566322974238967,8.19331344855627
7.83,1487844942239,,,,,,,2017-02-23 10:15:42.239,7.59250823453184,27.190618224598065,1.3555049407191038,0.10742488274684832,8.19331344855627
7.983,1487844947349,,,,,,,2017-02-23 10:15:47.349,7.917567080665723,27.190618224598065,1.5505402483994337,0.17328327388584602,8.19331344855627
6.993,1487844952439,,,,,,,2017-02-23 10:15:52.439,8.012233987936797,27.190618224598065,1.6073403927620784,0.19484726542898725,8.19331344855627
7.269,1487844957579,,,,,,,2017-02-23 10:15:57.579,7.793902692206917,27.190618224598065,1.47634161532415,0.14673399060877812,8.19331344855627
7.684,1487844962698,,,,,,,2017-02-23 10:16:02.698,8.090873199714457,27.1963821388975,1.6545239198286739,0.21357805863933457,8.192506500554348
7.123,1487844972839,,,,,,,2017-02-23 10:16:12.839,8.219375261042062,27.1963821388975,1.7316251566252372,0.2457825908711948,8.192506500554348
7.4,1487844977929,,,,,,,2017-02-23 10:16:17.929,8.338550189591935,27.1963821388975,1.8031301137551607,0.27742061783769295,8.192506500554348
7.384,1487844998428,,,,,,,2017-02-23 10:16:38.428,7.692007299113144,27.1963821388975,1.4152043794678866,0.1262372636222243,8.192506500554348
7.96,1487845003529,,,,,,,2017-02-23 10:16:43.529,7.871077388857715,27.1963821388975,1.5226464333146286,0.16308721659481445,8.192506500554348
9.381,1487845008618,,,,,,,2017-02-23 10:16:48.618,8.35331905627993,27.1963821388975,1.8119914337679583,0.2814600823887764,8.192506500554348
10.779,1487845013731,,,,,,,2017-02-23 10:16:53.731,7.706499751328858,27.1963821388975,1.4238998507973146,0.12907648606649635,8.192506500554348
7.0,1487845018828,,,,,,,2017-02-23 10:16:58.828,7.788686170233472,27.1963821388975,1.4732117021400832,0.14565440357320134,8.192506500554348
7.208,1487845029177,,,,,,,2017-02-23 10:17:09.177,7.544601970133568,27.202094717967764,1.326761182080141,0.0987908990073615,8.191706739484513
7.983,1487845039328,,,,,,,2017-02-23 10:17:19.328,7.560515123044135,27.202094717967764,1.3363090738264813,0.10162832597061412,8.191706739484513
7.661,1487845044437,,,,,,,2017-02-23 10:17:24.437,7.754684066594701,27.202094717967764,1.452810439956821,0.13869749788092153,8.191706739484513
6.885,1487845049547,,,,,,,2017-02-23 10:17:29.547,7.591894065287322,27.202094717967764,1.3551364391723932,0.10731245038352125,8.191706739484513
7.83,1487845054718,,,,,,,2017-02-23 10:17:34.718,8.316825335767627,27.202094717967764,1.790095201460576,0.2715261755011456,8.191706739484513
7.054,1487845064858,,,,,,,2017-02-23 10:17:44.858,8.281876501385753,27.202094717967764,1.7691259008314517,0.26216261004350305,8.191706739484513
6.908,1487845070018,,,,,,,2017-02-23 10:17:50.018,7.916278273899962,27.202094717967764,1.5497669643399774,0.17299711919006147,8.191706739484513
7.661,1487845080278,,,,,,,2017-02-23 10:18:00.278,7.754339893396062,27.207755853049584,1.452603936037637,0.13862778854648586,8.190914180573058
7.515,1487845085260,,,,,,,2017-02-23 10:18:05.260,7.600257855703925,27.207755853049584,1.3601547134223548,0.10884744943889599,8.190914180573058
7.169,1487845090398,,,,,,,2017-02-23 10:18:10.398,8.30891100543927,27.207755853049584,1.7853466032635623,0.26939291381880087,8.190914180573058
9.688,1487845100578,,,,,,,2017-02-23 10:18:20.578,7.8733751514554,27.207755853049584,1.5240250908732396,0.16358506627378927,8.190914180573058
7.983,1487845105709,,,,,,,2017-02-23 10:18:25.709,8.220574029045451,27.207755853049584,1.7323444174272709,0.2460923488759054,8.190914180573058
7.983,1487845115909,,,,,,,2017-02-23 10:18:35.909,7.784830085022074,27.207755853049584,1.4708980510132446,0.14485846526381768,8.190914180573058
9.688,1487845131218,,,,,,,2017-02-23 10:18:51.218,7.972650746065103,27.207755853049584,1.5835904476390616,0.18569985198855157,8.190914180573058
7.983,1487845136299,,,,,,,2017-02-23 10:18:56.299,8.265510185778288,27.207755853049584,1.7593061114669726,0.257828102625684,8.190914180573058
9.381,1487845141448,,,,,,,2017-02-23 10:19:01.448,8.081133698843278,27.213365436363105,1.6486802193059666,0.21121797875691994,8.190128838909164
7.108,1487845156729,,,,,,,2017-02-23 10:19:16.729,7.514075429233363,27.213365436363105,1.3084452575400176,0.0934328608906246,8.190128838909164
9.535,1487845161838,,,,,,,2017-02-23 10:19:21.838,7.587573884046235,27.213365436363105,1.3525443304277411,0.10652285916596907,8.190128838909164
7.246,1487845167009,,,,,,,2017-02-23 10:19:27.009,7.6132752977232165,27.213365436363105,1.36796517863393,0.11125322879285025,8.190128838909164
7.83,1487845172108,,,,,,,2017-02-23 10:19:32.108,8.306184936746462,27.213365436363105,1.783710962047877,0.26865985825460525,8.190128838909164
8.145,1487845177198,,,,,,,2017-02-23 10:19:37.198,7.618719905875694,27.213365436363105,1.3712319435254163,0.1122654887736874,8.190128838909164
7.177,1487845187329,,,,,,,2017-02-23 10:19:47.329,8.161759338658682,27.213365436363105,1.6970556031952089,0.2310981315874118,8.190128838909164
7.983,1487845192438,,,,,,,2017-02-23 10:19:52.438,8.11651777216747,27.213365436363105,1.6699106633004817,0.21984670661670513,8.190128838909164
7.284,1487845202619,,,,,,,2017-02-23 10:20:02.619,8.306472905549473,27.21892336110995,1.783883743329684,0.2687372525976339,8.189350729444605
7.138,1487845207699,,,,,,,2017-02-23 10:20:07.699,8.240535817078529,27.21892336110995,1.7443214902471174,0.2512757583200768,8.189350729444605
7.131,1487845217839,,,,,,,2017-02-23 10:20:17.839,7.753773917203117,27.21892336110995,1.4522643503218702,0.138513185822093,8.189350729444605
7.269,1487845222989,,,,,,,2017-02-23 10:20:22.989,8.26640199020837,27.21892336110995,1.7598411941250223,0.25806346295156085,8.189350729444605
9.381,1487845228109,,,,,,,2017-02-23 10:20:28.109,7.584475720247018,27.21892336110995,1.3506854321482107,0.10595799272116221,8.189350729444605
7.254,1487845233219,,,,,,,2017-02-23 10:20:33.219,7.83074833422192,27.21892336110995,1.498449000533152,0.1544523811216048,8.189350729444605
10.779,1487845238299,,,,,,,2017-02-23 10:20:38.299,8.352782972242066,27.21892336110995,1.8116697833452395,0.2813129990903961,8.189350729444605
7.407,1487845248509,,,,,,,2017-02-23 10:20:48.509,7.881331509345059,27.21892336110995,1.5287989056070352,0.16531384280851297,8.189350729444605
7.983,1487845253599,,,,,,,2017-02-23 10:20:53.599,7.906355496645124,27.21892336110995,1.5438132979870742,0.1708006328021836,8.189350729444605
7.522,1487845263838,,,,,,,2017-02-23 10:21:03.838,7.726778173660011,27.224429521475244,1.4360669041960068,0.13309154627243616,8.188579866993464
7.83,1487845274057,,,,,,,2017-02-23 10:21:14.057,8.143213099183402,27.224429521475244,1.6859278595100413,0.22645603851721224,8.188579866993464
7.269,1487845279218,,,,,,,2017-02-23 10:21:19.218,7.578981490750599,27.224429521475244,1.3473888944503594,0.10495910096197425,8.188579866993464
6.831,1487845284318,,,,,,,2017-02-23 10:21:24.318,8.094173151202654,27.224429521475244,1.656503890721592,0.2143802860234619,8.188579866993464
7.83,1487845289367,,,,,,,2017-02-23 10:21:29.367,7.935314910834441,27.224429521475244,1.5611889465006645,0.17724410895921167,8.188579866993464
6.923,1487845294457,,,,,,,2017-02-23 10:21:34.457,8.142036570453163,27.224429521475244,1.6852219422718977,0.2261629475858996,8.188579866993464
7.83,1487845299547,,,,,,,2017-02-23 10:21:39.547,7.91752647229282,27.224429521475244,1.5505158833756916,0.17327425453828216,8.188579866993464
8.452,1487845309747,,,,,,,2017-02-23 10:21:49.747,8.277301698697546,27.224429521475244,1.7663810192185272,0.2609477680238632,8.188579866993464
10.157,1487845320017,,,,,,,2017-02-23 10:22:00.017,8.178900347872007,27.22988381262963,1.7073402087232044,0.23542520077442922,8.18781626623185
6.793,1487845325127,,,,,,,2017-02-23 10:22:05.127,8.12954972957786,27.22988381262963,1.6777298377467162,0.2230625252080854,8.18781626623185
7.238,1487845335339,,,,,,,2017-02-23 10:22:15.339,8.214848257269056,27.22988381262963,1.7289089543614335,0.24461438210551398,8.18781626623185
9.381,1487845340437,,,,,,,2017-02-23 10:22:20.437,7.702390803519432,27.22988381262963,1.4214344821116591,0.12826894044629675,8.18781626623185
7.238,1487845345579,,,,,,,2017-02-23 10:22:25.579,7.767966569655673,27.22988381262963,1.460779941793404,0.14139861492795752,8.18781626623185
7.369,1487845355739,,,,,,,2017-02-23 10:22:35.739,7.721682444602591,27.22988381262963,1.4330094667615545,0.13207796684634446,8.18781626623185
7.83,1487845360838,,,,,,,2017-02-23 10:22:40.838,8.339770714397384,27.22988381262963,1.8038624286384302,0.27775345404191953,8.18781626623185
7.192,1487845366008,,,,,,,2017-02-23 10:22:46.008,7.687526676015759,27.22988381262963,1.4125160056094554,0.12536456352776174,8.18781626623185
7.3,1487845381399,,,,,,,2017-02-23 10:23:01.399,7.722770487504071,27.235286130731264,1.4336622925024423,0.13229412525686823,8.187059941697623
9.688,1487845386509,,,,,,,2017-02-23 10:23:06.509,7.991253620317861,27.235286130731264,1.5947521721907163,0.1899754298631963,8.187059941697623
8.145,1487845391588,,,,,,,2017-02-23 10:23:11.588,7.993461043907319,27.235286130731264,1.596076626344391,0.19048552766330484,8.187059941697623
7.292,1487845396708,,,,,,,2017-02-23 10:23:16.708,7.976434413289157,27.235286130731264,1.5858606479734942,0.186566104095706,8.187059941697623
7.284,1487845401819,,,,,,,2017-02-23 10:23:21.819,8.125809458022355,27.235286130731264,1.6754856748134128,0.22213747544485898,8.187059941697623
8.759,1487845406928,,,,,,,2017-02-23 10:23:26.928,8.238612625741437,27.235286130731264,1.7431675754448621,0.2507742882818068,8.187059941697623
7.131,1487845412098,,,,,,,2017-02-23 10:23:32.098,8.36115730599366,27.235286130731264,1.8166943835961955,0.2836145709708848,8.187059941697623
7.83,1487845417208,,,,,,,2017-02-23 10:23:37.208,7.777967665447006,27.235286130731264,1.4667805992682037,0.1434463998389286,8.187059941697623
10.617,1487845422359,,,,,,,2017-02-23 10:23:42.359,8.381754689057175,27.235286130731264,1.8290528134343047,0.28931128641829296,8.187059941697623
7.369,1487845432439,,,,,,,2017-02-23 10:23:52.439,7.650313536417042,27.235286130731264,1.3901881218502252,0.11820957781754309,8.187059941697623
7.83,1487845437588,,,,,,,2017-02-23 10:23:57.588,8.250392870807364,27.235286130731264,1.750235722484418,0.2538529414123776,8.187059941697623
9.227,1487845442639,,,,,,,2017-02-23 10:24:02.639,8.3954047913421,27.240636372927803,1.83724287480526,0.29311460853234467,8.186310907790107
7.215,1487845447809,,,,,,,2017-02-23 10:24:07.809,7.507002083012794,27.240636372927803,1.3042012498076763,0.09220730002819165,8.186310907790107
7.108,1487845457958,,,,,,,2017-02-23 10:24:17.958,7.58275424525627,27.240636372927803,1.349652547153762,0.10564462609055453,8.186310907790107
7.016,1487845468148,,,,,,,2017-02-23 10:24:28.148,7.767300312671143,27.240636372927803,1.4603801876026856,0.14126262120868202,8.186310907790107
7.83,1487845473308,,,,,,,2017-02-23 10:24:33.308,7.502939309794255,27.240636372927803,1.3017635858765528,0.09150607965713581,8.186310907790107
7.238,1487845478398,,,,,,,2017-02-23 10:24:38.398,8.046265233463975,27.240636372927803,1.627759140078385,0.20286196247329083,8.186310907790107
7.231,1487845483439,,,,,,,2017-02-23 10:24:43.439,8.087308447398911,27.240636372927803,1.6523850684393464,0.21271292569577985,8.186310907790107
9.688,1487845488608,,,,,,,2017-02-23 10:24:48.608,8.14405024604898,27.240636372927803,1.6864301476293881,0.2266646854865698,8.186310907790107
6.854,1487845498838,,,,,,,2017-02-23 10:24:58.838,7.713128246525238,27.240636372927803,1.4278769479151427,0.13038347737035627,8.186310907790107
6.87,1487845503927,,,,,,,2017-02-23 10:25:03.927,7.970977189609319,27.24593443735834,1.5825863137655913,0.1853172474007404,8.185569178769832
10.31,1487845514118,,,,,,,2017-02-23 10:25:14.118,8.017276640305704,27.24593443735834,1.6103659841834226,0.1960260894889386,8.185569178769832
6.816,1487845519187,,,,,,,2017-02-23 10:25:19.187,7.5629475303451885,27.24593443735834,1.337768518207113,0.10206471871396593,8.185569178769832
7.031,1487845524347,,,,,,,2017-02-23 10:25:24.347,7.802033375750047,27.24593443735834,1.481220025450028,0.1484231902330262,8.185569178769832
8.912,1487845529458,,,,,,,2017-02-23 10:25:29.458,7.562915724055582,27.24593443735834,1.3377494344333491,0.10205900783756638,8.185569178769832
7.031,1487845534617,,,,,,,2017-02-23 10:25:34.617,8.366958514458489,27.24593443735834,1.8201751086750932,0.2852138884343842,8.185569178769832
7.522,1487845544738,,,,,,,2017-02-23 10:25:44.738,8.080444818871008,27.24593443735834,1.648266891322605,0.21105148011106528,8.185569178769832
10.003,1487845549848,,,,,,,2017-02-23 10:25:49.848,7.846170307893299,27.24593443735834,1.5077021847359795,0.15773132588166397,8.185569178769832
8.759,1487845560137,,,,,,,2017-02-23 10:26:00.137,8.281386721091847,27.251180223155373,1.7688320326551081,0.26203242850171776,8.184834768758247
8.298,1487845580589,,,,,,,2017-02-23 10:26:20.589,8.334826418455162,27.251180223155373,1.800895851073097,0.2764062529113282,8.184834768758247
7.046,1487845585657,,,,,,,2017-02-23 10:26:25.657,7.567241205522904,27.251180223155373,1.3403447233137422,0.10283677013314985,8.184834768758247
9.535,1487845595838,,,,,,,2017-02-23 10:26:35.838,8.168190846650244,27.251180223155373,1.7009145079901464,0.2327175660766722,8.184834768758247
7.108,1487845601008,,,,,,,2017-02-23 10:26:41.008,7.847840941474609,27.251180223155373,1.5087045648847655,0.15808824116758932,8.184834768758247
7.684,1487845606118,,,,,,,2017-02-23 10:26:46.118,8.1637284390466,27.251180223155373,1.6982370634279604,0.2315934179639696,8.184834768758247
7.338,1487845611239,,,,,,,2017-02-23 10:26:51.239,7.621009962465561,27.251180223155373,1.3726059774793369,0.11269231820503156,8.184834768758247
7.231,1487845616329,,,,,,,2017-02-23 10:26:56.329,7.5204244779699,27.251180223155373,1.3122546867819402,0.09453803976884344,8.184834768758247
7.676,1487845621439,,,,,,,2017-02-23 10:27:01.439,7.874636802756578,27.256373630446696,1.5247820816539468,0.16385869411291173,8.184107691737461
9.074,1487845626628,,,,,,,2017-02-23 10:27:06.628,8.16292105603559,27.256373630446696,1.6977526336213535,0.23139028123024183,8.184107691737461
8.145,1487845631709,,,,,,,2017-02-23 10:27:11.709,7.5538468879131,27.256373630446696,1.3323081327478603,0.10043563396132885,8.184107691737461
7.983,1487845636798,,,,,,,2017-02-23 10:27:16.798,7.591741344343375,27.256373630446696,1.355044806606025,0.10728449968277629,8.184107691737461
7.177,1487845646950,,,,,,,2017-02-23 10:27:26.950,8.069836906622314,27.256373630446696,1.6419021439733883,0.2084947939479712,8.184107691737461
10.31,1487845652108,,,,,,,2017-02-23 10:27:32.108,8.1943256573783,27.256373630446696,1.7165953944269803,0.23934930017869618,8.184107691737461
7.33,1487845662309,,,,,,,2017-02-23 10:27:42.309,8.159820989838673,27.256373630446696,1.6958925939032037,0.23061103457015295,8.184107691737461
7.154,1487845672528,,,,,,,2017-02-23 10:27:52.528,8.005664743386648,27.256373630446696,1.6033988460319886,0.19331614582476045,8.184107691737461
6.993,1487845677629,,,,,,,2017-02-23 10:27:57.629,7.555126957905761,27.256373630446696,1.3330761747434567,0.10066417564906759,8.184107691737461
7.377,1487845682709,,,,,,,2017-02-23 10:28:02.709,8.122690880265825,27.26151456035732,1.673614528159495,0.2213674673476956,8.183387961549975
9.535,1487845687789,,,,,,,2017-02-23 10:28:07.789,8.258326895603435,27.26151456035732,1.754996137362061,0.2559358068795235,8.183387961549975
8.145,1487845692919,,,,,,,2017-02-23 10:28:12.919,8.087581749585437,27.26151456035732,1.6525490497512623,0.21277919967544826,8.183387961549975
9.227,1487845698019,,,,,,,2017-02-23 10:28:18.019,7.825192718214021,27.26151456035732,1.4951156309284126,0.15327816577157705,8.183387961549975
7.284,1487845703109,,,,,,,2017-02-23 10:28:23.109,7.8571829381193785,27.26151456035732,1.514309762871627,0.16009024443354863,8.183387961549975
7.115,1487845708199,,,,,,,2017-02-23 10:28:28.199,7.5641552461424215,27.26151456035732,1.338493147685453,0.10228165607295218,8.183387961549975
7.407,1487845713299,,,,,,,2017-02-23 10:28:33.299,8.256667096155812,27.26151456035732,1.7540002576934874,0.25549944620309195,8.183387961549975
10.779,1487845718398,,,,,,,2017-02-23 10:28:38.398,7.5211468270444035,27.26151456035732,1.312688096226642,0.09466408554928016,8.183387961549975
7.254,1487845728609,,,,,,,2017-02-23 10:28:48.609,8.140802225673236,27.26151456035732,1.6844813354039414,0.22585563236146286,8.183387961549975
7.269,1487845733731,,,,,,,2017-02-23 10:28:53.731,8.358539807626334,27.26151456035732,1.8151238845758004,0.28289428298847324,8.183387961549975
7.208,1487845738857,,,,,,,2017-02-23 10:28:58.857,8.115268220078347,27.26151456035732,1.6691609320470082,0.21953943281177835,8.183387961549975
7.676,1487845743968,,,,,,,2017-02-23 10:29:03.968,7.506743902371991,27.266602915011354,1.3040463414231944,0.09216268002113458,8.182675591898409
6.839,1487845749017,,,,,,,2017-02-23 10:29:09.017,7.702201240682266,27.266602915011354,1.4213207444093594,0.12823173390135656,8.182675591898409
8.452,1487845759327,,,,,,,2017-02-23 10:29:19.327,7.8553316750538045,27.266602915011354,1.5131990050322828,0.15969268406704695,8.182675591898409
7.83,1487845769458,,,,,,,2017-02-23 10:29:29.458,8.00363797960757,27.266602915011354,1.6021827877645416,0.19284480536269363,8.182675591898409
6.785,1487845779728,,,,,,,2017-02-23 10:29:39.728,7.709789399770267,27.266602915011354,1.4258736398621603,0.12972447229584413,8.182675591898409
7.676,1487845784837,,,,,,,2017-02-23 10:29:44.837,8.22026768253594,27.266602915011354,1.7321606095215643,0.24601317346652343,8.182675591898409
6.931,1487845789957,,,,,,,2017-02-23 10:29:49.957,8.25539774769934,27.266602915011354,1.7532386486196034,0.25516595803804043,8.182675591898409
6.877,1487845795058,,,,,,,2017-02-23 10:29:55.058,7.71984746986609,27.266602915011354,1.431908481919654,0.13171373941735873,8.182675591898409
10.157,1487845800147,,,,,,,2017-02-23 10:30:00.147,8.068471797093853,27.271638597533858,1.6410830782563117,0.20816676014560961,8.18197059634526
7.83,1487845805237,,,,,,,2017-02-23 10:30:05.237,8.312040371656291,27.271638597533858,1.7872242229937747,0.27023551783686334,8.18197059634526
7.507,1487845810317,,,,,,,2017-02-23 10:30:10.317,7.6702154233778765,27.271638597533858,1.4021292540267258,0.12201545024233736,8.18197059634526
7.83,1487845815399,,,,,,,2017-02-23 10:30:15.399,8.260344172101549,27.271638597533858,1.7562065032609293,0.25646659320439386,8.18197059634526
7.83,1487845820468,,,,,,,2017-02-23 10:30:20.468,8.173679826161978,27.271638597533858,1.7042078956971867,0.23410360059051818,8.18197059634526
8.145,1487845825579,,,,,,,2017-02-23 10:30:25.579,7.642839947050198,27.271638597533858,1.3857039682301187,0.11679266592103221,8.18197059634526
8.145,1487845830698,,,,,,,2017-02-23 10:30:30.698,8.192403663209335,27.271638597533858,1.7154421979256012,0.23885880004154803,8.18197059634526
9.688,1487845840838,,,,,,,2017-02-23 10:30:40.838,7.908180303684591,27.271638597533858,1.5449081822107544,0.17120368185271234,8.18197059634526
10.31,1487845861308,,,,,,,2017-02-23 10:31:01.308,8.17062867543875,27.2766215120527,1.7023772052632493,0.2333327013947087,8.181272988312621
7.215,1487845876609,,,,,,,2017-02-23 10:31:16.609,8.08589452177613,27.2766215120527,1.6515367130656777,0.2123702011843311,8.181272988312621
7.561,1487845892008,,,,,,,2017-02-23 10:31:32.008,7.516033424423723,27.2766215120527,1.3096200546542338,0.09377317324280544,8.181272988312621
7.254,1487845897109,,,,,,,2017-02-23 10:31:37.109,8.243338197757854,27.2766215120527,1.7460029186547126,0.2520072705891046,8.181272988312621
7.983,1487845902199,,,,,,,2017-02-23 10:31:42.199,7.917535404368148,27.2766215120527,1.5505212426208885,0.1732762383853738,8.181272988312621
7.123,1487845907239,,,,,,,2017-02-23 10:31:47.239,7.797020727271735,27.2766215120527,1.4782124363630411,0.14738084383648029,8.181272988312621
10.464,1487845917498,,,,,,,2017-02-23 10:31:57.498,7.574054522093698,27.2766215120527,1.344432713256219,0.10406642213466769,8.181272988312621
8.145,1487845932929,,,,,,,2017-02-23 10:32:12.929,7.817353284862622,27.28155156370036,1.4904119709175734,0.15162755144115683,8.180582781081949
7.323,1487845938038,,,,,,,2017-02-23 10:32:18.038,7.8577721392364435,27.28155156370036,1.514663283541866,0.16021686216549758,8.180582781081949
7.384,1487845943129,,,,,,,2017-02-23 10:32:23.129,8.17301409937644,27.28155156370036,1.7038084596258638,0.2339353037703165,8.180582781081949
7.33,1487845948239,,,,,,,2017-02-23 10:32:28.239,8.034874231831413,27.28155156370036,1.6209245390988478,0.20016379450763772,8.180582781081949
7.138,1487845953408,,,,,,,2017-02-23 10:32:33.408,7.927029839638346,27.28155156370036,1.5562179037830073,0.17539040145428852,8.180582781081949
7.046,1487845958528,,,,,,,2017-02-23 10:32:38.528,7.793583557245086,27.28155156370036,1.4761501343470513,0.14666785015123543,8.180582781081949
10.617,1487845963619,,,,,,,2017-02-23 10:32:43.619,7.563092498833863,27.28155156370036,1.337855499300318,0.10209074960397055,8.180582781081949
7.062,1487845973857,,,,,,,2017-02-23 10:32:53.857,7.836550132790155,27.28155156370036,1.5019300796740929,0.1556825823527709,8.180582781081949
6.801,1487845978957,,,,,,,2017-02-23 10:32:58.957,8.146563443784459,27.28155156370036,1.687938066270675,0.227291569541232,8.180582781081949
8.912,1487845984057,,,,,,,2017-02-23 10:33:04.057,8.178913418062095,27.286428658615772,1.7073480508372567,0.2354285136601657,8.17989998779379
7.016,1487845989148,,,,,,,2017-02-23 10:33:09.148,7.548976179224019,27.286428658615772,1.3293857075344115,0.09956782279441431,8.17989998779379
9.849,1487845994238,,,,,,,2017-02-23 10:33:14.238,8.223799790095013,27.286428658615772,1.7342798740570078,0.2469267320648374,8.17989998779379
7.676,1487845999348,,,,,,,2017-02-23 10:33:19.348,7.5967951261759215,27.286428658615772,1.358077075705553,0.10821091948934325,8.17989998779379
6.9,1487846004438,,,,,,,2017-02-23 10:33:24.438,7.816019611144508,27.286428658615772,1.4896117666867048,0.15134747679453098,8.17989998779379
7.062,1487846009547,,,,,,,2017-02-23 10:33:29.547,8.17842206489162,27.286428658615772,1.7070532389349722,0.23530398504926733,8.17989998779379
6.854,1487846019748,,,,,,,2017-02-23 10:33:39.748,7.7658358448176905,27.286428658615772,1.4595015068906143,0.1409638870920389,8.17989998779379
7.83,1487846024827,,,,,,,2017-02-23 10:33:44.827,7.651086745977134,27.286428658615772,1.3906520475862802,0.11835655259666454,8.17989998779379
9.227,1487846029947,,,,,,,2017-02-23 10:33:49.947,7.67721495021371,27.286428658615772,1.4063289701282258,0.12336527975151292,8.17989998779379
7.83,1487846040148,,,,,,,2017-02-23 10:34:00.148,8.298453873800165,27.291252703946075,1.779072324280099,0.2665857816088178,8.179224621447549
8.759,1487846050329,,,,,,,2017-02-23 10:34:10.329,8.225937551458705,27.291252703946075,1.7355625308752227,0.24748037856796876,8.179224621447549
9.227,1487846055438,,,,,,,2017-02-23 10:34:15.438,8.353757067556383,27.291252703946075,1.81225424053383,0.2815802834438465,8.179224621447549
8.145,1487846065619,,,,,,,2017-02-23 10:34:25.619,8.279868558508618,27.291252703946075,1.7679211351051705,0.26162909017650077,8.179224621447549
8.145,1487846070718,,,,,,,2017-02-23 10:34:30.718,7.823510209722532,27.291252703946075,1.4941061258335195,0.15292328741995861,8.179224621447549
7.008,1487846075909,,,,,,,2017-02-23 10:34:35.909,7.927282946262751,27.291252703946075,1.5563697677576505,0.17544690972721178,8.179224621447549
8.452,1487846086039,,,,,,,2017-02-23 10:34:46.039,7.910157974004836,27.291252703946075,1.5460947844029014,0.17164094534721686,8.179224621447549
8.145,1487846106508,,,,,,,2017-02-23 10:35:06.508,7.709916826576007,27.296023607848397,1.4259500959456044,0.12974959861585778,8.178556694901223
8.605,1487846121849,,,,,,,2017-02-23 10:35:21.849,7.8817216716674405,27.296023607848397,1.5290330030004644,0.1653988136040349,8.178556694901223
8.145,1487846126999,,,,,,,2017-02-23 10:35:26.999,8.018608785753237,27.296023607848397,1.6111652714519422,0.1963380155091836,8.178556694901223
10.003,1487846132119,,,,,,,2017-02-23 10:35:32.119,7.582980538084901,27.296023607848397,1.3497883228509406,0.10568579873265457,8.178556694901223
7.353,1487846142329,,,,,,,2017-02-23 10:35:42.329,8.213688520609448,27.296023607848397,1.728213112365669,0.2443155038118073,8.178556694901223
7.092,1487846152588,,,,,,,2017-02-23 10:35:52.588,7.719476080762059,27.296023607848397,1.4316856484572351,0.1316400708926745,8.178556694901223
8.145,1487846167899,,,,,,,2017-02-23 10:36:07.899,7.662707939007699,27.300741279491604,1.3976247634046195,0.12057419791429229,8.177896220871174
7.154,1487846173029,,,,,,,2017-02-23 10:36:13.029,7.606554877202023,27.300741279491604,1.3639329263212139,0.11000867539008027,8.177896220871174
7.123,1487846178129,,,,,,,2017-02-23 10:36:18.129,7.923618318327615,27.300741279491604,1.554170990996569,0.17462949952971282,8.177896220871174
7.983,1487846183299,,,,,,,2017-02-23 10:36:23.299,7.79319518043652,27.300741279491604,1.4759171082619118,0.14658737586495363,8.177896220871174
7.169,1487846203679,,,,,,,2017-02-23 10:36:43.679,7.770516020524239,27.300741279491604,1.4623096123145434,0.14191949057178532,8.177896220871174
7.499,1487846208731,,,,,,,2017-02-23 10:36:48.731,7.642846194014904,27.300741279491604,1.3857077164089424,0.11679384747923614,8.177896220871174
6.785,1487846213838,,,,,,,2017-02-23 10:36:53.838,8.252161070218435,27.300741279491604,1.7512966421310607,0.2543164806106992,8.177896220871174
6.808,1487846218937,,,,,,,2017-02-23 10:36:58.937,8.347416350683364,27.300741279491604,1.8084498104100184,0.2798424806018693,8.177896220871174
6.77,1487846234237,,,,,,,2017-02-23 10:37:14.237,7.706707857882219,27.305405629058036,1.4240247147293315,0.12911743986635707,8.177243211931874
7.83,1487846239347,,,,,,,2017-02-23 10:37:19.347,8.218602436818438,27.305405629058036,1.731161462091063,0.2455829868648552,8.177243211931874
7.522,1487846244457,,,,,,,2017-02-23 10:37:24.457,7.6832094859778834,27.305405629058036,1.40992569158673,0.12452597453333278,8.177243211931874
7.676,1487846249597,,,,,,,2017-02-23 10:37:29.597,8.088746608896484,27.305405629058036,1.6532479653378904,0.2130617708994218,8.177243211931874
7.676,1487846254747,,,,,,,2017-02-23 10:37:34.747,7.995713901119535,27.305405629058036,1.597428340671721,0.1910067272983489,8.177243211931874
6.778,1487846259837,,,,,,,2017-02-23 10:37:39.837,8.002549510063163,27.305405629058036,1.6015297060378981,0.19259187633474767,8.177243211931874
6.801,1487846269988,,,,,,,2017-02-23 10:37:49.988,8.205863738042328,27.305405629058036,1.723518242825397,0.24230317994426584,8.177243211931874
7.83,1487846275127,,,,,,,2017-02-23 10:37:55.127,7.523309843229561,27.305405629058036,1.3139859059377366,0.09504189396296772,8.177243211931874
9.227,1487846280417,,,,,,,2017-02-23 10:38:00.417,7.726860157124789,27.310016567745194,1.4361160942748734,0.13310787887890477,8.176597680515671
10.31,1487846295708,,,,,,,2017-02-23 10:38:15.708,8.222960148983798,27.310016567745194,1.733776089390279,0.24670942824633388,8.176597680515671
7.2,1487846300819,,,,,,,2017-02-23 10:38:20.819,7.762624485104348,27.310016567745194,1.457574691062609,0.14030970864852738,8.176597680515671
10.464,1487846305909,,,,,,,2017-02-23 10:38:25.909,8.015695006394933,27.310016567745194,1.6094170038369602,0.19565602147716882,8.176597680515671
9.688,1487846321199,,,,,,,2017-02-23 10:38:41.199,8.024331181299388,27.310016567745194,1.6145987087796327,0.19768035444446347,8.176597680515671
7.699,1487846326228,,,,,,,2017-02-23 10:38:46.228,7.574714639699426,27.310016567745194,1.3448287838196555,0.10418585467142619,8.176597680515671
10.464,1487846341539,,,,,,,2017-02-23 10:39:01.539,8.278881061999316,27.31457400776745,1.7673286371995895,0.2613668851883533,8.175959638912556
7.154,1487846346709,,,,,,,2017-02-23 10:39:06.709,8.332652283429317,27.31457400776745,1.79959137005759,0.2758147822558459,8.175959638912556
8.145,1487846351779,,,,,,,2017-02-23 10:39:11.779,7.925340274326169,27.31457400776745,1.5552041645957013,0.17501338812193273,8.175959638912556
8.145,1487846356829,,,,,,,2017-02-23 10:39:16.829,8.135385114573118,27.31457400776745,1.681231068743871,0.22450909433584207,8.175959638912556
7.077,1487846361999,,,,,,,2017-02-23 10:39:21.999,8.113436300769562,27.31457400776745,1.6680617804617373,0.21908928943847542,8.175959638912556
8.912,1487846372129,,,,,,,2017-02-23 10:39:32.129,7.857215589026323,27.31457400776745,1.5143293534157936,0.1600972599351329,8.175959638912556
7.983,1487846377274,,,,,,,2017-02-23 10:39:37.274,7.996286086999598,27.31457400776745,1.597771652199759,0.1911391997728933,8.175959638912556
7.215,1487846382398,,,,,,,2017-02-23 10:39:42.398,7.9171050785899855,27.31457400776745,1.550263047153991,0.17318067231261097,8.175959638912556
8.605,1487846387508,,,,,,,2017-02-23 10:39:47.508,8.16307283748837,27.31457400776745,1.6978437024930217,0.2314284633168923,8.175959638912556
8.145,1487846402839,,,,,,,2017-02-23 10:40:02.839,7.5110745034440365,27.319077862357723,1.3066447020664218,0.0929121732699662,8.175329099269918
8.912,1487846408008,,,,,,,2017-02-23 10:40:08.008,8.201893155969994,27.319077862357723,1.7211358935819967,0.24128486297069016,8.175329099269918
7.108,1487846418219,,,,,,,2017-02-23 10:40:18.219,7.530729518684597,27.319077862357723,1.318437711210758,0.09634213541286583,8.175329099269918
7.062,1487846428458,,,,,,,2017-02-23 10:40:28.458,7.8391100431333784,27.319077862357723,1.503466025880027,0.1562266647001764,8.175329099269918
7.83,1487846443787,,,,,,,2017-02-23 10:40:43.787,7.772228678714134,27.319077862357723,1.4633372072284803,0.14226983994969764,8.175329099269918
7.83,1487846453938,,,,,,,2017-02-23 10:40:53.938,8.151092920047988,27.319077862357723,1.690655752028793,0.22842330168045094,8.175329099269918
9.381,1487846469257,,,,,,,2017-02-23 10:41:09.257,8.291714872612056,27.323528045769113,1.7750289235672336,0.2647837044601811,8.174706073592324
6.908,1487846479427,,,,,,,2017-02-23 10:41:19.427,7.880535464558537,27.323528045769113,1.528321278735122,0.16514053429127518,8.174706073592324
6.854,1487846484538,,,,,,,2017-02-23 10:41:24.538,7.617435655560357,27.323528045769113,1.370461393336214,0.11202640074819478,8.174706073592324
10.003,1487846489717,,,,,,,2017-02-23 10:41:29.717,8.379600253831308,27.323528045769113,1.8277601522987847,0.2887130400513911,8.174706073592324
9.381,1487846494818,,,,,,,2017-02-23 10:41:34.818,8.308895993840123,27.323528045769113,1.7853375963040736,0.26938887467153716,8.174706073592324
9.381,1487846505007,,,,,,,2017-02-23 10:41:45.007,8.32591551913464,27.323528045769113,1.7955493114807837,0.2739856559760045,8.174706073592324
9.535,1487846510147,,,,,,,2017-02-23 10:41:50.147,8.099845148909065,27.323528045769113,1.6599070893454388,0.21576221777254342,8.174706073592324
7.2,1487846515349,,,,,,,2017-02-23 10:41:55.349,7.843506989688771,27.323528045769113,1.5061041938132624,0.15716302534437104,8.174706073592324
7.177,1487846520549,,,,,,,2017-02-23 10:42:00.549,7.594097169123821,27.327924473276536,1.3564583014742928,0.10771596972352429,8.174090573741283
10.779,1487846525628,,,,,,,2017-02-23 10:42:05.628,7.977553086804963,27.327924473276536,1.5865318520829774,0.18682254797347045,8.174090573741283
9.074,1487846535818,,,,,,,2017-02-23 10:42:15.818,7.817654626230887,27.327924473276536,1.490592775738532,0.1516908634056656,8.174090573741283
7.83,1487846556308,,,,,,,2017-02-23 10:42:36.308,7.577742099974955,27.327924473276536,1.3466452599849732,0.10473427124220326,8.174090573741283
8.605,1487846571619,,,,,,,2017-02-23 10:42:51.619,8.357246719808428,27.327924473276536,1.8143480318850567,0.28253875212438817,8.174090573741283
10.617,1487846576708,,,,,,,2017-02-23 10:42:56.708,8.041823234936544,27.327924473276536,1.6250939409619263,0.20180794148411163,8.174090573741283
7.231,1487846581818,,,,,,,2017-02-23 10:43:01.818,7.730367511176615,27.332267061178353,1.438220506705969,0.13380736333472026,8.17348261143503
8.298,1487846591998,,,,,,,2017-02-23 10:43:11.998,8.245420510659695,27.332267061178353,1.7472523063958172,0.25255143209619724,8.17348261143503
9.688,1487846597038,,,,,,,2017-02-23 10:43:17.038,8.127404304398931,27.332267061178353,1.6764425826393587,0.22253171002731462,8.17348261143503
9.849,1487846602128,,,,,,,2017-02-23 10:43:22.128,8.126456203497648,27.332267061178353,1.6758737220985889,0.22229730949563675,8.17348261143503
7.676,1487846612399,,,,,,,2017-02-23 10:43:32.399,8.232134599083636,27.332267061178353,1.7392807594501818,0.2490884153129069,8.17348261143503
9.227,1487846617508,,,,,,,2017-02-23 10:43:37.508,8.154696490237663,27.332267061178353,1.692817894142598,0.229325445980649,8.17348261143503
10.157,1487846622599,,,,,,,2017-02-23 10:43:42.599,7.588856714806838,27.332267061178353,1.353314028884103,0.10675708589275204,8.17348261143503
7.254,1487846627699,,,,,,,2017-02-23 10:43:47.699,8.087567211040144,27.332267061178353,1.6525403266240861,0.21277567394827426,8.17348261143503
9.535,1487846642999,,,,,,,2017-02-23 10:44:02.999,8.009904068092956,27.33655572679795,1.6059424408557734,0.19430362923145317,8.172882198248287
8.298,1487846648099,,,,,,,2017-02-23 10:44:08.099,8.299008398951587,27.33655572679795,1.7794050393709522,0.2667343099153837,8.172882198248287
7.054,1487846653198,,,,,,,2017-02-23 10:44:13.198,7.7176749219094845,27.33655572679795,1.4306049531456906,0.13128302886612933,8.172882198248287
7.085,1487846658239,,,,,,,2017-02-23 10:44:18.239,7.721343508288477,27.33655572679795,1.4328061049730862,0.13201066034530515,8.172882198248287
7.983,1487846663338,,,,,,,2017-02-23 10:44:23.338,8.256054551091582,27.33655572679795,1.753632730654949,0.25533849184132973,8.172882198248287
7.062,1487846668418,,,,,,,2017-02-23 10:44:28.418,8.334678310516026,27.33655572679795,1.8008069863096154,0.27636594233150963,8.172882198248287
6.985,1487846673508,,,,,,,2017-02-23 10:44:33.508,7.967750461646438,27.33655572679795,1.5806502769878628,0.1845805090654147,8.172882198248287
6.747,1487846688837,,,,,,,2017-02-23 10:44:48.837,8.008949917998631,27.33655572679795,1.6053699507991785,0.19408118703761337,8.172882198248287
6.778,1487846699057,,,,,,,2017-02-23 10:44:59.057,8.112443021649444,27.33655572679795,1.6674658129896662,0.2188453870097304,8.172882198248287
7.522,1487846704218,,,,,,,2017-02-23 10:45:04.218,7.742462622072953,27.340790388485317,1.4454775732437717,0.13623085838269738,8.172289345612056
10.617,1487846709267,,,,,,,2017-02-23 10:45:09.267,7.50417632731525,27.340790388485317,1.3025057963891498,0.09171937480081362,8.172289345612056
6.908,1487846714417,,,,,,,2017-02-23 10:45:14.417,7.653964920077347,27.340790388485317,1.3923789520464083,0.11890427805016913,8.172289345612056
6.862,1487846719527,,,,,,,2017-02-23 10:45:19.527,7.983102914293006,27.340790388485317,1.5898617485758038,0.18809700680630084,8.172289345612056
6.824,1487846724597,,,,,,,2017-02-23 10:45:24.597,7.6679438821334145,27.340790388485317,1.4007663292800487,0.12157865657970984,8.172289345612056
7.046,1487846729747,,,,,,,2017-02-23 10:45:29.747,8.359055648236463,27.340790388485317,1.815433388941878,0.28303616790268993,8.172289345612056
9.535,1487846734868,,,,,,,2017-02-23 10:45:34.868,7.933254409868089,27.340790388485317,1.5599526459208533,0.17678232151752002,8.172289345612056
6.778,1487846750217,,,,,,,2017-02-23 10:45:50.217,8.204084171052964,27.340790388485317,1.7224505026317782,0.24184654861675015,8.172289345612056
7.799,1487846755289,,,,,,,2017-02-23 10:45:55.289,8.33248139859592,27.340790388485317,1.799488839157552,0.2757683172989915,8.172289345612056
8.298,1487846760387,,,,,,,2017-02-23 10:46:00.387,7.891730872530048,27.344970965618597,1.5350385235180288,0.16758489466475746,8.171704064813396
7.315,1487846765509,,,,,,,2017-02-23 10:46:05.509,7.510182993741867,27.344970965618597,1.3061097962451202,0.09275769652529395,8.171704064813396
7.261,1487846770618,,,,,,,2017-02-23 10:46:10.618,7.68788031588599,27.344970965618597,1.412728189531594,0.12543335511823547,8.171704064813396
7.177,1487846775719,,,,,,,2017-02-23 10:46:15.719,8.04771658185159,27.344970965618597,1.6286299491109542,0.20320685932058494,8.171704064813396
7.131,1487846780818,,,,,,,2017-02-23 10:46:20.818,7.68238543500283,27.344970965618597,1.4094312610016981,0.1243661616345571,8.171704064813396
7.238,1487846785908,,,,,,,2017-02-23 10:46:25.908,7.504373162441086,27.344970965618597,1.3026238974646513,0.0917533314128509,8.171704064813396
7.054,1487846791019,,,,,,,2017-02-23 10:46:31.019,7.5313473219374245,27.344970965618597,1.3188083931624548,0.09645069864879595,8.171704064813396
7.231,1487846796138,,,,,,,2017-02-23 10:46:36.138,7.529499713999752,27.344970965618597,1.3176998283998513,0.09612616479552141,8.171704064813396
9.535,1487846801319,,,,,,,2017-02-23 10:46:41.319,8.159775079625886,27.344970965618597,1.6958650477755315,0.23059950303737306,8.171704064813396
9.535,1487846821738,,,,,,,2017-02-23 10:47:01.738,8.159211020679605,27.34909737860563,1.6955266124077628,0.2304578457440188,8.17112636699521
6.985,1487846826909,,,,,,,2017-02-23 10:47:06.909,7.8828632419646905,27.34909737860563,1.529717945178814,0.16564753334078955,8.17112636699521
7.676,1487846832028,,,,,,,2017-02-23 10:47:12.028,7.514098435698934,27.34909737860563,1.3084590614193607,0.09343685689356616,8.17112636699521
9.227,1487846837158,,,,,,,2017-02-23 10:47:17.158,7.930221446401589,27.34909737860563,1.5581328678409534,0.17610351835770585,8.17112636699521
10.779,1487846842199,,,,,,,2017-02-23 10:47:22.199,7.523572925678163,27.34909737860563,1.314143755406898,0.09508788418614578,8.17112636699521
8.759,1487846852339,,,,,,,2017-02-23 10:47:32.339,8.084459147112335,27.34909737860563,1.6506754882674013,0.21202252298191845,8.17112636699521
9.688,1487846862689,,,,,,,2017-02-23 10:47:42.689,7.601637224685699,27.34909737860563,1.3609823348114192,0.10910141017244884,8.17112636699521
8.452,1487846867799,,,,,,,2017-02-23 10:47:47.799,7.6543091688217215,27.34909737860563,1.3925855012930328,0.11896985621228315,8.17112636699521
9.535,1487846872839,,,,,,,2017-02-23 10:47:52.839,7.919294653759664,27.34909737860563,1.5515767922557984,0.1736671608469484,8.17112636699521
7.154,1487846877928,,,,,,,2017-02-23 10:47:57.928,8.378424525878465,27.34909737860563,1.8270547155270789,0.2883867973109844,8.17112636699521
6.946,1487846888128,,,,,,,2017-02-23 10:48:08.128,7.834715700339291,27.35316954888546,1.5008294202035743,0.1552931764615753,8.170556263156035
7.346,1487846893299,,,,,,,2017-02-23 10:48:13.299,8.179654065225186,27.35316954888546,1.7077924391351118,0.23561627812135938,8.170556263156035
7.046,1487846898398,,,,,,,2017-02-23 10:48:18.398,7.825178256025456,27.35316954888546,1.4951069536152737,0.1532751139278839,8.170556263156035
7.231,1487846903459,,,,,,,2017-02-23 10:48:23.459,7.5972772880983985,27.35316954888546,1.3583663728590392,0.1082994657997113,8.170556263156035
7.592,1487846913708,,,,,,,2017-02-23 10:48:33.708,7.548724441598176,27.35316954888546,1.3292346649589055,0.0995230482274295,8.170556263156035
9.227,1487846918817,,,,,,,2017-02-23 10:48:38.817,8.338053229180574,27.35316954888546,1.8028319375083441,0.2772851483154579,8.170556263156035
6.747,1487846929038,,,,,,,2017-02-23 10:48:49.038,8.329230038362114,27.35316954888546,1.7975380230172684,0.27488491398960563,8.170556263156035
6.793,1487846939238,,,,,,,2017-02-23 10:48:59.238,7.633657843126781,27.35316954888546,1.3801947058760686,0.11506101415956457,8.170556263156035
6.847,1487846944328,,,,,,,2017-02-23 10:49:04.328,7.8582897515549925,27.357187398929835,1.5149738509329955,0.16032813003161905,8.169993764149822
9.074,1487846959577,,,,,,,2017-02-23 10:49:19.577,8.349499410457948,27.357187398929835,1.809699646274769,0.28041285350087125,8.169993764149822
9.074,1487846969859,,,,,,,2017-02-23 10:49:29.859,7.852270295116131,27.357187398929835,1.5113621770696788,0.15903615240924698,8.169993764149822
6.87,1487846975017,,,,,,,2017-02-23 10:49:35.017,7.950950831652967,27.357187398929835,1.57057049899178,0.1807649421984204,8.169993764149822
6.754,1487846980058,,,,,,,2017-02-23 10:49:40.058,7.751319065648279,27.357187398929835,1.4507914393889676,0.1380165556570035,8.169993764149822
9.074,1487846985217,,,,,,,2017-02-23 10:49:45.217,8.36643744098637,27.357187398929835,1.8198624645918222,0.2850700701982364,8.169993764149822
6.885,1487846990328,,,,,,,2017-02-23 10:49:50.328,7.780174546390633,27.357187398929835,1.4681047278343797,0.14389988856590066,8.169993764149822
8.605,1487846995426,,,,,,,2017-02-23 10:49:55.426,7.744249380498089,27.357187398929835,1.4465496282988535,0.13659035903809333,8.169993764149822
7.522,1487847000508,,,,,,,2017-02-23 10:50:00.508,8.311600637428374,27.36115085224468,1.786960382457024,0.27011704531812875,8.169438880685744
8.452,1487847010689,,,,,,,2017-02-23 10:50:10.689,7.522579888665365,27.36115085224468,1.3135479331992188,0.09491433193277116,8.169438880685744
7.192,1487847015801,,,,,,,2017-02-23 10:50:15.801,8.196318213307585,27.36115085224468,1.717790927984551,0.23985827593993658,8.169438880685744
7.522,1487847020914,,,,,,,2017-02-23 10:50:20.914,8.366511338815284,27.36115085224468,1.8199068032891705,0.28509046429395635,8.169438880685744
8.759,1487847026011,,,,,,,2017-02-23 10:50:26.011,8.376777911644185,27.36115085224468,1.8260667469865108,0.28793017118362807,8.169438880685744
7.161,1487847031133,,,,,,,2017-02-23 10:50:31.133,8.380321862239285,27.36115085224468,1.8281931173435708,0.28891335517334354,8.169438880685744
7.384,1487847036224,,,,,,,2017-02-23 10:50:36.224,8.25408987358248,27.36115085224468,1.7524539241494876,0.2548225505025649,8.169438880685744
8.145,1487847041301,,,,,,,2017-02-23 10:50:41.301,7.78680677838223,27.36115085224468,1.472084067029338,0.1452662535693032,8.169438880685744
8.145,1487847046404,,,,,,,2017-02-23 10:50:46.404,7.821503566636561,27.36115085224468,1.4929021399819364,0.15250048606309022,8.169438880685744
9.227,1487847056583,,,,,,,2017-02-23 10:50:56.583,7.6170435150487545,27.36115085224468,1.3702261090292527,0.11195343565328386,8.169438880685744
9.849,1487847066825,,,,,,,2017-02-23 10:51:06.825,8.067757826073473,27.36505983337156,1.6406546956440837,0.20799528302869794,8.16889162332798
10.464,1487847077011,,,,,,,2017-02-23 10:51:17.011,8.383498091842977,27.36505983337156,1.8300988551057862,0.28979580449440295,8.16889162332798
7.069,1487847082136,,,,,,,2017-02-23 10:51:22.136,7.881279254222759,27.36505983337156,1.5287675525336555,0.16530246390835443,8.16889162332798
7.83,1487847087243,,,,,,,2017-02-23 10:51:27.243,7.920393984503265,27.36505983337156,1.5522363907019592,0.17391163146695354,8.16889162332798
7.983,1487847097560,,,,,,,2017-02-23 10:51:37.560,8.177126834919067,27.36505983337156,1.70627610095144,0.23497586064013026,8.16889162332798
9.381,1487847107682,,,,,,,2017-02-23 10:51:47.682,8.07619325239959,27.36505983337156,1.6457159514397535,0.21002515925937834,8.16889162332798
7.131,1487847122933,,,,,,,2017-02-23 10:52:02.933,8.326522095612946,27.368914267889107,1.7959132573677674,0.27415012691761165,8.168352002495524
8.145,1487847128041,,,,,,,2017-02-23 10:52:08.041,7.870351575071801,27.368914267889107,1.5222109450430805,0.16293008826183963,8.168352002495524
7.231,1487847148431,,,,,,,2017-02-23 10:52:28.431,7.650986941793542,27.368914267889107,1.3905921650761255,0.11833757738401929,8.168352002495524
7.2,1487847153546,,,,,,,2017-02-23 10:52:33.546,8.064793961193061,27.368914267889107,1.6388763767158365,0.20728409444121543,8.168352002495524
6.916,1487847163787,,,,,,,2017-02-23 10:52:43.787,8.261186473736013,27.368914267889107,1.7567118842416076,0.25668836435051406,8.168352002495524
6.916,1487847173942,,,,,,,2017-02-23 10:52:53.942,8.03928660439102,27.368914267889107,1.6235719626346117,0.20120709845579116,8.168352002495524
6.931,1487847179039,,,,,,,2017-02-23 10:52:59.039,7.753055937265372,27.368914267889107,1.4518335623592231,0.1383678596527593,8.168352002495524
6.801,1487847184131,,,,,,,2017-02-23 10:53:04.131,8.035785867043495,27.372714082414443,1.6214715202260972,0.20037915885089422,8.167820028461977
6.916,1487847189142,,,,,,,2017-02-23 10:53:09.142,8.091031209075673,27.372714082414443,1.654618725445404,0.21361644136710295,8.167820028461977
6.801,1487847194337,,,,,,,2017-02-23 10:53:14.337,8.348158744737,27.372714082414443,1.8088952468422004,0.28004569947119484,8.167820028461977
7.83,1487847204553,,,,,,,2017-02-23 10:53:24.553,8.324290913077949,27.372714082414443,1.7945745478467692,0.2735453676123799,8.167820028461977
8.298,1487847209661,,,,,,,2017-02-23 10:53:29.661,8.207591835670367,27.372714082414443,1.7245551014022205,0.24274696808974486,8.167820028461977
7.522,1487847214803,,,,,,,2017-02-23 10:53:34.803,7.795178073423424,27.372714082414443,1.4771068440540542,0.14699843433062673,8.167820028461977
7.676,1487847235102,,,,,,,2017-02-23 10:53:55.102,8.228042190653374,27.372714082414443,1.7368253143920245,0.24802598267466225,8.167820028461977
6.877,1487847240184,,,,,,,2017-02-23 10:54:00.184,8.149928825697076,27.37645920460458,1.6899572954182456,0.2281322067282159,8.167295711355358
9.381,1487847255607,,,,,,,2017-02-23 10:54:15.607,8.33646706574066,27.37645920460458,1.801880239444396,0.27685296443152085,8.167295711355358
7.146,1487847260621,,,,,,,2017-02-23 10:54:20.621,7.565308072848132,27.37645920460458,1.3391848437088791,0.10248889719262691,8.167295711355358
8.145,1487847265733,,,,,,,2017-02-23 10:54:25.733,7.956622622222835,27.37645920460458,1.573973573333701,0.18204934416986715,8.167295711355358
7.277,1487847270919,,,,,,,2017-02-23 10:54:30.919,8.191828336845012,27.37645920460458,1.7150970021070069,0.23871206079704613,8.167295711355358
7.069,1487847275998,,,,,,,2017-02-23 10:54:35.998,7.918035354693992,27.37645920460458,1.5508212128163952,0.17338729447381457,8.167295711355358
8.145,1487847281109,,,,,,,2017-02-23 10:54:41.109,7.804480958371614,27.37645920460458,1.4826885750229684,0.1489332440805714,8.167295711355358
7.192,1487847286198,,,,,,,2017-02-23 10:54:46.198,8.30691655755691,27.37645920460458,1.784149934534146,0.2688565077513583,8.167295711355358
7.323,1487847296419,,,,,,,2017-02-23 10:54:56.419,7.706457363981778,27.37645920460458,1.423874418389067,0.12906814519340415,8.167295711355358
7.177,1487847301519,,,,,,,2017-02-23 10:55:01.519,8.352921465809732,27.380149563157786,1.8117528794858395,0.2813509937296153,8.166779061157909
7.983,1487847306639,,,,,,,2017-02-23 10:55:06.639,8.185194134567945,27.380149563157786,1.7111164807407673,0.23702285126846553,8.166779061157909
7.33,1487847311729,,,,,,,2017-02-23 10:55:11.729,7.670853585010105,27.380149563157786,1.4025121510060632,0.12213827347238644,8.166779061157909
7.246,1487847321999,,,,,,,2017-02-23 10:55:21.999,7.892028970848049,27.380149563157786,1.5352173825088293,0.16765018582491525,8.166779061157909
7.945,1487847337289,,,,,,,2017-02-23 10:55:37.289,8.380429552931503,27.380149563157786,1.8282577317589017,0.2889432549647284,8.166779061157909
8.145,1487847342319,,,,,,,2017-02-23 10:55:42.319,7.766557733148577,27.380149563157786,1.4599346398891462,0.14111111160763376,8.166779061157909
7.83,1487847362798,,,,,,,2017-02-23 10:56:02.798,8.246482134594988,27.383785087814957,1.7478892807569926,0.25282906178650727,8.166270087705906
8.145,1487847367911,,,,,,,2017-02-23 10:56:07.911,8.250853578607792,27.383785087814957,1.7505121471646752,0.25397368131102793,8.166270087705906
9.535,1487847378206,,,,,,,2017-02-23 10:56:18.206,8.321727350815163,27.383785087814957,1.7930364104890977,0.27285125468487037,8.166270087705906
7.384,1487847383271,,,,,,,2017-02-23 10:56:23.271,8.231457345561818,27.383785087814957,1.7388744073370908,0.24891245433921316,8.166270087705906
10.157,1487847388334,,,,,,,2017-02-23 10:56:28.334,8.110592153843324,27.383785087814957,1.6663552923059946,0.21839121716115356,8.166270087705906
9.688,1487847393442,,,,,,,2017-02-23 10:56:33.442,7.766174146223146,27.383785087814957,1.4597044877338876,0.14103287371743836,8.166270087705906
10.617,1487847398599,,,,,,,2017-02-23 10:56:38.599,8.199399229903438,27.383785087814957,1.7196395379420628,0.2406462245107627,8.166270087705906
7.192,1487847403679,,,,,,,2017-02-23 10:56:43.679,7.934938815754577,27.383785087814957,1.5609632894527459,0.17715978271678678,8.166270087705906
8.912,1487847419117,,,,,,,2017-02-23 10:56:59.117,8.220065367006429,27.383785087814957,1.7320392202038573,0.24596089109083194,8.166270087705906
9.074,1487847424237,,,,,,,2017-02-23 10:57:04.237,7.636567823720655,27.387365709360942,1.3819406942323929,0.11560871190850036,8.165768800689467
6.939,1487847429359,,,,,,,2017-02-23 10:57:09.359,8.139155940261324,27.387365709360942,1.683493564156794,0.22544604068322788,8.165768800689467
9.381,1487847449732,,,,,,,2017-02-23 10:57:29.732,7.965715212102559,27.387365709360942,1.5794291272615353,0.18411645600866403,8.165768800689467
10.31,1487847454842,,,,,,,2017-02-23 10:57:34.842,7.748009888640499,27.387365709360942,1.4488059331842993,0.13734823513797415,8.165768800689467
9.074,1487847459951,,,,,,,2017-02-23 10:57:39.951,7.640165078173501,27.387365709360942,1.3840990469041006,0.11628716839420522,8.165768800689467
6.831,1487847465039,,,,,,,2017-02-23 10:57:45.039,7.7221042742360755,27.387365709360942,1.4332625645416452,0.13216175368664101,8.165768800689467
7.522,1487847470155,,,,,,,2017-02-23 10:57:50.155,8.167254540798494,27.387365709360942,1.7003527244790964,0.23248149835031345,8.165768800689467
6.839,1487847475245,,,,,,,2017-02-23 10:57:55.245,8.193447564304554,27.387365709360942,1.7160685385827326,0.23912515252677843,8.165768800689467
6.839,1487847485353,,,,,,,2017-02-23 10:58:05.353,7.559995112359483,27.39089135962587,1.33599706741569,0.10153512413625276,8.165275209652378
7.883,1487847490503,,,,,,,2017-02-23 10:58:10.503,7.623098450950179,27.39089135962587,1.3738590705701075,0.11308212728101083,8.165275209652378
7.123,1487847495591,,,,,,,2017-02-23 10:58:15.591,7.788945889082095,27.39089135962587,1.473367533449257,0.1457080765311669,8.165275209652378
7.185,1487847500689,,,,,,,2017-02-23 10:58:20.689,7.872077018081303,27.39089135962587,1.5232462108487814,0.16330372555304049,8.165275209652378
10.779,1487847505733,,,,,,,2017-02-23 10:58:25.733,8.311700007692323,27.39089135962587,1.787020004615394,0.2701438154723427,8.165275209652378
7.238,1487847510816,,,,,,,2017-02-23 10:58:30.816,7.9596707841872245,27.39089135962587,1.5758024705123348,0.1827412086703205,8.165275209652378
9.849,1487847515931,,,,,,,2017-02-23 10:58:35.931,7.984354103209216,27.39089135962587,1.5906124619255295,0.1883848395897214,8.165275209652378
7.062,1487847521044,,,,,,,2017-02-23 10:58:41.044,7.81516412234258,27.39089135962587,1.489098473405548,0.15116793448364188,8.165275209652378
10.779,1487847526213,,,,,,,2017-02-23 10:58:46.213,7.781537956972361,27.39089135962587,1.4689227741834165,0.14418034587221637,8.165275209652378
11.086,1487847531311,,,,,,,2017-02-23 10:58:51.311,8.113568459665245,27.39089135962587,1.6681410757991473,0.2191217503441811,8.165275209652378
7.807,1487847536412,,,,,,,2017-02-23 10:58:56.412,7.906544776195114,27.39089135962587,1.5439268657170682,0.1708424208086517,8.165275209652378
7.231,1487847541515,,,,,,,2017-02-23 10:59:01.515,7.756139497553253,27.39436197148644,1.4536836985319517,0.1389924401115695,8.164789323991897
7.292,1487847546624,,,,,,,2017-02-23 10:59:06.624,7.9771418306105355,27.39436197148644,1.5862850983663213,0.1867282544561145,8.164789323991897
9.688,1487847561931,,,,,,,2017-02-23 10:59:21.931,7.675729822494734,27.39436197148644,1.4054378934968406,0.12307838769993613,8.164789323991897
7.023,1487847567106,,,,,,,2017-02-23 10:59:27.106,8.169298134222222,27.39436197148644,1.7015788805333334,0.2329968786346231,8.164789323991897
10.464,1487847577242,,,,,,,2017-02-23 10:59:37.242,7.6644587463494185,27.39436197148644,1.3986752478096511,0.12090970512714934,8.164789323991897
7.008,1487847582322,,,,,,,2017-02-23 10:59:42.322,8.06249471520581,27.39436197148644,1.637496829123486,0.20673310929346728,8.164789323991897
7.146,1487847592543,,,,,,,2017-02-23 10:59:52.543,7.709292608852954,27.39436197148644,1.4255755653117725,0.1296265324899367,8.164789323991897
7.131,1487847597693,,,,,,,2017-02-23 10:59:57.693,7.8956528650124875,27.39436197148644,1.5373917190074926,0.16844476415770326,8.164789323991897
7.2,1487847602751,,,,,,,2017-02-23 11:00:02.751,7.527946096561952,27.397777478867205,1.3167676579371714,0.0958535876674388,8.164311152958591
8.605,1487847618123,,,,,,,2017-02-23 11:00:18.123,7.715616487293229,27.397777478867205,1.4293698923759373,0.1308754639899956,8.164311152958591
10.003,1487847623220,,,,,,,2017-02-23 11:00:23.220,7.911998201379452,27.397777478867205,1.5471989208276713,0.17204824171366004,8.164311152958591
7.154,1487847628335,,,,,,,2017-02-23 11:00:28.335,7.989315912407571,27.397777478867205,1.5935895474445427,0.18952814066221751,8.164311152958591
7.185,1487847638541,,,,,,,2017-02-23 11:00:38.541,7.916778767033194,27.397777478867205,1.5500672602199166,0.173108220368692,8.164311152958591
6.816,1487847648817,,,,,,,2017-02-23 11:00:48.817,8.288125812292948,27.397777478867205,1.772875487375769,0.26382617747453235,8.164311152958591
7.983,1487847653862,,,,,,,2017-02-23 11:00:53.862,7.931151635169297,27.397777478867205,1.5586909811015786,0.17631158519966872,8.164311152958591
6.969,1487847659020,,,,,,,2017-02-23 11:00:59.020,7.7340732879501655,27.397777478867205,1.4404439727700993,0.13454802377533653,8.164311152958591
6.9,1487847664138,,,,,,,2017-02-23 11:01:04.138,7.81065694188879,27.40113781674183,1.486394165133274,0.15022345813749358,8.163840705656144
6.885,1487847669242,,,,,,,2017-02-23 11:01:09.242,7.994865973078295,27.40113781674183,1.5969195838469772,0.19081048724811048,8.163840705656144
8.298,1487847674331,,,,,,,2017-02-23 11:01:14.331,7.832665858099618,27.40113781674183,1.4995995148597705,0.15485852198184352,8.163840705656144
6.801,1487847679376,,,,,,,2017-02-23 11:01:19.376,8.247567336833523,27.40113781674183,1.7485404021001139,0.2531129973213879,8.163840705656144
6.923,1487847689561,,,,,,,2017-02-23 11:01:29.561,8.117983385426868,27.40113781674183,1.6707900312561206,0.22020735017324045,8.163840705656144
7.062,1487847694590,,,,,,,2017-02-23 11:01:34.590,7.939213345826715,27.40113781674183,1.5635280074960292,0.1781191972713329,8.163840705656144
9.381,1487847699747,,,,,,,2017-02-23 11:01:39.747,7.646534375452116,27.40113781674183,1.3879206252712692,0.11749225196911238,8.163840705656144
8.298,1487847704857,,,,,,,2017-02-23 11:01:44.857,8.253747621130408,27.40113781674183,1.7522485726782449,0.2547327194160152,8.163840705656144
7.83,1487847710021,,,,,,,2017-02-23 11:01:50.021,7.918913375318192,27.40113781674183,1.5513480251909155,0.17358240551595797,8.163840705656144
8.605,1487847715053,,,,,,,2017-02-23 11:01:55.053,8.240818429384403,27.40113781674183,1.7444910576306416,0.2513494865730517,8.163840705656144
6.685,1487847725272,,,,,,,2017-02-23 11:02:05.272,8.332838086212176,27.404442921134322,1.7997028517273055,0.27586530749922783,8.163377991041195
9.849,1487847730400,,,,,,,2017-02-23 11:02:10.400,8.389684234074828,27.404442921134322,1.8338105404448966,0.2915179704425492,8.163377991041195
8.145,1487847740622,,,,,,,2017-02-23 11:02:20.622,7.757194805800912,27.404442921134322,1.4543168834805473,0.13920645668561507,8.163377991041195
7.361,1487847745709,,,,,,,2017-02-23 11:02:25.709,8.277807927343986,27.404442921134322,1.7666847564063914,0.2610820738135144,8.163377991041195
8.912,1487847750825,,,,,,,2017-02-23 11:02:30.825,8.312856494508937,27.404442921134322,1.787713896705362,0.2704554578954586,8.163377991041195
8.145,1487847755908,,,,,,,2017-02-23 11:02:35.908,8.069014511664129,27.404442921134322,1.6414087069984773,0.20829714687529222,8.163377991041195
7.138,1487847761001,,,,,,,2017-02-23 11:02:41.001,7.826827152986435,27.404442921134322,1.496096291791861,0.15362322958941993,8.163377991041195
7.208,1487847766113,,,,,,,2017-02-23 11:02:46.113,7.507052890640958,27.404442921134322,1.3042317343845748,0.0922160817862284,8.163377991041195
7.054,1487847776297,,,,,,,2017-02-23 11:02:56.297,7.882890067781741,27.404442921134322,1.5297340406690445,0.16565337989881382,8.163377991041195
10.157,1487847791601,,,,,,,2017-02-23 11:03:11.601,7.7480835633695015,27.407692729120264,1.448850138021701,0.13736310016440084,8.162923017923163
7.346,1487847796689,,,,,,,2017-02-23 11:03:16.689,7.966447318990966,27.407692729120264,1.5798683913945792,0.18428332495007768,8.162923017923163
7.983,1487847806908,,,,,,,2017-02-23 11:03:26.908,7.873437721810942,27.407692729120264,1.524062633086565,0.16359863207576275,8.162923017923163
7.192,1487847811999,,,,,,,2017-02-23 11:03:31.999,8.195991941858313,27.407692729120264,1.717595165114988,0.23977490098753226,8.162923017923163
7.1,1487847822233,,,,,,,2017-02-23 11:03:42.233,7.766006734598406,27.407692729120264,1.4596040407590436,0.14099873332202825,8.162923017923163
8.452,1487847827316,,,,,,,2017-02-23 11:03:47.316,7.569037510729668,27.407692729120264,1.341422506437801,0.10316042251876788,8.162923017923163
9.688,1487847832422,,,,,,,2017-02-23 11:03:52.422,7.893651936444034,27.407692729120264,1.5361911618664201,0.16800584389234202,8.162923017923163
7.154,1487847837511,,,,,,,2017-02-23 11:03:57.511,7.532033973587634,27.407692729120264,1.3192203841525802,0.09657141398490181,8.162923017923163
7.346,1487847847719,,,,,,,2017-02-23 11:04:07.719,7.620632914732801,27.41088717882799,1.3723797488396807,0.11262199934105768,8.162475794964081
10.617,1487847852801,,,,,,,2017-02-23 11:04:12.801,7.709730619627172,27.41088717882799,1.4258383717763032,0.12971288254442548,8.162475794964081
7.208,1487847868052,,,,,,,2017-02-23 11:04:28.052,8.339941278598321,27.41088717882799,1.8039647671589925,0.2777999810085141,8.162475794964081
6.954,1487847873205,,,,,,,2017-02-23 11:04:33.205,7.611829422019571,27.41088717882799,1.3670976532117423,0.11098500976512002,8.162475794964081
7.131,1487847878256,,,,,,,2017-02-23 11:04:38.256,7.769927891914099,27.41088717882799,1.4619567351484595,0.14179926141921642,8.162475794964081
9.074,1487847883401,,,,,,,2017-02-23 11:04:43.401,7.990898528319554,27.41088717882799,1.5945391169917325,0.18989342877734153,8.162475794964081
9.688,1487847888513,,,,,,,2017-02-23 11:04:48.513,8.079168505425828,27.41088717882799,1.6475011032554971,0.21074315239387376,8.162475794964081
8.452,1487847893621,,,,,,,2017-02-23 11:04:53.621,7.869805496374668,27.41088717882799,1.5218832978248007,0.16281191168537779,8.162475794964081
7.085,1487847898749,,,,,,,2017-02-23 11:04:58.749,7.93629142414548,27.41088717882799,1.5617748544872883,0.1774631373599961,8.162475794964081
8.145,1487847903843,,,,,,,2017-02-23 11:05:03.843,7.905534579126955,27.414026209439783,1.5433207474761728,0.17061944530189677,8.16203633067843
8.912,1487847908960,,,,,,,2017-02-23 11:05:08.960,7.701164303756611,27.414026209439783,1.4206985822539668,0.1280282848724901,8.16203633067843
7.983,1487847914115,,,,,,,2017-02-23 11:05:14.115,7.793102686605096,27.414026209439783,1.4758616119630574,0.14656821318978397,8.16203633067843
7.522,1487847919160,,,,,,,2017-02-23 11:05:19.160,7.708125014314273,27.414026209439783,1.424875008588564,0.129396463757054,8.16203633067843
10.003,1487847924342,,,,,,,2017-02-23 11:05:24.342,8.343552002223936,27.414026209439783,1.8061312013343613,0.2787857432098776,8.16203633067843
6.854,1487847934534,,,,,,,2017-02-23 11:05:34.534,8.23062056002353,27.414026209439783,1.738372336014118,0.24869512048779294,8.16203633067843
6.785,1487847944717,,,,,,,2017-02-23 11:05:44.717,7.956362544346521,27.414026209439783,1.5738175266079126,0.18199036394054746,8.16203633067843
6.885,1487847954940,,,,,,,2017-02-23 11:05:54.940,7.75458103831341,27.414026209439783,1.4527486229880462,0.13867662889403062,8.16203633067843
8.145,1487847965535,,,,,,,2017-02-23 11:06:05.535,8.086095241587277,27.41710976119303,1.6516571449523658,0.21241883948568646,8.161604633432976
7.323,1487847970691,,,,,,,2017-02-23 11:06:10.691,8.097420988233822,27.41710976119303,1.658452592940293,0.21517112020715387,8.161604633432976
9.849,1487847975823,,,,,,,2017-02-23 11:06:15.823,7.570648259339235,27.41710976119303,1.3423889556035409,0.10345097119920822,8.161604633432976
6.962,1487847980911,,,,,,,2017-02-23 11:06:20.911,7.617380676603448,27.41710976119303,1.3704284059620686,0.112016169770186,8.161604633432976
10.932,1487847986004,,,,,,,2017-02-23 11:06:26.004,8.354468247258728,27.41710976119303,1.8126809483552369,0.2817754976629054,8.161604633432976
9.535,1487847991113,,,,,,,2017-02-23 11:06:31.113,7.630354211114365,27.41710976119303,1.378212526668619,0.11444045753298565,8.161604633432976
7.138,1487848001316,,,,,,,2017-02-23 11:06:41.316,8.306260527125925,27.41710976119303,1.783756316275555,0.2686801729217416,8.161604633432976
7.83,1487848006401,,,,,,,2017-02-23 11:06:46.401,7.605140104495322,27.41710976119303,1.3630840626971934,0.10974736446759267,8.161604633432976
7.246,1487848016531,,,,,,,2017-02-23 11:06:56.531,7.992643295453691,27.41710976119303,1.5955859772722145,0.1902964918113632,8.161604633432976
9.688,1487848021625,,,,,,,2017-02-23 11:07:01.625,8.378028215019514,27.420137775381345,1.8268169290117082,0.28827686576557765,8.161180711446612
7.684,1487848037000,,,,,,,2017-02-23 11:07:17.000,7.913737217778183,27.420137775381345,1.54824233066691,0.17243351058033746,8.161180711446612
7.223,1487848042109,,,,,,,2017-02-23 11:07:22.109,7.756211979088528,27.420137775381345,1.4537271874531168,0.13900713509693444,8.161180711446612
7.154,1487848052308,,,,,,,2017-02-23 11:07:32.308,8.023752131102846,27.420137775381345,1.6142512786617074,0.19754434423977585,8.161180711446612
7.238,1487848057419,,,,,,,2017-02-23 11:07:37.419,8.369336920577034,27.420137775381345,1.8216021523462202,0.28587075122795147,8.161180711446612
7.83,1487848062508,,,,,,,2017-02-23 11:07:42.508,8.19135880196179,27.420137775381345,1.7148152811770743,0.23859233352043052,8.161180711446612
7.983,1487848072691,,,,,,,2017-02-23 11:07:52.691,7.68876575045973,27.420137775381345,1.413259450275838,0.12560565959187106,8.161180711446612
7.83,1487848077799,,,,,,,2017-02-23 11:07:57.799,7.880501475844174,27.420137775381345,1.5283008855065041,0.16513313623237352,8.161180711446612
7.092,1487848082843,,,,,,,2017-02-23 11:08:02.843,8.220736110881537,27.423110194355704,1.7324416665289224,0.24613424356334307,8.1607645727902
7.031,1487848088007,,,,,,,2017-02-23 11:08:08.007,7.545029957484859,27.423110194355704,1.3270179744909154,0.09886681451166104,8.1607645727902
9.535,1487848098203,,,,,,,2017-02-23 11:08:18.203,8.080291951272127,27.423110194355704,1.6481751707632761,0.21101454054147853,8.1607645727902
7.392,1487848103322,,,,,,,2017-02-23 11:08:23.322,8.171270366045304,27.423110194355704,1.7027622196271825,0.2334947372196281,8.1607645727902
10.779,1487848113532,,,,,,,2017-02-23 11:08:33.532,7.832950792520672,27.423110194355704,1.499770475512403,0.15491891012796413,8.1607645727902
7.522,1487848144143,,,,,,,2017-02-23 11:09:04.143,8.397006984877198,27.426026961525537,1.8382041909263185,0.29356249325398687,8.160356225386424
6.923,1487848149242,,,,,,,2017-02-23 11:09:09.242,8.176896246773849,27.426026961525537,1.7061377480643092,0.23491746617889336,8.160356225386424
6.916,1487848154335,,,,,,,2017-02-23 11:09:14.335,8.31608629535117,27.426026961525537,1.7896517772107017,0.271326653288001,8.160356225386424
10.157,1487848159434,,,,,,,2017-02-23 11:09:19.434,8.382496348901979,27.426026961525537,1.8294978093411873,0.28951736036065984,8.160356225386424
6.908,1487848169767,,,,,,,2017-02-23 11:09:29.767,7.867244502024864,27.426026961525537,1.520346701214918,0.16225816580432598,8.160356225386424
10.31,1487848174922,,,,,,,2017-02-23 11:09:34.922,8.137549845107488,27.426026961525537,1.6825299070644926,0.22504676165828283,8.160356225386424
9.227,1487848185089,,,,,,,2017-02-23 11:09:45.089,8.332469842492916,27.426026961525537,1.7994819054957496,0.2757651752283924,8.160356225386424
7.983,1487848195335,,,,,,,2017-02-23 11:09:55.335,7.942116981128923,27.426026961525537,1.5652701886773541,0.178772166254328,8.160356225386424
7.123,1487848205582,,,,,,,2017-02-23 11:10:05.582,7.793784623073138,27.4288880213598,1.4762707738438825,0.1467095194538332,8.159955677009627
7.138,1487848215798,,,,,,,2017-02-23 11:10:15.798,8.337867779722785,27.4288880213598,1.802720667833671,0.2772346030901744,8.159955677009627
7.046,1487848220913,,,,,,,2017-02-23 11:10:20.913,8.082475941642892,27.4288880213598,1.6494855649857354,0.2115425553181439,8.159955677009627
8.145,1487848225996,,,,,,,2017-02-23 11:10:25.996,7.900144401989355,27.4288880213598,1.540086641193613,0.16943176968877413,8.159955677009627
7.062,1487848231097,,,,,,,2017-02-23 11:10:31.097,7.814512423687463,27.4288880213598,1.4887074542124776,0.1510312207534693,8.159955677009627
7.177,1487848241313,,,,,,,2017-02-23 11:10:41.313,8.275579397174322,27.4288880213598,1.7653476383045934,0.2604910603932606,8.159955677009627
7.054,1487848246433,,,,,,,2017-02-23 11:10:46.433,7.6197889032600665,27.4288880213598,1.3718733419560398,0.11246465424138642,8.159955677009627
7.377,1487848251534,,,,,,,2017-02-23 11:10:51.534,7.9323981481441574,27.4288880213598,1.5594388888864943,0.17659057099190487,8.159955677009627
7.983,1487848256732,,,,,,,2017-02-23 11:10:56.732,7.7179848718079755,27.4288880213598,1.4307909230847853,0.13134444221120017,8.159955677009627
9.535,1487848261744,,,,,,,2017-02-23 11:11:01.744,8.192987186253069,27.431693319388035,1.7157923117518412,0.2390076704541845,8.159562935285674
7.208,1487848266893,,,,,,,2017-02-23 11:11:06.893,7.529405099319006,27.431693319388035,1.3176430595914037,0.0961095566748267,8.159562935285674
6.862,1487848271933,,,,,,,2017-02-23 11:11:11.933,7.667231384942953,27.431693319388035,1.4003388309657718,0.12144177837678426,8.159562935285674
10.464,1487848277022,,,,,,,2017-02-23 11:11:17.022,8.399077327656874,27.431693319388035,1.8394463965941243,0.2941417028233799,8.159562935285674
9.381,1487848288079,,,,,,,2017-02-23 11:11:28.079,7.882777518292063,27.431693319388035,1.5296665109752379,0.16562885085682474,8.159562935285674
10.617,1487848297439,,,,,,,2017-02-23 11:11:37.439,7.600308920240447,27.431693319388035,1.360185352144268,0.10885684705014508,8.159562935285674
7.545,1487848302599,,,,,,,2017-02-23 11:11:42.599,7.856680493116446,27.431693319388035,1.5140082958698677,0.15998230326621626,8.159562935285674
9.535,1487848307698,,,,,,,2017-02-23 11:11:47.698,8.307091241383151,27.431693319388035,1.7842547448298909,0.2689034698329459,8.159562935285674
7.538,1487848312809,,,,,,,2017-02-23 11:11:52.809,7.543003585207742,27.431693319388035,1.3258021511246454,0.09850757515617486,8.159562935285674
7.522,1487848317839,,,,,,,2017-02-23 11:11:57.839,8.391246568648413,27.431693319388035,1.8347479411890475,0.2919536365751812,8.159562935285674
9.849,1487848328109,,,,,,,2017-02-23 11:12:08.109,8.311768266732072,27.434442802201417,1.787060960039243,0.2701622050103079,8.1591780076918
7.161,1487848333229,,,,,,,2017-02-23 11:12:13.229,8.14530661694015,27.434442802201417,1.68718397016409,0.22697797590571037,8.1591780076918
9.535,1487848338449,,,,,,,2017-02-23 11:12:18.449,7.693851811618195,27.434442802201417,1.4163110869709172,0.12659722309038898,8.1591780076918
7.661,1487848343529,,,,,,,2017-02-23 11:12:23.529,8.355235702255197,27.434442802201417,1.813141421353118,0.2819862271726102,8.1591780076918
9.688,1487848348648,,,,,,,2017-02-23 11:12:28.648,7.543495245321117,27.434442802201417,1.3260971471926704,0.09859469237716482,8.1591780076918
7.054,1487848358858,,,,,,,2017-02-23 11:12:38.858,7.627301175520428,27.434442802201417,1.3763807053122565,0.11386813754684652,8.1591780076918
6.831,1487848363997,,,,,,,2017-02-23 11:12:43.997,8.073403547017934,27.434442802201417,1.6440421282107605,0.20935290775104953,8.1591780076918
7.83,1487848369126,,,,,,,2017-02-23 11:12:49.126,8.169806835408567,27.434442802201417,1.70188410124514,0.23312524749587582,8.1591780076918
7.3,1487848379347,,,,,,,2017-02-23 11:12:59.347,7.7555738350304235,27.434442802201417,1.453344301018254,0.13887777873436233,8.1591780076918
6.624,1487848384437,,,,,,,2017-02-23 11:13:04.437,7.859328026302019,27.43713641745375,1.5155968157812114,0.16055141835311354,8.158800901556475
7.522,1487848389547,,,,,,,2017-02-23 11:13:09.547,7.880405831596984,27.43713641745375,1.5282434989581901,0.16511231883746078,8.158800901556475
10.617,1487848394707,,,,,,,2017-02-23 11:13:14.707,8.190188444965843,27.43713641745375,1.7141130669795057,0.2382940179079871,8.158800901556475
6.685,1487848399767,,,,,,,2017-02-23 11:13:19.767,8.252512655920167,27.43713641745375,1.7515075935521005,0.25440869465747024,8.158800901556475
10.157,1487848404837,,,,,,,2017-02-23 11:13:24.837,7.579215423866149,27.43713641745375,1.3475292543196893,0.10500155790767522,8.158800901556475
6.609,1487848409947,,,,,,,2017-02-23 11:13:29.947,8.267351040071336,27.43713641745375,1.7604106240428017,0.2583140360141835,8.158800901556475
9.688,1487848415017,,,,,,,2017-02-23 11:13:35.017,7.873929292530066,27.43713641745375,1.5243575755180396,0.16370522526389356,8.158800901556475
6.609,1487848420127,,,,,,,2017-02-23 11:13:40.127,8.249225657539297,27.43713641745375,1.749535394523578,0.25354715825167057,8.158800901556475
8.605,1487848425157,,,,,,,2017-02-23 11:13:45.157,7.677777202783111,27.43713641745375,1.4066663216698667,0.12347396290845836,8.158800901556475
6.847,1487848430258,,,,,,,2017-02-23 11:13:50.258,7.513537241835869,27.43713641745375,1.3081223451015214,0.09333940101076084,8.158800901556475
8.759,1487848435328,,,,,,,2017-02-23 11:13:55.328,8.398780540102115,27.43713641745375,1.8392683240612686,0.29405864045353863,8.158800901556475
6.57,1487848440427,,,,,,,2017-02-23 11:14:00.427,7.776577953667521,27.439774113862487,1.4659467722005124,0.14316112989810834,8.15843162405925
7.284,1487848445559,,,,,,,2017-02-23 11:14:05.559,7.801807463909061,27.439774113862487,1.4810844783454364,0.1483761485086316,8.15843162405925
7.492,1487848450689,,,,,,,2017-02-23 11:14:10.689,8.170704434762456,27.439774113862487,1.7024226608574735,0.233351829107744,8.15843162405925
7.83,1487848455809,,,,,,,2017-02-23 11:14:15.809,7.840180428042127,27.439774113862487,1.5041082568252762,0.15645439704062136,8.15843162405925
7.292,1487848460939,,,,,,,2017-02-23 11:14:20.939,7.588595688998317,27.439774113862487,1.35315741339899,0.10670941027425569,8.15843162405925
7.0,1487848465998,,,,,,,2017-02-23 11:14:25.998,8.394968151091396,27.439774113862487,1.8369808906548375,0.2929926014757972,8.15843162405925
6.962,1487848471108,,,,,,,2017-02-23 11:14:31.108,8.184600282683672,27.439774113862487,1.7107601696102028,0.2368719014446253,8.15843162405925
6.839,1487848476221,,,,,,,2017-02-23 11:14:36.221,7.980454012836431,27.439774113862487,1.5882724077018588,0.18748825371490402,8.15843162405925
6.793,1487848486421,,,,,,,2017-02-23 11:14:46.421,8.288591701226046,27.439774113862487,1.773155020735628,0.2639503848854354,8.15843162405925
7.023,1487848491513,,,,,,,2017-02-23 11:14:51.513,8.191379238144686,27.439774113862487,1.7148275428868114,0.23859754401713754,8.15843162405925
9.381,1487848496604,,,,,,,2017-02-23 11:14:56.604,7.73029189578492,27.439774113862487,1.4381751374709522,0.13379226751085904,8.15843162405925
6.778,1487848501719,,,,,,,2017-02-23 11:15:01.719,8.174689066678706,27.44235584120969,1.7048134400072237,0.23435883967048443,8.158070182230643
7.522,1487848511941,,,,,,,2017-02-23 11:15:11.941,7.698335962599189,27.44235584120969,1.4190015775595133,0.12747401481066933,8.158070182230643
7.522,1487848517046,,,,,,,2017-02-23 11:15:17.046,7.703093390308353,27.44235584120969,1.4218560341850117,0.12840687864425315,8.158070182230643
9.074,1487848522201,,,,,,,2017-02-23 11:15:22.201,7.955921116470777,27.44235584120969,1.5735526698824662,0.18189027589961126,8.158070182230643
6.731,1487848532425,,,,,,,2017-02-23 11:15:32.425,7.9003772722420385,27.44235584120969,1.540226363345223,0.16948300843330913,8.158070182230643
9.227,1487848537799,,,,,,,2017-02-23 11:15:37.799,7.508947602283074,27.44235584120969,1.3053685613698445,0.09254379116788572,8.158070182230643
6.9,1487848542618,,,,,,,2017-02-23 11:15:42.618,7.726304320264244,27.44235584120969,1.4357825921585465,0.13299716180766571,8.158070182230643
7.83,1487848547729,,,,,,,2017-02-23 11:15:47.729,7.580068434621998,27.44235584120969,1.3480410607731987,0.10515642800835266,8.158070182230643
10.464,1487848552838,,,,,,,2017-02-23 11:15:52.838,7.6699355962899265,27.44235584120969,1.4019613577739558,0.12196160897505214,8.158070182230643
10.779,1487848557939,,,,,,,2017-02-23 11:15:57.939,8.008006978015217,27.44235584120969,1.6048041868091303,0.19386146560134657,8.158070182230643
9.227,1487848568198,,,,,,,2017-02-23 11:16:08.198,8.263746635314057,27.44488155034299,1.758247981188434,0.2573629566512303,8.15771658295198
9.849,1487848573298,,,,,,,2017-02-23 11:16:13.298,7.909231340837944,27.44488155034299,1.5455388045027663,0.17143600804356762,8.15771658295198
10.617,1487848578409,,,,,,,2017-02-23 11:16:18.409,8.27723428774653,27.44488155034299,1.7663405726479184,0.26092988577533466,8.15771658295198
9.381,1487848583519,,,,,,,2017-02-23 11:16:23.519,8.335233417253093,27.44488155034299,1.8011400503518558,0.2765170394453088,8.15771658295198
6.601,1487848593817,,,,,,,2017-02-23 11:16:33.817,8.064481690919177,27.44488155034299,1.638689014551506,0.20720922560107682,8.15771658295198
6.793,1487848603948,,,,,,,2017-02-23 11:16:43.948,8.344661314922892,27.44488155034299,1.806796788953735,0.2790889103823735,8.15771658295198
7.522,1487848609107,,,,,,,2017-02-23 11:16:49.107,7.950538915328208,27.44488155034299,1.5703233491969246,0.18067181228995882,8.15771658295198
6.578,1487848614207,,,,,,,2017-02-23 11:16:54.207,7.721442303065381,27.44488155034299,1.4328653818392287,0.13203027774245962,8.15771658295198
6.762,1487848619307,,,,,,,2017-02-23 11:16:59.307,8.25016863394487,27.44488155034299,1.7501011803669222,0.2537941837998005,8.15771658295198
7.231,1487848634638,,,,,,,2017-02-23 11:17:14.638,7.875583029728341,27.44735119317653,1.5253498178370046,0.16406403784646992,8.157370832955285
7.361,1487848639748,,,,,,,2017-02-23 11:17:19.748,8.183802541781764,27.44735119317653,1.7102815250690586,0.23666919215529558,8.157370832955285
7.023,1487848644860,,,,,,,2017-02-23 11:17:24.860,8.073947926137595,27.44735119317653,1.6443687556825572,0.20948401661072522,8.157370832955285
6.801,1487848649947,,,,,,,2017-02-23 11:17:29.947,8.044419827882459,27.44735119317653,1.6266518967294754,0.20242378733527697,8.157370832955285
7.522,1487848655057,,,,,,,2017-02-23 11:17:35.057,8.084196538306097,27.44735119317653,1.6505179229836582,0.21195894031077833,8.157370832955285
6.762,1487848660217,,,,,,,2017-02-23 11:17:40.217,8.345583693761164,27.44735119317653,1.8073502162566981,0.27934110231620657,8.157370832955285
6.862,1487848665309,,,,,,,2017-02-23 11:17:45.309,8.290701690380079,27.44735119317653,1.7744210142280472,0.2645132405355684,8.157370832955285
7.983,1487848670357,,,,,,,2017-02-23 11:17:50.357,8.039702403801257,27.44735119317653,1.6238214422807544,0.20130553453394762,8.157370832955285
9.074,1487848675509,,,,,,,2017-02-23 11:17:55.509,7.886976294625978,27.44735119317653,1.5321857767755866,0.16654496183181525,8.157370832955285
10.157,1487848680629,,,,,,,2017-02-23 11:18:00.629,7.947126888587039,27.449764722691864,1.5682761331522235,0.17990117210682238,8.157032938823138
9.074,1487848695939,,,,,,,2017-02-23 11:18:15.939,8.282197206706314,27.449764722691864,1.7693183240237884,0.2622478677642357,8.157032938823138
7.522,1487848701038,,,,,,,2017-02-23 11:18:21.038,7.7991846022689515,27.449764722691864,1.479510761361371,0.14783043716434952,8.157032938823138
6.893,1487848706128,,,,,,,2017-02-23 11:18:26.128,8.16523997750558,27.449764722691864,1.6991439865033482,0.23197392979125728,8.157032938823138
9.074,1487848711219,,,,,,,2017-02-23 11:18:31.219,8.331070393370332,27.449764722691864,1.7986422360221992,0.2753847875839003,8.157032938823138
6.939,1487848716309,,,,,,,2017-02-23 11:18:36.309,8.030672065184257,27.449764722691864,1.6184032391105543,0.1991723656577077,8.157032938823138
6.754,1487848736729,,,,,,,2017-02-23 11:18:56.729,8.264762965365847,27.449764722691864,1.7588577792195081,0.25763097363463555,8.157032938823138
7.676,1487848747019,,,,,,,2017-02-23 11:19:07.019,8.324861481870899,27.452122092938872,1.7949168891225393,0.27369996273825,8.156702906988556
7.83,1487848752129,,,,,,,2017-02-23 11:19:12.129,7.69705715061262,27.452122092938872,1.4182342903675722,0.1272237211418246,8.156702906988556
7.33,1487848757219,,,,,,,2017-02-23 11:19:17.219,7.888556432395549,27.452122092938872,1.5331338594373294,0.16689027244139185,8.156702906988556
7.83,1487848762319,,,,,,,2017-02-23 11:19:22.319,8.321896794466964,27.452122092938872,1.7931380766801783,0.2728971090936221,8.156702906988556
9.074,1487848767398,,,,,,,2017-02-23 11:19:27.398,8.305620413070443,27.452122092938872,1.7833722478422658,0.2685081660454637,8.156702906988556
9.535,1487848772508,,,,,,,2017-02-23 11:19:32.508,7.709701679574378,27.452122092938872,1.4258210077446267,0.12970717655177194,8.156702906988556
7.676,1487848782729,,,,,,,2017-02-23 11:19:42.729,8.344600199633664,27.452122092938872,1.8067601197801983,0.27907220417026374,8.156702906988556
9.535,1487848787849,,,,,,,2017-02-23 11:19:47.849,7.939643789136897,27.452122092938872,1.5637862734821384,0.17821593141114528,8.156702906988556
7.83,1487848792998,,,,,,,2017-02-23 11:19:52.998,8.373900847033102,27.452122092938872,1.8243405082198612,0.287133107116404,8.156702906988556
7.83,1487848798119,,,,,,,2017-02-23 11:19:58.119,8.235215885602443,27.452122092938872,1.7411295313614659,0.24988967623015132,8.156702906988556
7.676,1487848803369,,,,,,,2017-02-23 11:20:03.369,7.510349875797324,27.454423259036624,1.3062099254783945,0.09278660583288097,8.156380743734871
7.83,1487848808539,,,,,,,2017-02-23 11:20:08.539,8.163945129633385,27.454423259036624,1.698367077780031,0.23164795040677574,8.156380743734871
7.83,1487848813708,,,,,,,2017-02-23 11:20:13.708,7.746650756215156,27.454423259036624,1.4479904537290937,0.13707412580149736,8.156380743734871
7.522,1487848823947,,,,,,,2017-02-23 11:20:23.947,8.112519221273631,27.454423259036624,1.6675115327641787,0.21886409384484393,8.156380743734871
6.586,1487848829037,,,,,,,2017-02-23 11:20:29.037,7.924008705897392,27.454423259036624,1.554405223538435,0.17471650037495823,8.156380743734871
7.238,1487848834137,,,,,,,2017-02-23 11:20:34.137,8.381914116799296,27.454423259036624,1.8291484700795775,0.28935557865407174,8.156380743734871
6.778,1487848839217,,,,,,,2017-02-23 11:20:39.217,7.978053802077192,27.454423259036624,1.5868322812463154,0.18693738021810466,8.156380743734871
6.509,1487848844328,,,,,,,2017-02-23 11:20:44.328,7.615256029854857,27.454423259036624,1.369153617912914,0.1116210742801096,8.156380743734871
7.522,1487848854557,,,,,,,2017-02-23 11:20:54.557,7.581468490309378,27.454423259036624,1.3488810941856268,0.10541080722801038,8.156380743734871
6.678,1487848859717,,,,,,,2017-02-23 11:20:59.717,8.025194708048744,27.454423259036624,1.6151168248292462,0.1978832586661283,8.156380743734871
7.208,1487848864827,,,,,,,2017-02-23 11:21:04.827,8.357968796291448,27.456668177174233,1.8147812777748689,0.2827372602867169,8.156066455195607
9.849,1487848869858,,,,,,,2017-02-23 11:21:09.858,7.53923812618651,27.456668177174233,1.323542875711906,0.09784133553687747,8.156066455195607
6.486,1487848880107,,,,,,,2017-02-23 11:21:20.107,7.890963171315933,27.456668177174233,1.5345779027895599,0.1674167975458652,8.156066455195607
6.731,1487848885226,,,,,,,2017-02-23 11:21:25.226,7.524273123253283,27.456668177174233,1.3145638739519698,0.09521032827031284,8.156066455195607
6.532,1487848890278,,,,,,,2017-02-23 11:21:30.278,7.566970590550716,27.456668177174233,1.3401823543304299,0.10278804517464593,8.156066455195607
9.074,1487848895408,,,,,,,2017-02-23 11:21:35.408,8.232931338558405,27.456668177174233,1.739758803135043,0.24929549105450663,8.156066455195607
10.464,1487848900469,,,,,,,2017-02-23 11:21:40.469,8.351187960064728,27.456668177174233,1.8107127760388364,0.2808755857326823,8.156066455195607
7.73,1487848905588,,,,,,,2017-02-23 11:21:45.588,7.748240800601533,27.456668177174233,1.4489444803609195,0.137394827408461,8.156066455195607
6.977,1487848910709,,,,,,,2017-02-23 11:21:50.709,7.840939229780615,27.456668177174233,1.5045635378683686,0.15661592102646962,8.156066455195607
6.885,1487848931109,,,,,,,2017-02-23 11:22:11.109,7.676000598068126,27.458856804611695,1.4056003588408754,0.12313067549893793,8.155760047354361
8.452,1487848936198,,,,,,,2017-02-23 11:22:16.198,8.14609066205198,27.458856804611695,1.6876543972311882,0.22717358248838662,8.155760047354361
6.731,1487848946398,,,,,,,2017-02-23 11:22:26.398,7.935463374829999,27.458856804611695,1.5612780248979996,0.17727740151985985,8.155760047354361
8.145,1487848951439,,,,,,,2017-02-23 11:22:31.439,8.313672441667492,27.458856804611695,1.7882034650004952,0.27067543050655696,8.155760047354361
7.676,1487848956528,,,,,,,2017-02-23 11:22:36.528,7.699435846938666,27.458856804611695,1.4196615081631996,0.12768944509609917,8.155760047354361
7.522,1487848961699,,,,,,,2017-02-23 11:22:41.699,7.962496326001183,27.458856804611695,1.57749779560071,0.1833835391660791,8.155760047354361
8.912,1487848966798,,,,,,,2017-02-23 11:22:46.798,7.78426889386241,27.458856804611695,1.470561336317446,0.14474277798539997,8.155760047354361
7.208,1487848976988,,,,,,,2017-02-23 11:22:56.988,8.04079648511632,27.458856804611695,1.6244778910697923,0.20156464573885718,8.155760047354361
6.854,1487848992329,,,,,,,2017-02-23 11:23:12.329,8.222863804251745,27.460989099680695,1.7337182825510467,0.24668449910113835,8.155461526044702
7.046,1487848997488,,,,,,,2017-02-23 11:23:17.488,8.018516302790703,27.460989099680695,1.6111097816744215,0.19631635345558526,8.155461526044702
7.83,1487849002598,,,,,,,2017-02-23 11:23:22.598,7.5373102028387855,27.460989099680695,1.3223861217032713,0.09750087796242339,8.155461526044702
6.9,1487849012898,,,,,,,2017-02-23 11:23:32.898,7.822990839007224,27.460989099680695,1.493794503404334,0.15281380923419788,8.155461526044702
7.73,1487849017998,,,,,,,2017-02-23 11:23:37.998,7.828127911099356,27.460989099680695,1.4968767466596138,0.1538980762716349,8.155461526044702
7.83,1487849023109,,,,,,,2017-02-23 11:23:43.109,7.760706587767284,27.460989099680695,1.4564239526603702,0.1399196085902884,8.155461526044702
7.369,1487849028198,,,,,,,2017-02-23 11:23:48.198,7.778125664148318,27.460989099680695,1.4668753984889906,0.14347884733698726,8.155461526044702
7.676,1487849033309,,,,,,,2017-02-23 11:23:53.309,7.516077243422151,27.460989099680695,1.3096463460532906,0.09378079453397328,8.155461526044702
7.016,1487849043498,,,,,,,2017-02-23 11:24:03.498,7.5048626546582975,27.463065021785415,1.3029175927949785,0.09183779532584674,8.155170896950041
6.762,1487849048618,,,,,,,2017-02-23 11:24:08.618,7.554926961670455,27.463065021785415,1.332956177002273,0.10062845567441918,8.155170896950041
7.622,1487849053732,,,,,,,2017-02-23 11:24:13.732,7.817389556454653,27.463065021785415,1.490433733872792,0.15163517154298928,8.155170896950041
7.208,1487849058857,,,,,,,2017-02-23 11:24:18.857,7.759792607275243,27.463065021785415,1.4558755643651455,0.13973386037903382,8.155170896950041
9.074,1487849064017,,,,,,,2017-02-23 11:24:24.017,8.129735207172956,27.463065021785415,1.6778411243037739,0.22310844150293846,8.155170896950041
7.983,1487849069068,,,,,,,2017-02-23 11:24:29.068,8.268957172864942,27.463065021785415,1.7613743037189653,0.2587383417547968,8.155170896950041
7.522,1487849074217,,,,,,,2017-02-23 11:24:34.217,8.07641118472151,27.463065021785415,1.6458467108329056,0.21007771500442288,8.155170896950041
7.369,1487849079277,,,,,,,2017-02-23 11:24:39.277,7.59111936153236,27.463065021785415,1.3546716169194162,0.1071706944663299,8.155170896950041
9.688,1487849089548,,,,,,,2017-02-23 11:24:49.548,7.994836496120126,27.463065021785415,1.5969018976720752,0.1908036668062082,8.155170896950041
7.522,1487849099757,,,,,,,2017-02-23 11:24:59.757,7.977072775110063,27.463065021785415,1.5862436650660379,0.18671242328400386,8.155170896950041
7.208,1487849104917,,,,,,,2017-02-23 11:25:04.917,7.690688339023917,27.46508453140328,1.4144130034143503,0.12598011687049576,8.15488816560354
7.522,1487849110027,,,,,,,2017-02-23 11:25:10.027,7.963592743676464,27.46508453140328,1.5781556462058783,0.18363304583172008,8.15488816560354
7.054,1487849115087,,,,,,,2017-02-23 11:25:15.087,7.664164781826556,27.46508453140328,1.3984988690959335,0.12085334700969727,8.15488816560354
6.624,1487849120327,,,,,,,2017-02-23 11:25:20.327,8.235058682339723,27.46508453140328,1.7410352094038337,0.24984876935141298,8.15488816560354
6.969,1487849125419,,,,,,,2017-02-23 11:25:25.419,8.12765135593641,27.46508453140328,1.6765908135618455,0.2225928066975912,8.15488816560354
7.676,1487849130509,,,,,,,2017-02-23 11:25:30.509,8.373494876179066,27.46508453140328,1.8240969257074395,0.2870207166254643,8.15488816560354
7.676,1487849140738,,,,,,,2017-02-23 11:25:40.738,7.960036246468141,27.46508453140328,1.5760217478808842,0.18282423527638994,8.15488816560354
9.381,1487849156109,,,,,,,2017-02-23 11:25:56.109,7.99985325621904,27.46508453140328,1.5999119537314237,0.19196595673484143,8.15488816560354
9.381,1487849176518,,,,,,,2017-02-23 11:26:16.518,7.991880039403121,27.467047590085752,1.5951280236418723,0.19012012516712973,8.154613337387994
7.83,1487849186738,,,,,,,2017-02-23 11:26:26.738,7.640148925330534,27.467047590085752,1.3840893551983204,0.11628411843313007,8.154613337387994
6.939,1487849191918,,,,,,,2017-02-23 11:26:31.918,7.891798258095593,27.467047590085752,1.535078954857356,0.16759965289524653,8.154613337387994
7.438,1487849197019,,,,,,,2017-02-23 11:26:37.019,7.530031456500348,27.467047590085752,1.3180188739002088,0.09621952382083178,8.154613337387994
9.074,1487849207219,,,,,,,2017-02-23 11:26:47.219,7.571770636481691,27.467047590085752,1.3430623818890148,0.10365361093051013,8.154613337387994
6.824,1487849212338,,,,,,,2017-02-23 11:26:52.338,8.07267455676746,27.467047590085752,1.6436047340604758,0.2091773926421315,8.154613337387994
7.146,1487849217419,,,,,,,2017-02-23 11:26:57.419,7.578335587263113,27.467047590085752,1.3470013523578677,0.10484190886316681,8.154613337387994
6.916,1487849222519,,,,,,,2017-02-23 11:27:02.519,8.366632238499605,27.46895416045901,1.8199793430997628,0.28512383123034224,8.154346417535738
6.793,1487849232819,,,,,,,2017-02-23 11:27:12.819,7.762060377591446,27.46895416045901,1.4572362265548677,0.140194923435931,8.154346417535738
7.676,1487849237928,,,,,,,2017-02-23 11:27:17.928,8.235759613754682,27.46895416045901,1.7414557682528096,0.2500311861197518,8.154346417535738
6.916,1487849248188,,,,,,,2017-02-23 11:27:28.188,7.516220178506318,27.46895416045901,1.3097321071037906,0.09380565635453329,8.154346417535738
7.277,1487849253288,,,,,,,2017-02-23 11:27:33.288,8.272357753623458,27.46895416045901,1.7634146521740748,0.2596377235981713,8.154346417535738
7.83,1487849258338,,,,,,,2017-02-23 11:27:38.338,7.6007554216046564,27.46895416045901,1.360453252962794,0.10893903181496485,8.154346417535738
6.877,1487849274068,,,,,,,2017-02-23 11:27:54.068,7.6533357111751785,27.46895416045901,1.392001426705107,0.11878445274142657,8.154346417535738
7.522,1487849279217,,,,,,,2017-02-23 11:27:59.217,8.384953295179663,27.46895416045901,1.830971977107798,0.29020050684986276,8.154346417535738
7.522,1487849284337,,,,,,,2017-02-23 11:28:04.337,8.285582766705698,27.470804206224713,1.7713496600234186,0.2631486528740788,8.15408741112854
6.662,1487849294548,,,,,,,2017-02-23 11:28:14.548,8.308852208015661,27.470804206224713,1.7853113248093968,0.26937709344340244,8.15408741112854
6.532,1487849299707,,,,,,,2017-02-23 11:28:19.707,7.817275726362045,27.470804206224713,1.490365435817227,0.1516112581265855,8.15408741112854
7.369,1487849304817,,,,,,,2017-02-23 11:28:24.817,8.31933705799708,27.470804206224713,1.791602234798248,0.2722047668519364,8.15408741112854
9.227,1487849309937,,,,,,,2017-02-23 11:28:29.937,7.668114465361996,27.470804206224713,1.4008686792171976,0.12161143645010034,8.15408741112854
7.522,1487849315018,,,,,,,2017-02-23 11:28:35.018,8.084717773061632,27.470804206224713,1.6508306638369792,0.21208514941464998,8.15408741112854
7.522,1487849320068,,,,,,,2017-02-23 11:28:40.068,7.752686188554512,27.470804206224713,1.4516117131327073,0.13829304302454848,8.15408741112854
6.9,1487849325237,,,,,,,2017-02-23 11:28:45.237,7.707353411206792,27.470804206224713,1.424412046724075,0.12924451295591374,8.15408741112854
6.793,1487849345618,,,,,,,2017-02-23 11:29:05.618,8.087174320170954,27.472597692160647,1.6523045921025723,0.2126804040054974,8.153836323097508
6.962,1487849350708,,,,,,,2017-02-23 11:29:10.708,8.103565027984297,27.472597692160647,1.6621390167905783,0.21667062939364026,8.153836323097508
6.993,1487849355799,,,,,,,2017-02-23 11:29:15.799,7.617344512003051,27.472597692160647,1.3704067072018304,0.11200944013435878,8.153836323097508
6.877,1487849366001,,,,,,,2017-02-23 11:29:26.001,8.33158689562078,27.472597692160647,1.7989521373724684,0.27552515194486676,8.153836323097508
6.908,1487849376203,,,,,,,2017-02-23 11:29:36.203,7.545114052334852,27.472597692160647,1.3270684314009111,0.09888173366467884,8.153836323097508
7.054,1487849381321,,,,,,,2017-02-23 11:29:41.321,8.256872990363307,27.472597692160647,1.7541237942179844,0.2555535577549786,8.153836323097508
7.522,1487849386497,,,,,,,2017-02-23 11:29:46.497,8.398491674927824,27.472597692160647,1.839095004956694,0.29397780548246205,8.153836323097508
10.779,1487849391516,,,,,,,2017-02-23 11:29:51.516,7.699621827986046,27.472597692160647,1.4197730967916278,0.12772588686610944,8.153836323097508
6.931,1487849402489,,,,,,,2017-02-23 11:30:02.489,7.6980042422682935,27.47433458412143,1.418802545360976,0.12740907046752095,8.153593158223
6.916,1487849407597,,,,,,,2017-02-23 11:30:07.597,7.942062055144095,27.47433458412143,1.5652372330864566,0.1787598051206775,8.153593158223
6.977,1487849412660,,,,,,,2017-02-23 11:30:12.660,7.701752393273491,27.47433458412143,1.4210514359640947,0.12814365333453537,8.153593158223
7.83,1487849427935,,,,,,,2017-02-23 11:30:27.935,7.630216741449029,27.47433458412143,1.3781300448694176,0.11441466351444923,8.153593158223
6.785,1487849433023,,,,,,,2017-02-23 11:30:33.023,7.649687231151388,27.47433458412143,1.3898123386908328,0.11809057978822488,8.153593158223
10.003,1487849438111,,,,,,,2017-02-23 11:30:38.111,7.676848293777196,27.47433458412143,1.4061089762663177,0.12329442567039206,8.153593158223
7.0,1487849443163,,,,,,,2017-02-23 11:30:43.163,8.00833692852805,27.47433458412143,1.6050021571168305,0.1939383376811447,8.153593158223
7.522,1487849448236,,,,,,,2017-02-23 11:30:48.236,7.804122215219462,27.47433458412143,1.4824733291316774,0.14885844032514708,8.153593158223
6.801,1487849453332,,,,,,,2017-02-23 11:30:53.332,8.10070188919012,27.47433458412143,1.6604211335140717,0.21597129052129532,8.153593158223
6.616,1487849478865,,,,,,,2017-02-23 11:31:18.865,8.357815519578022,27.476014849039146,1.8146893117468132,0.2826951173051545,8.15335792113452
9.227,1487849483960,,,,,,,2017-02-23 11:31:23.960,8.065188335786916,27.476014849039146,1.6391130014721493,0.20737866504992447,8.15335792113452
6.539,1487849494250,,,,,,,2017-02-23 11:31:34.250,8.303946830534246,27.476014849039146,1.7823680983205472,0.26805868523145376,8.15335792113452
6.624,1487849499362,,,,,,,2017-02-23 11:31:39.362,7.5609724061310075,27.476014849039146,1.3365834436786046,0.10171031191309758,8.15335792113452
7.108,1487849504481,,,,,,,2017-02-23 11:31:44.481,8.264740359127826,27.476014849039146,1.7588442154766954,0.25762501078272343,8.15335792113452
9.849,1487849509560,,,,,,,2017-02-23 11:31:49.560,7.556571462653286,27.476014849039146,1.3339428775919717,0.10092231139956917,8.15335792113452
6.962,1487849519839,,,,,,,2017-02-23 11:31:59.839,7.593978503451603,27.476014849039146,1.3563871020709617,0.1076942201403359,8.15335792113452
6.601,1487849524962,,,,,,,2017-02-23 11:32:04.962,8.154704978235811,27.477638454923966,1.6928229869414868,0.22932757276816476,8.153130616310644
7.208,1487849530050,,,,,,,2017-02-23 11:32:10.050,7.516894963703889,27.477638454923966,1.3101369782223333,0.09392306014498224,8.153130616310644
6.586,1487849540271,,,,,,,2017-02-23 11:32:20.271,8.332506499835857,27.477638454923966,1.7995038999015138,0.2757751423079043,8.153130616310644
7.522,1487849545355,,,,,,,2017-02-23 11:32:25.355,7.786858167649668,27.477638454923966,1.4721149005898009,0.1452768613365824,8.153130616310644
7.83,1487849550453,,,,,,,2017-02-23 11:32:30.453,7.625727424408273,27.477638454923966,1.375436454644964,0.1135735601131233,8.153130616310644
7.522,1487849555583,,,,,,,2017-02-23 11:32:35.583,8.289888338738896,27.477638454923966,1.7739330032433376,0.2642962095236317,8.153130616310644
7.461,1487849560691,,,,,,,2017-02-23 11:32:40.691,8.355189344447977,27.477638454923966,1.8131136066687863,0.2819734961364937,8.153130616310644
10.003,1487849565733,,,,,,,2017-02-23 11:32:45.733,8.24611833489329,27.477638454923966,1.7476710009359735,0.2527339077814818,8.153130616310644
6.731,1487849570825,,,,,,,2017-02-23 11:32:50.825,8.156160694068916,27.477638454923966,1.6936964164413495,0.22969245076631364,8.153130616310644
6.908,1487849575931,,,,,,,2017-02-23 11:32:55.931,7.787332778245251,27.477638454923966,1.4723996669471504,0.1453748453854312,8.153130616310644
7.83,1487849586127,,,,,,,2017-02-23 11:33:06.127,7.844176488688518,27.47920537086478,1.5065058932131108,0.15730580337638259,8.15291124807893
7.83,1487849591221,,,,,,,2017-02-23 11:33:11.221,7.866981223663098,27.47920537086478,1.5201887341978586,0.1622012835813287,8.15291124807893
6.762,1487849596313,,,,,,,2017-02-23 11:33:16.313,7.937870836677642,27.47920537086478,1.5627225020065851,0.17781763608532114,8.15291124807893
7.83,1487849601621,,,,,,,2017-02-23 11:33:21.621,7.768899269582275,27.47920537086478,1.461339561749365,0.14158908339906415,8.15291124807893
6.754,1487849606708,,,,,,,2017-02-23 11:33:26.708,7.9757465370912435,27.47920537086478,1.5854479222547462,0.1864084904329525,8.15291124807893
10.31,1487849611834,,,,,,,2017-02-23 11:33:31.834,8.254469939662208,27.47920537086478,1.7526819637973245,0.2549223230131335,8.15291124807893
7.008,1487849616912,,,,,,,2017-02-23 11:33:36.912,7.602955432105438,27.47920537086478,1.361773259263263,0.10934432358213644,8.15291124807893
7.676,1487849622026,,,,,,,2017-02-23 11:33:42.026,8.205143784548667,27.47920537086478,1.7230862707292003,0.24211839635562785,8.15291124807893
7.83,1487849627171,,,,,,,2017-02-23 11:33:47.171,7.929552989776389,27.47920537086478,1.5577317938658335,0.175954060503089,8.15291124807893
10.003,1487849632233,,,,,,,2017-02-23 11:33:52.233,7.679435483445523,27.47920537086478,1.407661290067314,0.12379472871578974,8.15291124807893
6.985,1487849637311,,,,,,,2017-02-23 11:33:57.311,7.9546321085169325,27.47920537086478,1.5727792651101593,0.18159814391058549,8.15291124807893
6.831,1487849642403,,,,,,,2017-02-23 11:34:02.403,8.046729444123345,27.480715567029762,1.628037666474007,0.2029722494935007,8.152699820615833
7.83,1487849647524,,,,,,,2017-02-23 11:34:07.524,8.095852684353309,27.480715567029762,1.6575116106119854,0.21478908699583182,8.152699820615833
6.923,1487849662819,,,,,,,2017-02-23 11:34:22.819,7.868793541469129,27.480715567029762,1.5212761248814775,0.16259300970645077,8.152699820615833
6.977,1487849667943,,,,,,,2017-02-23 11:34:27.943,7.949872281045431,27.480715567029762,1.5699233686272587,0.18052113649499538,8.152699820615833
6.939,1487849678196,,,,,,,2017-02-23 11:34:38.196,8.085556613437326,27.480715567029762,1.6513339680623957,0.21228833036363157,8.152699820615833
6.931,1487849688523,,,,,,,2017-02-23 11:34:48.523,8.117728820144542,27.480715567029762,1.6706372920867252,0.22014469077909132,8.152699820615833
6.993,1487849698819,,,,,,,2017-02-23 11:34:58.819,8.02375115498338,27.480715567029762,1.6142506929900278,0.1975441149979268,8.152699820615833
7.208,1487849703912,,,,,,,2017-02-23 11:35:03.912,8.08318584668446,27.482169014666958,1.6499115080106757,0.21171430953611126,8.152496337946625
6.601,1487849714042,,,,,,,2017-02-23 11:35:14.042,8.310107303840251,27.482169014666958,1.7860643823041507,0.26971488688464246,8.152496337946625
6.578,1487849719152,,,,,,,2017-02-23 11:35:19.152,7.775003892517231,27.482169014666958,1.4650023355103383,0.1428382979669414,8.152496337946625
7.676,1487849724240,,,,,,,2017-02-23 11:35:24.240,7.86928791151872,27.482169014666958,1.521572746911232,0.16269993447685133,8.152496337946625
6.486,1487849729363,,,,,,,2017-02-23 11:35:29.363,8.132913368673705,27.482169014666958,1.679748021204223,0.22389585934663117,8.152496337946625
7.069,1487849734522,,,,,,,2017-02-23 11:35:34.522,7.9137441911574395,27.482169014666958,1.5482465146944637,0.17243505622207106,8.152496337946625
6.685,1487849739630,,,,,,,2017-02-23 11:35:39.630,7.925548769829017,27.482169014666958,1.55532926189741,0.17505989374077024,8.152496337946625
8.912,1487849754870,,,,,,,2017-02-23 11:35:54.870,8.16582671949137,27.482169014666958,1.6994960316948222,0.23212170897583415,8.152496337946625
10.157,1487849760021,,,,,,,2017-02-23 11:36:00.021,8.044672924947221,27.483565686104818,1.6268037549683327,0.20248385880115574,8.152300803945325
6.501,1487849765052,,,,,,,2017-02-23 11:36:05.052,8.27262951723203,27.483565686104818,1.7635777103392178,0.25970965921780115,8.152300803945325
6.831,1487849775262,,,,,,,2017-02-23 11:36:15.262,7.779407096581082,27.483565686104818,1.467644257948649,0.14374212014913826,8.152300803945325
6.977,1487849780406,,,,,,,2017-02-23 11:36:20.406,7.7392976230182695,27.483565686104818,1.4435785738109617,0.13559499230207397,8.152300803945325
7.0,1487849785502,,,,,,,2017-02-23 11:36:25.502,8.300200299371024,27.483565686104818,1.7801201796226145,0.26705368263862483,8.152300803945325
7.092,1487849790631,,,,,,,2017-02-23 11:36:30.631,7.760269193077836,27.483565686104818,1.4561615158467014,0.13983070438131098,8.152300803945325
6.847,1487849805841,,,,,,,2017-02-23 11:36:45.841,7.728300823910094,27.483565686104818,1.4369804943460562,0.1333950176844178,8.152300803945325
6.808,1487849810947,,,,,,,2017-02-23 11:36:50.947,8.191868096323498,27.483565686104818,1.7151208577940986,0.2387222003302597,8.152300803945325
6.808,1487849816046,,,,,,,2017-02-23 11:36:56.046,8.00157289111685,27.483565686104818,1.6009437346701105,0.19236505917829735,8.152300803945325
6.962,1487849821131,,,,,,,2017-02-23 11:37:01.131,7.837244643986196,27.484905554752736,1.5023467863917177,0.1558301157594683,8.152113222334616
7.676,1487849841623,,,,,,,2017-02-23 11:37:21.623,7.5903306210024395,27.484905554752736,1.3541983726014637,0.10702644407786079,8.152113222334616
6.931,1487849851775,,,,,,,2017-02-23 11:37:31.775,7.692541436746609,27.484905554752736,1.4155248620479655,0.12634145941228367,8.152113222334616
8.298,1487849862003,,,,,,,2017-02-23 11:37:42.003,8.012674621728555,27.484905554752736,1.6076047730371332,0.19495015100318258,8.152113222334616
6.969,1487849867111,,,,,,,2017-02-23 11:37:47.111,8.164946319293183,27.484905554752736,1.6989677915759094,0.23189998337092046,8.152113222334616
9.688,1487849872205,,,,,,,2017-02-23 11:37:52.205,7.55590953258366,27.484905554752736,1.3335457195501959,0.10080399215441287,8.152113222334616
7.1,1487849877244,,,,,,,2017-02-23 11:37:57.244,7.514385544623919,27.484905554752736,1.3086313267743515,0.09348673030896171,8.152113222334616
7.676,1487849882404,,,,,,,2017-02-23 11:38:02.404,8.102769220541814,27.486188595101538,1.6616615323250885,0.21647614992714728,8.151933596685783
8.452,1487849887515,,,,,,,2017-02-23 11:38:07.515,8.132051630615054,27.486188595101538,1.6792309783690325,0.22368223629157827,8.151933596685783
9.688,1487849892631,,,,,,,2017-02-23 11:38:12.631,7.534057222964577,27.486188595101538,1.3204343337787463,0.09692743601607082,8.151933596685783
8.298,1487849918183,,,,,,,2017-02-23 11:38:38.183,7.9944736954118625,27.486188595101538,1.5966842172471174,0.19071972973809614,8.151933596685783
6.739,1487849923325,,,,,,,2017-02-23 11:38:43.325,8.096844205578691,27.486188595101538,1.6581065233472145,0.2150305837035064,8.151933596685783
7.161,1487849928431,,,,,,,2017-02-23 11:38:48.431,8.100843165233655,27.486188595101538,1.660505899140193,0.2160057749726686,8.151933596685783
7.522,1487849938940,,,,,,,2017-02-23 11:38:58.940,7.895657518953853,27.486188595101538,1.537394511372312,0.1684457855983459,8.151933596685783
7.83,1487849944045,,,,,,,2017-02-23 11:39:04.045,8.379332895682643,27.487414782723985,1.8275997374095856,0.2886388385431918,8.15176193041864
7.008,1487849949162,,,,,,,2017-02-23 11:39:09.162,8.364768260678852,27.487414782723985,1.8188609564073115,0.28460958951741433,8.15176193041864
6.501,1487849964451,,,,,,,2017-02-23 11:39:24.451,7.573101984007269,27.487414782723985,1.3438611904043614,0.10389417525319819,8.15176193041864
6.586,1487849969551,,,,,,,2017-02-23 11:39:29.551,8.148508086718135,27.487414782723985,1.6891048520308807,0.2277771552278481,8.15176193041864
6.616,1487849974708,,,,,,,2017-02-23 11:39:34.708,7.962374946338616,27.487414782723985,1.5774249678031695,0.18335592623034022,8.15176193041864
6.586,1487849984872,,,,,,,2017-02-23 11:39:44.872,7.91247185670664,27.487414782723985,1.5474831140239838,0.17215314130804343,8.15176193041864
7.522,1487849989950,,,,,,,2017-02-23 11:39:49.950,7.528912091882669,27.487414782723985,1.3173472551296013,0.09602303434724094,8.15176193041864
8.605,1487849995061,,,,,,,2017-02-23 11:39:55.061,8.008410297327677,27.487414782723985,1.6050461783966061,0.1939554329660894,8.15176193041864
7.515,1487850005311,,,,,,,2017-02-23 11:40:05.311,7.914857766701515,27.488584094275236,1.548914660020909,0.17268195386821472,8.151598226801466
7.208,1487850010415,,,,,,,2017-02-23 11:40:10.415,8.34910722178368,27.488584094275236,1.8094643330702076,0.28030542659190477,8.151598226801466
7.369,1487850015541,,,,,,,2017-02-23 11:40:15.541,8.177543247555944,27.488584094275236,1.7065259485335662,0.23508132971814166,8.151598226801466
6.923,1487850025771,,,,,,,2017-02-23 11:40:25.771,7.91621513746356,27.488584094275236,1.549729082478136,0.1729831060829609,8.151598226801466
7.83,1487850036005,,,,,,,2017-02-23 11:40:36.005,8.13311963983288,27.488584094275236,1.6798717838997284,0.2239470067517825,8.151598226801466
8.759,1487850041121,,,,,,,2017-02-23 11:40:41.121,7.722905145552856,27.488584094275236,1.4337430873317136,0.13232088726992763,8.151598226801466
7.83,1487850051331,,,,,,,2017-02-23 11:40:51.331,8.21025730843526,27.488584094275236,1.726154385061156,0.2434321837020067,8.151598226801466
6.87,1487850056423,,,,,,,2017-02-23 11:40:56.423,8.371559525023159,27.488584094275236,1.8229357150138952,0.286485198643499,8.151598226801466
6.885,1487850066688,,,,,,,2017-02-23 11:41:06.688,8.238588578884738,27.489696507493285,1.7431531473308426,0.2507680208997134,8.15144248895094
10.464,1487850076839,,,,,,,2017-02-23 11:41:16.839,7.872188056608515,27.489696507493285,1.5233128339651087,0.16332778270558593,8.15144248895094
10.31,1487850087108,,,,,,,2017-02-23 11:41:27.108,7.517655553864795,27.489696507493285,1.3105933323188772,0.09405545837968117,8.15144248895094
7.384,1487850092198,,,,,,,2017-02-23 11:41:32.198,7.6657494684474425,27.489696507493285,1.3994496810684656,0.12115728175039671,8.15144248895094
6.908,1487850097249,,,,,,,2017-02-23 11:41:37.249,7.639406178264223,27.489696507493285,1.383643706958534,0.11614390761374056,8.15144248895094
6.839,1487850102409,,,,,,,2017-02-23 11:41:42.409,8.345686073913948,27.489696507493285,1.8074116443483685,0.27936910084991823,8.15144248895094
7.3,1487850107508,,,,,,,2017-02-23 11:41:47.508,7.580333821623185,27.489696507493285,1.348200292973911,0.10520462869298297,8.15144248895094
6.824,1487850112629,,,,,,,2017-02-23 11:41:52.629,8.16288670999915,27.489696507493285,1.6977320259994897,0.23138164153746357,8.15144248895094
8.759,1487850127998,,,,,,,2017-02-23 11:42:07.998,7.52884157673905,27.490752001199382,1.31730494604343,0.0960106613920443,8.151294719832086
6.885,1487850133125,,,,,,,2017-02-23 11:42:13.125,7.94926994111205,27.490752001199382,1.5695619646672299,0.18038503867048206,8.151294719832086
6.931,1487850143313,,,,,,,2017-02-23 11:42:23.313,7.661563814905566,27.490752001199382,1.3969382889433397,0.1203551481409678,8.151294719832086
6.877,1487850148401,,,,,,,2017-02-23 11:42:28.401,8.231429311048744,27.490752001199382,1.7388575866292466,0.24890517172405854,8.151294719832086
7.522,1487850173960,,,,,,,2017-02-23 11:42:53.960,8.321561564977586,27.490752001199382,1.7929369389865513,0.2728063934790499,8.151294719832086
8.912,1487850179132,,,,,,,2017-02-23 11:42:59.132,7.710504069260883,27.490752001199382,1.4263024415565295,0.12986541770339524,8.151294719832086
8.145,1487850189343,,,,,,,2017-02-23 11:43:09.343,7.897921582484463,27.491750555298456,1.5387529494906775,0.1689430073357439,8.151154922258215
7.676,1487850194542,,,,,,,2017-02-23 11:43:14.542,7.661127109705317,27.491750555298456,1.3966762658231904,0.12027157959823394,8.151154922258215
8.452,1487850199635,,,,,,,2017-02-23 11:43:19.635,7.7525582306583924,27.491750555298456,1.4515349383950356,0.1382671552656414,8.151154922258215
6.555,1487850204697,,,,,,,2017-02-23 11:43:24.697,8.285957374386,27.491750555298456,1.7715744246315994,0.26324840805549593,8.151154922258215
6.647,1487850209860,,,,,,,2017-02-23 11:43:29.860,8.09272560873385,27.491750555298456,1.6556353652403102,0.21402822353715711,8.151154922258215
6.685,1487850215021,,,,,,,2017-02-23 11:43:35.021,8.255580819889916,27.491750555298456,1.7533484919339495,0.25521404354419663,8.151154922258215
7.522,1487850220129,,,,,,,2017-02-23 11:43:40.129,7.862814385690798,27.491750555298456,1.5176886314144786,0.16130213104666868,8.151154922258215
7.369,1487850230354,,,,,,,2017-02-23 11:43:50.354,7.7606457106349245,27.491750555298456,1.4563874263809546,0.1399072334175501,8.151154922258215
8.452,1487850235501,,,,,,,2017-02-23 11:43:55.501,7.571193795102676,27.491750555298456,1.3427162770616057,0.10354944614532761,8.151154922258215
6.716,1487850240594,,,,,,,2017-02-23 11:44:00.594,8.091604742089912,27.492692150779472,1.6549628452539469,0.213755785891261,8.151023098890873
6.946,1487850245713,,,,,,,2017-02-23 11:44:05.713,8.367937409189508,27.492692150779472,1.820762445513705,0.2854841551568313,8.151023098890873
7.83,1487850261006,,,,,,,2017-02-23 11:44:21.006,7.783464213658628,27.492692150779472,1.470078528195177,0.1445769623747903,8.151023098890873
6.977,1487850266105,,,,,,,2017-02-23 11:44:26.105,7.719057927028274,27.492692150779472,1.4314347562169645,0.13155714597249862,8.151023098890873
10.932,1487850276689,,,,,,,2017-02-23 11:44:36.689,7.917350303894677,27.492692150779472,1.5504101823368064,0.17323512883954328,8.151023098890873
7.83,1487850281733,,,,,,,2017-02-23 11:44:41.733,7.979328495495374,27.492692150779472,1.5875970972972246,0.18722984962083594,8.151023098890873
6.923,1487850286841,,,,,,,2017-02-23 11:44:46.841,8.245394979495812,27.492692150779472,1.747236987697487,0.2525447570007333,8.151023098890873
6.724,1487850291940,,,,,,,2017-02-23 11:44:51.940,8.295407964006477,27.492692150779472,1.7772447784038863,0.26577059956140986,8.151023098890873
7.154,1487850297049,,,,,,,2017-02-23 11:44:57.049,7.55548440732191,27.492692150779472,1.3332906443931463,0.1007280292267204,8.151023098890873
6.931,1487850302208,,,,,,,2017-02-23 11:45:02.208,8.032432686232696,27.49357676971581,1.6194596117396172,0.19958749595416148,8.150899252239785
6.908,1487850307298,,,,,,,2017-02-23 11:45:07.298,7.970292113340891,27.49357676971581,1.5821752680045345,0.18516072380687174,8.150899252239785
9.535,1487850312339,,,,,,,2017-02-23 11:45:12.339,7.529611930916465,27.49357676971581,1.317767158549879,0.09614586410478805,8.150899252239785
7.054,1487850317429,,,,,,,2017-02-23 11:45:17.429,8.015510580374483,27.49357676971581,1.60930634822469,0.1956128893330934,8.150899252239785
7.062,1487850327601,,,,,,,2017-02-23 11:45:27.601,7.7911477605196415,27.49357676971581,1.474688656311785,0.1461634359167145,8.150899252239785
6.824,1487850332699,,,,,,,2017-02-23 11:45:32.699,7.526971330592375,27.49357676971581,1.3161827983554253,0.09568271602232396,8.150899252239785
10.157,1487850342911,,,,,,,2017-02-23 11:45:42.911,8.232488446571715,27.49357676971581,1.739493067943029,0.24918037227199757,8.150899252239785
6.693,1487850348018,,,,,,,2017-02-23 11:45:48.018,7.563016349503315,27.49357676971581,1.3378098097019893,0.1020770757328537,8.150899252239785
8.912,1487850353147,,,,,,,2017-02-23 11:45:53.147,7.6457433089929845,27.49357676971581,1.3874459853957908,0.11734231587376683,8.150899252239785
6.831,1487850358289,,,,,,,2017-02-23 11:45:58.289,7.945406467167894,27.49357676971581,1.5672438803007362,0.17951312761257682,8.150899252239785
7.522,1487850363399,,,,,,,2017-02-23 11:46:03.399,7.672550651809044,27.4944043952656,1.4035303910854267,0.1224651357575392,8.150783384662816
6.801,1487850368518,,,,,,,2017-02-23 11:46:08.518,8.236189820689107,27.4944043952656,1.7417138924134643,0.2501431762837021,8.150783384662816
7.83,1487850373618,,,,,,,2017-02-23 11:46:13.618,7.882929572155933,27.4944043952656,1.5297577432935598,0.16566198984471206,8.150783384662816
6.808,1487850378748,,,,,,,2017-02-23 11:46:18.748,7.565574168127386,27.4944043952656,1.3393445008764313,0.10253675520944623,8.150783384662816
6.993,1487850389017,,,,,,,2017-02-23 11:46:29.017,8.267566014823645,27.4944043952656,1.760539608894187,0.2583708097764021,8.150783384662816
6.839,1487850399156,,,,,,,2017-02-23 11:46:39.156,8.120706733857716,27.4944043952656,1.6724240403146298,0.220878169190906,8.150783384662816
7.054,1487850409448,,,,,,,2017-02-23 11:46:49.448,8.096658041181968,27.4944043952656,1.6579948247091805,0.2149852321697246,8.150783384662816
6.685,1487850419707,,,,,,,2017-02-23 11:46:59.707,7.666527371612574,27.4944043952656,1.3999164229675443,0.12130658984713426,8.150783384662816
7.054,1487850424757,,,,,,,2017-02-23 11:47:04.757,7.903197979869304,27.495175011672046,1.5419187879215825,0.17010416919576166,8.150675498365914
6.539,1487850434947,,,,,,,2017-02-23 11:47:14.947,8.226784023902027,27.495175011672046,1.7360704143412162,0.24769975315510204,8.150675498365914
7.522,1487850440107,,,,,,,2017-02-23 11:47:20.107,8.1082587040964,27.495175011672046,1.6649552224578401,0.21781921617112274,8.150675498365914
6.501,1487850445228,,,,,,,2017-02-23 11:47:25.228,8.17664950228683,27.495175011672046,1.705989701372098,0.23485498733003568,8.150675498365914
6.839,1487850460488,,,,,,,2017-02-23 11:47:40.488,7.998021608764618,27.495175011672046,1.5988129652587708,0.19154124807530418,8.150675498365914
6.693,1487850465578,,,,,,,2017-02-23 11:47:45.578,7.993312508949227,27.495175011672046,1.5959875053695363,0.19045118542841397,8.150675498365914
8.452,1487850470688,,,,,,,2017-02-23 11:47:50.688,8.360829978352042,27.495175011672046,1.8164979870112252,0.2835244513743258,8.150675498365914
6.67,1487850475738,,,,,,,2017-02-23 11:47:55.738,8.174340602171778,27.495175011672046,1.7046043613030668,0.23427069843778964,8.150675498365914
7.1,1487850480829,,,,,,,2017-02-23 11:48:00.829,7.924933234981262,27.495888604263722,1.5549599409887573,0.17492261166827558,8.150575595403078
6.785,1487850491089,,,,,,,2017-02-23 11:48:11.089,7.849686342701855,27.495888604263722,1.5098118056211127,0.15848288324105092,8.150575595403078
6.593,1487850496128,,,,,,,2017-02-23 11:48:16.128,8.080080366739326,27.495888604263722,1.6480482200435955,0.21096341699174986,8.150575595403078
6.808,1487850511519,,,,,,,2017-02-23 11:48:31.519,8.326271350700862,27.495888604263722,1.7957628104205172,0.27408213301988993,8.150575595403078
7.676,1487850516629,,,,,,,2017-02-23 11:48:36.629,8.084119732337424,27.495888604263722,1.6504718394024542,0.21194034566439354,8.150575595403078
10.464,1487850531928,,,,,,,2017-02-23 11:48:51.928,7.719816119284233,27.495888604263722,1.4318896715705398,0.1317075200947189,8.150575595403078
7.261,1487850537019,,,,,,,2017-02-23 11:48:57.019,8.120123299948101,27.495888604263722,1.6720739799688609,0.22073438201938486,8.150575595403078
6.831,1487850547288,,,,,,,2017-02-23 11:49:07.288,7.563418132055415,27.496545159454854,1.338050879233249,0.10214923028193527,8.15048367767632
7.369,1487850552398,,,,,,,2017-02-23 11:49:12.398,8.254791356173913,27.496545159454854,1.7528748137043475,0.25500671274320424,8.15048367767632
7.054,1487850557509,,,,,,,2017-02-23 11:49:17.509,7.8283110868963215,27.496545159454854,1.4969866521377928,0.15393679713290995,8.15048367767632
7.522,1487850562628,,,,,,,2017-02-23 11:49:22.628,8.06496580020277,27.496545159454854,1.6389794801216624,0.207325298958802,8.15048367767632
6.747,1487850567708,,,,,,,2017-02-23 11:49:27.708,7.843768227307504,27.496545159454854,1.5062609363845025,0.1572187307432594,8.15048367767632
8.452,1487850577919,,,,,,,2017-02-23 11:49:37.919,8.21614716194902,27.496545159454854,1.7296882971694125,0.2449493173092898,8.15048367767632
8.759,1487850583019,,,,,,,2017-02-23 11:49:43.019,7.942172461071494,27.496545159454854,1.5653034766428964,0.1787846524240983,8.15048367767632
8.452,1487850593218,,,,,,,2017-02-23 11:49:53.218,8.293551942111703,27.496545159454854,1.7761311652670217,0.2652744151329683,8.15048367767632
6.747,1487850598398,,,,,,,2017-02-23 11:49:58.398,8.271805747415677,27.496545159454854,1.763083448449406,0.25949163526012864,8.15048367767632
7.676,1487850603848,,,,,,,2017-02-23 11:50:03.848,7.78662989342607,27.497144664745573,1.4719779360556418,0.14522974341761039,8.15039974693562
9.688,1487850608947,,,,,,,2017-02-23 11:50:08.947,7.905879991600244,27.497144664745573,1.5435279949601464,0.17069567261012686,8.15039974693562
6.67,1487850614110,,,,,,,2017-02-23 11:50:14.110,8.165289948910578,27.497144664745573,1.6991739693463468,0.23198651417990582,8.15039974693562
6.539,1487850619223,,,,,,,2017-02-23 11:50:19.223,7.984850424492551,27.497144664745573,1.5909102546955305,0.1884990690605552,8.15039974693562
8.912,1487850624261,,,,,,,2017-02-23 11:50:24.261,7.6750722718691495,27.497144664745573,1.4050433631214898,0.12295144878413926,8.15039974693562
10.31,1487850629424,,,,,,,2017-02-23 11:50:29.424,8.38774104643561,27.497144664745573,1.8326446278613655,0.29097650991852025,8.15039974693562
6.624,1487850639560,,,,,,,2017-02-23 11:50:39.560,7.7447325238904,27.497144664745573,1.4468395143342403,0.1366876346041348,8.15039974693562
6.547,1487850644711,,,,,,,2017-02-23 11:50:44.711,8.13534203266317,27.497144664745573,1.6812052195979017,0.22449839952617928,8.15039974693562
7.208,1487850654963,,,,,,,2017-02-23 11:50:54.963,8.06163132776037,27.497144664745573,1.636978796656222,0.20652637327409623,8.15039974693562
7.008,1487850665142,,,,,,,2017-02-23 11:51:05.142,7.910392882455268,27.497687108722168,1.5462357294731608,0.1716929148605027,8.150323804778896
8.452,1487850670243,,,,,,,2017-02-23 11:51:10.243,8.151467346445228,27.497687108722168,1.690880407867137,0.2285169657976425,8.150323804778896
9.074,1487850680412,,,,,,,2017-02-23 11:51:20.412,7.98290805123262,27.497687108722168,1.5897448307395718,0.18805219596872785,8.150323804778896
10.003,1487850685601,,,,,,,2017-02-23 11:51:25.601,8.044290312337733,27.497687108722168,1.6265741874026396,0.20239305036837243,8.150323804778896
7.369,1487850695802,,,,,,,2017-02-23 11:51:35.802,8.398303084711586,27.497687108722168,1.8389818508269513,0.29392503649053375,8.150323804778896
7.522,1487850700911,,,,,,,2017-02-23 11:51:40.911,8.288023285507343,27.497687108722168,1.7728139713044058,0.2637988470173703,8.150323804778896
9.849,1487850706027,,,,,,,2017-02-23 11:51:46.027,7.88196231718047,27.497687108722168,1.529177390308282,0.1654512312597933,8.150323804778896
9.381,1487850711131,,,,,,,2017-02-23 11:51:51.131,7.940007797226572,27.497687108722168,1.5640046783359434,0.17829775282018126,8.150323804778896
6.893,1487850716223,,,,,,,2017-02-23 11:51:56.223,8.236181339193257,27.497687108722168,1.741708803515954,0.25014096819182285,8.150323804778896
6.847,1487850721315,,,,,,,2017-02-23 11:52:01.315,8.13005177495136,27.49817248105729,1.6780310649708159,0.2231868196387955,8.150255852651979
7.83,1487850726432,,,,,,,2017-02-23 11:52:06.432,8.147606372064475,27.49817248105729,1.688563823238685,0.22755193678340035,8.150255852651979
6.847,1487850736633,,,,,,,2017-02-23 11:52:16.633,7.867365275885577,27.49817248105729,1.5204191655313462,0.1622842622079084,8.150255852651979
6.985,1487850741730,,,,,,,2017-02-23 11:52:21.730,8.342940899598368,27.49817248105729,1.8057645397590205,0.2786187963438616,8.150255852651979
10.464,1487850746830,,,,,,,2017-02-23 11:52:26.830,8.163584842458471,27.49817248105729,1.6981509054750825,0.23155728349129506,8.150255852651979
9.074,1487850751939,,,,,,,2017-02-23 11:52:31.939,8.221526511185564,27.49817248105729,1.7329159067113382,0.2463385903045337,8.150255852651979
9.535,1487850757045,,,,,,,2017-02-23 11:52:37.045,8.114128719363956,27.49817248105729,1.6684772316183736,0.2192593847674572,8.150255852651979
6.839,1487850777508,,,,,,,2017-02-23 11:52:57.508,8.045933397055027,27.49817248105729,1.6275600382330162,0.20278314073466713,8.150255852651979
7.031,1487850782618,,,,,,,2017-02-23 11:53:02.618,7.664595729643189,27.498600772510137,1.3987574377859133,0.12093597075163491,8.150195891848579
6.824,1487850792799,,,,,,,2017-02-23 11:53:12.799,7.959392389399525,27.498600772510137,1.5756354336397151,0.18267797302301067,8.150195891848579
6.785,1487850797838,,,,,,,2017-02-23 11:53:17.838,7.733592329494099,27.498600772510137,1.4401553976964596,0.13445180325689388,8.150195891848579
6.793,1487850802929,,,,,,,2017-02-23 11:53:22.929,7.662374131558738,27.498600772510137,1.3974244789352428,0.1205102721440702,8.150195891848579
6.716,1487850813208,,,,,,,2017-02-23 11:53:33.208,8.286147584404807,27.498600772510137,1.771688550642884,0.26329906598555763,8.150195891848579
6.839,1487850818319,,,,,,,2017-02-23 11:53:38.319,8.163273288028783,27.498600772510137,1.69796397281727,0.23147889281770154,8.150195891848579
9.227,1487850828529,,,,,,,2017-02-23 11:53:48.529,8.292469525517546,27.498600772510137,1.7754817153105278,0.2649852353214583,8.150195891848579
8.605,1487850833629,,,,,,,2017-02-23 11:53:53.629,7.824473593080413,27.498600772510137,1.4946841558482475,0.15312644476622178,8.150195891848579
6.624,1487850838817,,,,,,,2017-02-23 11:53:58.817,8.294383821805555,27.498600772510137,1.776630293083333,0.26549675673133943,8.150195891848579
7.369,1487850843927,,,,,,,2017-02-23 11:54:03.927,8.391675504310568,27.498971974926672,1.8350053025863406,0.292073299040668,8.150143923510266
9.688,1487850848987,,,,,,,2017-02-23 11:54:08.987,8.222943724546822,27.498971974926672,1.7337662347280929,0.2467051783537512,8.150143923510266
7.522,1487850854647,,,,,,,2017-02-23 11:54:14.647,8.373586838951718,27.498971974926672,1.824152103371031,0.28704617421107487,8.150143923510266
6.447,1487850869957,,,,,,,2017-02-23 11:54:29.957,7.931904081848393,27.498971974926672,1.5591424491090358,0.17647997023296183,8.150143923510266
6.463,1487850875107,,,,,,,2017-02-23 11:54:35.107,7.605761357826782,27.498971974926672,1.363456814696069,0.10986208143476835,8.150143923510266
7.983,1487850880147,,,,,,,2017-02-23 11:54:40.147,8.104803045377928,27.498971974926672,1.6628818272267565,0.21697332722690849,8.150143923510266
7.208,1487850885227,,,,,,,2017-02-23 11:54:45.227,7.888713565382487,27.498971974926672,1.533228139229492,0.1669246274005296,8.150143923510266
7.208,1487850890277,,,,,,,2017-02-23 11:54:50.277,8.366065863749455,27.498971974926672,1.819639518249673,0.28496753338603165,8.150143923510266
6.601,1487850900447,,,,,,,2017-02-23 11:55:00.447,7.824158945706441,27.499286081239728,1.4944953674238646,0.15306007998639853,8.150099948626437
10.617,1487850905598,,,,,,,2017-02-23 11:55:05.598,7.839183001279179,27.499286081239728,1.5035098007675072,0.15624218272142384,8.150099948626437
7.522,1487850915818,,,,,,,2017-02-23 11:55:15.818,7.728593965681995,27.499286081239728,1.4371563794091968,0.1334534741660764,8.150099948626437
7.369,1487850920908,,,,,,,2017-02-23 11:55:20.908,7.7203330191758885,27.499286081239728,1.4321998115055332,0.1318100776586026,8.150099948626437
6.77,1487850926019,,,,,,,2017-02-23 11:55:26.019,7.656535537679252,27.499286081239728,1.3939213226075513,0.11939431495422333,8.150099948626437
6.785,1487850931109,,,,,,,2017-02-23 11:55:31.109,8.396052225344445,27.499286081239728,1.8376313352066667,0.2932955581919284,8.150099948626437
6.693,1487850936498,,,,,,,2017-02-23 11:55:36.498,8.380611380988158,27.499286081239728,1.8283668285928951,0.28899374178951553,8.150099948626437
6.624,1487850946628,,,,,,,2017-02-23 11:55:46.628,8.104313990925954,27.499286081239728,1.6625883945555724,0.21685373041699535,8.150099948626437
6.793,1487850951708,,,,,,,2017-02-23 11:55:51.708,8.314047092448277,27.499286081239728,1.788428255468966,0.2707764600245133,8.150099948626437
7.522,1487850956868,,,,,,,2017-02-23 11:55:56.868,7.869922916680044,27.499286081239728,1.5219537500080262,0.16283731952607178,8.150099948626437
6.862,1487850961908,,,,,,,2017-02-23 11:56:01.908,8.371877771935859,27.499543085469174,1.8231266631615153,0.286573227724718,8.150063968034315
7.192,1487850966998,,,,,,,2017-02-23 11:56:06.998,7.869103774717317,27.499543085469174,1.5214622648303902,0.16266010504201284,8.150063968034315
7.83,1487850972048,,,,,,,2017-02-23 11:56:12.048,8.164773263796743,27.499543085469174,1.6988639582780456,0.23185641090857823,8.150063968034315
7.676,1487850987338,,,,,,,2017-02-23 11:56:27.338,8.287570770352902,27.499543085469174,1.7725424622117412,0.263678235599555,8.150063968034315
7.676,1487850992528,,,,,,,2017-02-23 11:56:32.528,7.7275597508735245,27.499543085469174,1.4365358505241148,0.13324728356330348,8.150063968034315
6.77,1487850997619,,,,,,,2017-02-23 11:56:37.619,7.690260870370815,27.499543085469174,1.414156522222489,0.12589682163143578,8.150063968034315
9.381,1487851007829,,,,,,,2017-02-23 11:56:47.829,7.850015031965105,27.499543085469174,1.510009019179063,0.1585532168540901,8.150063968034315
10.31,1487851012918,,,,,,,2017-02-23 11:56:52.918,7.538170166240711,27.499543085469174,1.3229020997444265,0.09765268628885292,8.150063968034315
10.003,1487851017998,,,,,,,2017-02-23 11:56:57.998,8.164674922710272,27.499543085469174,1.6988049536261633,0.23183165187896126,8.150063968034315
7.269,1487851028128,,,,,,,2017-02-23 11:57:08.128,7.5912606572877595,27.499742982722022,1.3547563943726557,0.10719654350761026,8.150035982418917
6.778,1487851033218,,,,,,,2017-02-23 11:57:13.218,8.07958413969183,27.499742982722022,1.647750483815098,0.21084353852593393,8.150035982418917
7.522,1487851048539,,,,,,,2017-02-23 11:57:28.539,7.816242021450411,27.499742982722022,1.4897452128702466,0.15139416865733324,8.150035982418917
8.298,1487851058837,,,,,,,2017-02-23 11:57:38.837,7.802154841341369,27.499742982722022,1.4812929048048213,0.14844848559947713,8.150035982418917
7.208,1487851063957,,,,,,,2017-02-23 11:57:43.957,8.070804267341487,27.499742982722022,1.642482560404892,0.20872738467965077,8.150035982418917
6.632,1487851074157,,,,,,,2017-02-23 11:57:54.157,8.168573732441068,27.499742982722022,1.7011442394646408,0.23281413212247457,8.150035982418917
7.369,1487851079258,,,,,,,2017-02-23 11:57:59.258,8.138958270467679,27.499742982722022,1.6833749622806073,0.22539688280438366,8.150035982418917
6.37,1487851084426,,,,,,,2017-02-23 11:58:04.426,8.25055696329265,27.499885769192513,1.7503341779755903,0.25389594299516105,8.150015992313048
6.478,1487851089507,,,,,,,2017-02-23 11:58:09.507,7.513804980369542,27.499885769192513,1.3082829882217255,0.09338589127254152,8.150015992313048
8.912,1487851094626,,,,,,,2017-02-23 11:58:14.626,8.313984879333487,27.499885769192513,1.7883909276000924,0.270759682272373,8.150015992313048
6.486,1487851099687,,,,,,,2017-02-23 11:58:19.687,7.550281218685469,27.499885769192513,1.3301687312112813,0.0998000616710504,8.150015992313048
6.478,1487851104827,,,,,,,2017-02-23 11:58:24.827,7.516611158872571,27.499885769192513,1.3099666953235427,0.09387367516202764,8.150015992313048
8.912,1487851109947,,,,,,,2017-02-23 11:58:29.947,7.732109415772427,27.499885769192513,1.439265649463456,0.1341553063662704,8.150015992313048
10.157,1487851115038,,,,,,,2017-02-23 11:58:35.038,7.876396525428303,27.499885769192513,1.5258379152569819,0.16424066303493814,8.150015992313048
7.208,1487851120138,,,,,,,2017-02-23 11:58:40.138,8.169832242958595,27.499885769192513,1.701899345775157,0.2331316598112949,8.150015992313048
7.83,1487851135688,,,,,,,2017-02-23 11:58:55.688,8.100326853651902,27.499885769192513,1.6601961121911413,0.21587975870106266,8.150015992313048
7.83,1487851140738,,,,,,,2017-02-23 11:59:00.738,7.839263637743285,27.499971442162202,1.5035581826459707,0.15625933464553338,8.15000399809729
10.31,1487851151099,,,,,,,2017-02-23 11:59:11.099,7.518720159352717,27.499971442162202,1.3112320956116301,0.09424089407063878,8.15000399809729
6.739,1487851161308,,,,,,,2017-02-23 11:59:21.308,8.052822435902758,27.499971442162202,1.631693461541655,0.204422217713522,8.15000399809729
7.676,1487851166418,,,,,,,2017-02-23 11:59:26.418,7.927779157787099,27.499971442162202,1.5566674946722594,0.17555771560960343,8.15000399809729
6.946,1487851171508,,,,,,,2017-02-23 11:59:31.508,8.24844650708307,27.499971442162202,1.749067904249842,0.253343129656179,8.15000399809729
6.923,1487851176608,,,,,,,2017-02-23 11:59:36.608,7.964910635399323,27.499971442162202,1.5789463812395939,0.18393314322312773,8.15000399809729
7.676,1487851202138,,,,,,,2017-02-23 12:00:02.138,8.266162197656667,27.5,1.7596973185940006,0.2580001687840325,8.149999999999999
6.839,1487851207238,,,,,,,2017-02-23 12:00:07.238,7.587344705618275,27.5,1.352406823370965,0.10648103522231586,8.149999999999999
6.954,1487851212319,,,,,,,2017-02-23 12:00:12.319,7.584945500252798,27.5,1.3509673001516787,0.1060435703242731,8.149999999999999
10.779,1487851217409,,,,,,,2017-02-23 12:00:17.409,8.233285479597473,27.5,1.7399712877584839,0.2493875581660752,8.149999999999999
6.754,1487851227558,,,,,,,2017-02-23 12:00:27.558,7.705313885499064,27.5,1.4231883312994382,0.12884321580056232,8.149999999999999
7.231,1487851232688,,,,,,,2017-02-23 12:00:32.688,7.908219912281042,27.5,1.544931947368625,0.17121243471930367,8.149999999999999
6.678,1487851242919,,,,,,,2017-02-23 12:00:42.919,8.277157602728503,27.5,1.7662945616371015,0.26090954403802524,8.149999999999999
9.535,1487851253189,,,,,,,2017-02-23 12:00:53.189,8.231359609429209,27.5,1.7388157656575252,0.2488870655200906,8.149999999999999
6.77,1487851258229,,,,,,,2017-02-23 12:00:58.229,7.5905978201001485,27.5,1.3543586920600892,0.10707530295763949,8.149999999999999
6.785,1487851268508,,,,,,,2017-02-23 12:01:08.508,7.850580210904466,27.499971442162202,1.5103481265426797,0.1586741853322374,8.15000399809729
6.486,1487851273947,,,,,,,2017-02-23 12:01:13.947,7.514533256974542,27.499971442162202,1.3087199541847254,0.09351239313311857,8.15000399809729
6.493,1487851284437,,,,,,,2017-02-23 12:01:24.437,7.571696649450889,27.499971442162202,1.3430179896705332,0.1036402482781019,8.15000399809729
6.801,1487851305538,,,,,,,2017-02-23 12:01:45.538,8.148579045465983,27.499971442162202,1.6891474272795897,0.22779488251320298,8.15000399809729
6.939,1487851310618,,,,,,,2017-02-23 12:01:50.618,7.9829300040198605,27.499971442162202,1.5897580024119162,0.18805724401837337,8.15000399809729
7.676,1487851331118,,,,,,,2017-02-23 12:02:11.118,7.925820741596383,27.499885769192513,1.5554924449578298,0.17512056579299953,8.150015992313048
6.816,1487851336298,,,,,,,2017-02-23 12:02:16.298,7.5431096195505765,27.499885769192513,1.325865771730346,0.0985263609205669,8.150015992313048
6.923,1487851346498,,,,,,,2017-02-23 12:02:26.498,8.14002752204813,27.499885769192513,1.6840165132288785,0.22566284753102278,8.150015992313048
10.464,1487851351538,,,,,,,2017-02-23 12:02:31.538,7.870456095119377,27.499885769192513,1.5222736570716262,0.1629527114651987,8.150015992313048
10.779,1487851366849,,,,,,,2017-02-23 12:02:46.849,7.619341482497357,27.499885769192513,1.3716048894984143,0.11238127835622545,8.150015992313048
7.522,1487851372008,,,,,,,2017-02-23 12:02:52.008,7.512222436938778,27.499885769192513,1.3073334621632668,0.09311122243135317,8.150015992313048
6.747,1487851377109,,,,,,,2017-02-23 12:02:57.109,8.059745051261249,27.499885769192513,1.6358470307567492,0.2060750201616223,8.150015992313048
6.793,1487851382229,,,,,,,2017-02-23 12:03:02.229,8.237513962567686,27.499742982722022,1.7425083775406116,0.2504880122605794,8.150035982418917
7.277,1487851387388,,,,,,,2017-02-23 12:03:07.388,7.947032580776154,27.499742982722022,1.5682195484656924,0.17987989159002188,8.150035982418917
10.157,1487851392499,,,,,,,2017-02-23 12:03:12.499,7.749629599404606,27.499742982722022,1.4497777596427635,0.13767518731152642,8.150035982418917
6.885,1487851397598,,,,,,,2017-02-23 12:03:17.598,7.537457870348636,27.499742982722022,1.3224747222091815,0.09752693922302867,8.150035982418917
6.962,1487851402718,,,,,,,2017-02-23 12:03:22.718,7.698272427046394,27.499742982722022,1.4189634562278364,0.12746157477159184,8.150035982418917
6.739,1487851407829,,,,,,,2017-02-23 12:03:27.829,7.738098018923959,27.499742982722022,1.4428588113543754,0.13535429925185183,8.150035982418917
6.762,1487851412939,,,,,,,2017-02-23 12:03:32.939,7.780606917847779,27.499742982722022,1.4683641507086673,0.14398880441045978,8.150035982418917
6.77,1487851423128,,,,,,,2017-02-23 12:03:43.128,8.092231565963633,27.499742982722022,1.65533893957818,0.21390812300916914,8.150035982418917
7.008,1487851428298,,,,,,,2017-02-23 12:03:48.298,7.592768375775382,27.499742982722022,1.355661025465229,0.10747251892600584,8.150035982418917
7.039,1487851433418,,,,,,,2017-02-23 12:03:53.418,8.362791621823952,27.499742982722022,1.817674973094371,0.2840647219150961,8.150035982418917
7.83,1487851443598,,,,,,,2017-02-23 12:04:03.598,7.824656902356659,27.499543085469174,1.4947941414139954,0.1531651134602146,8.150063968034315
7.83,1487851448719,,,,,,,2017-02-23 12:04:08.719,7.841481953732097,27.499543085469174,1.5048891722392579,0.15673149152540203,8.150063968034315
6.509,1487851453827,,,,,,,2017-02-23 12:04:13.827,7.690966360968996,27.499543085469174,1.4145798165813979,0.12603430314797184,8.150063968034315
6.586,1487851464037,,,,,,,2017-02-23 12:04:24.037,7.669387250015904,27.499543085469174,1.4016323500095427,0.1218561294308126,8.150063968034315
6.609,1487851475147,,,,,,,2017-02-23 12:04:35.147,8.052404778580648,27.499543085469174,1.631442867148389,0.20432268427979555,8.150063968034315
6.724,1487851479417,,,,,,,2017-02-23 12:04:39.417,7.620915238073777,27.499543085469174,1.372549142844266,0.1126746506365959,8.150063968034315
6.662,1487851494738,,,,,,,2017-02-23 12:04:54.738,8.206271975112513,27.499543085469174,1.7237631850675075,0.24240798588911194,8.150063968034315
7.208,1487851510117,,,,,,,2017-02-23 12:05:10.117,7.815064079589812,27.499286081239728,1.489038447753887,0.15114694414431412,8.150099948626437
8.145,1487851515207,,,,,,,2017-02-23 12:05:15.207,8.178289989455827,27.499286081239728,1.706973993673496,0.2352705167741614,8.150099948626437
6.701,1487851520277,,,,,,,2017-02-23 12:05:20.277,7.790370538940663,27.499286081239728,1.4742223233643978,0.14600263569087552,8.150099948626437
6.993,1487851540698,,,,,,,2017-02-23 12:05:40.698,8.114015120861213,27.499286081239728,1.6684090725167278,0.2192314749069012,8.150099948626437
9.535,1487851545738,,,,,,,2017-02-23 12:05:45.738,8.008571444113159,27.499286081239728,1.605142866467895,0.1939929832135039,8.150099948626437
6.877,1487851550819,,,,,,,2017-02-23 12:05:50.819,8.05236261757911,27.499286081239728,1.631417570547466,0.20431263790153772,8.150099948626437
7.676,1487851555908,,,,,,,2017-02-23 12:05:55.908,8.371632806471768,27.499286081239728,1.8229796838830605,0.286505467672215,8.150099948626437
9.381,1487851561029,,,,,,,2017-02-23 12:06:01.029,7.753327497695768,27.498971974926672,1.4519964986174607,0.13842281886900004,8.150143923510266
7.83,1487851566129,,,,,,,2017-02-23 12:06:06.129,8.023253887074492,27.498971974926672,1.6139523322446956,0.19742734639712667,8.150143923510266
6.754,1487851576339,,,,,,,2017-02-23 12:06:16.339,7.914199787213046,27.498971974926672,1.5485198723278275,0.17253605122428387,8.150143923510266
7.522,1487851586599,,,,,,,2017-02-23 12:06:26.599,7.635559774478463,27.498971974926672,1.381335864687078,0.11541886835769481,8.150143923510266
6.793,1487851591699,,,,,,,2017-02-23 12:06:31.699,7.676314525888013,27.498971974926672,1.4057887155328077,0.1231913071750851,8.150143923510266
10.464,1487851596739,,,,,,,2017-02-23 12:06:36.739,7.950851254706761,27.498971974926672,1.5705107528240565,0.1807424270418025,8.150143923510266
10.464,1487851602008,,,,,,,2017-02-23 12:06:42.008,8.391094454504218,27.498971974926672,1.8346566727025309,0.29191120578561575,8.150143923510266
6.785,1487851607599,,,,,,,2017-02-23 12:06:47.599,8.33779210043489,27.498971974926672,1.8026752602609335,0.2772139774878672,8.150143923510266
9.381,1487851612689,,,,,,,2017-02-23 12:06:52.689,7.568918884876888,27.498971974926672,1.341351330926133,0.1031390369603852,8.150143923510266
9.227,1487851617798,,,,,,,2017-02-23 12:06:57.798,8.010629194035417,27.498971974926672,1.60637751642125,0.19447275180216725,8.150143923510266
7.676,1487851622908,,,,,,,2017-02-23 12:07:02.908,7.8830311588624085,27.498600772510137,1.529818695317445,0.16568413144390307,8.150195891848579
7.108,1487851628009,,,,,,,2017-02-23 12:07:08.009,8.225054027482617,27.498600772510137,1.7350324164895703,0.247251493293136,8.150195891848579
9.381,1487851633099,,,,,,,2017-02-23 12:07:13.099,8.203880798537668,27.498600772510137,1.7223284791226008,0.24179438806148038,8.150195891848579
7.522,1487851648319,,,,,,,2017-02-23 12:07:28.319,8.124794584879526,27.498600772510137,1.6748767509277154,0.2218867649969652,8.150195891848579
6.801,1487851653418,,,,,,,2017-02-23 12:07:33.418,7.617836021163468,27.498600772510137,1.3707016126980807,0.11210091531313472,8.150195891848579
10.157,1487851663618,,,,,,,2017-02-23 12:07:43.618,8.094143129303031,27.498600772510137,1.6564858775818188,0.2143729817260013,8.150195891848579
6.793,1487851668748,,,,,,,2017-02-23 12:07:48.748,8.364913924804911,27.498600772510137,1.8189483548829468,0.28464976090573096,8.150195891848579
6.593,1487851673848,,,,,,,2017-02-23 12:07:53.848,7.909768722129695,27.498600772510137,1.545861233277817,0.1715548445444558,8.150195891848579
7.369,1487851679027,,,,,,,2017-02-23 12:07:59.027,7.596034318294768,27.498600772510137,1.3576205909768606,0.10807125816412053,8.150195891848579
6.562,1487851684007,,,,,,,2017-02-23 12:08:04.007,7.995330754477349,27.49817248105729,1.5971984526864094,0.19091804314997005,8.150255852651979
6.547,1487851694217,,,,,,,2017-02-23 12:08:14.217,7.847699030842481,27.49817248105729,1.5086194185054884,0.15805791026783475,8.150255852651979
6.601,1487851699287,,,,,,,2017-02-23 12:08:19.287,8.131883148907635,27.49817248105729,1.6791298893445807,0.22364048044451887,8.150255852651979
6.601,1487851714627,,,,,,,2017-02-23 12:08:34.627,8.358385672486435,27.49817248105729,1.8150314034918607,0.2828518934314661,8.150255852651979
6.616,1487851724827,,,,,,,2017-02-23 12:08:44.827,7.802939182353298,27.49817248105729,1.4817635094119788,0.14861186825706038,8.150255852651979
6.509,1487851735037,,,,,,,2017-02-23 12:08:55.037,7.620872789071909,27.49817248105729,1.3725236734431452,0.1126667335886496,8.150255852651979
6.632,1487851740157,,,,,,,2017-02-23 12:09:00.157,7.876807539178096,27.497687108722168,1.5260845235068579,0.16432993203351973,8.150323804778896
7.123,1487851750349,,,,,,,2017-02-23 12:09:10.349,8.052740038205012,27.497687108722168,1.6316440229230076,0.20440257956135488,8.150323804778896
6.862,1487851760599,,,,,,,2017-02-23 12:09:20.599,7.518965715044645,27.497687108722168,1.3113794290267873,0.0942836848885083,8.150323804778896
7.522,1487851765718,,,,,,,2017-02-23 12:09:25.718,8.321925431335115,27.497687108722168,1.793155258801069,0.27290485907016476,8.150323804778896
6.831,1487851770809,,,,,,,2017-02-23 12:09:30.809,7.61267378529719,27.497687108722168,1.367604271178314,0.11114161398470852,8.150323804778896
6.847,1487851775919,,,,,,,2017-02-23 12:09:35.919,8.35075879033212,27.497687108722168,1.8104552741992723,0.28075794309676716,8.150323804778896
10.31,1487851786119,,,,,,,2017-02-23 12:09:46.119,8.304425454294773,27.497687108722168,1.7826552725768634,0.26818719682974196,8.150323804778896
7.522,1487851796318,,,,,,,2017-02-23 12:09:56.318,8.171911360427785,27.497687108722168,1.703146816256671,0.23365664656989407,8.150323804778896
6.793,1487851801398,,,,,,,2017-02-23 12:10:01.398,7.6976911913308035,27.497144664745573,1.418614714798482,0.12734779333668575,8.15039974693562
7.323,1487851806498,,,,,,,2017-02-23 12:10:06.498,8.105702590072447,27.497144664745573,1.663421554043468,0.2171933831496891,8.15039974693562
7.377,1487851811628,,,,,,,2017-02-23 12:10:11.628,7.723566101938509,27.497144664745573,1.4341396611631054,0.13245227764958237,8.15039974693562
6.762,1487851826899,,,,,,,2017-02-23 12:10:26.899,7.69628495816257,27.497144664745573,1.417770974897542,0.12707267989201496,8.15039974693562
6.816,1487851842109,,,,,,,2017-02-23 12:10:42.109,7.825440071201899,27.497144664745573,1.4952640427211394,0.15333036664336047,8.15039974693562
6.854,1487851847208,,,,,,,2017-02-23 12:10:47.208,8.180792053240227,27.497144664745573,1.7084752319441359,0.2359049023426216,8.15039974693562
6.778,1487851852319,,,,,,,2017-02-23 12:10:52.319,7.6062816356413,27.497144664745573,1.3637689813847798,0.10995818849477894,8.15039974693562
6.801,1487851857418,,,,,,,2017-02-23 12:10:57.418,8.14838682161971,27.497144664745573,1.6890320929718257,0.22774686154559662,8.15039974693562
7.83,1487851862539,,,,,,,2017-02-23 12:11:02.539,7.697359377189302,27.496545159454854,1.418415626313581,0.12728285630243283,8.15048367767632
7.83,1487851872738,,,,,,,2017-02-23 12:11:12.738,7.833310100527996,27.496545159454854,1.4999860603167974,0.15499507467765422,8.15048367767632
10.31,1487851877849,,,,,,,2017-02-23 12:11:17.849,7.860723750584885,27.496545159454854,1.516434250350931,0.16085178255476182,8.15048367767632
10.464,1487851882998,,,,,,,2017-02-23 12:11:22.998,7.650448746344008,27.496545159454854,1.3902692478064047,0.11823527388775837,8.15048367767632
7.983,1487851888088,,,,,,,2017-02-23 12:11:28.088,7.7090980487825,27.496545159454854,1.4254588292694998,0.12958818403086889,8.15048367767632
9.381,1487851893198,,,,,,,2017-02-23 12:11:33.198,8.351079399505117,27.496545159454854,1.8106476397030704,0.2808458253705997,8.15048367767632
6.862,1487851908509,,,,,,,2017-02-23 12:11:48.509,7.573871832537203,27.496545159454854,1.3443230995223219,0.10403337805494323,8.15048367767632
8.912,1487851913609,,,,,,,2017-02-23 12:11:53.609,8.007155236264152,27.496545159454854,1.6042931417584914,0.1936630866576431,8.15048367767632
10.003,1487851918718,,,,,,,2017-02-23 12:11:58.718,8.03183025460752,27.496545159454854,1.619098152764512,0.19944540897544746,8.15048367767632
6.632,1487851923917,,,,,,,2017-02-23 12:12:03.917,7.754263317887945,27.495888604263722,1.452557990732767,0.13861228076612978,8.150575595403078
6.47,1487851934037,,,,,,,2017-02-23 12:12:14.037,7.877996342265298,27.495888604263722,1.526797805359179,0.16458824495558802,8.150575595403078
10.003,1487851939426,,,,,,,2017-02-23 12:12:19.426,8.156105583593272,27.495888604263722,1.6936633501559628,0.22967863258737878,8.150575595403078
8.145,1487851945077,,,,,,,2017-02-23 12:12:25.077,7.637302295512749,27.495888604263722,1.3823813773076497,0.11574711004937713,8.150575595403078
6.716,1487851950248,,,,,,,2017-02-23 12:12:30.248,7.829343284535421,27.495888604263722,1.4976059707212523,0.15415506488420713,8.150575595403078
7.83,1487851955319,,,,,,,2017-02-23 12:12:35.319,7.889810409584052,27.495888604263722,1.533886245750431,0.1671645197736621,8.150575595403078
9.227,1487851960397,,,,,,,2017-02-23 12:12:40.397,7.788397339719289,27.495888604263722,1.4730384038315734,0.14559472396514747,8.150575595403078
7.261,1487851965539,,,,,,,2017-02-23 12:12:45.539,8.15754143356811,27.495888604263722,1.6945248601408656,0.23003877078524312,8.150575595403078
6.885,1487851975738,,,,,,,2017-02-23 12:12:55.738,7.623535147641137,27.495888604263722,1.3741210885846822,0.11316370135643862,8.150575595403078
7.0,1487852001289,,,,,,,2017-02-23 12:13:21.289,8.05858415745653,27.495175011672046,1.6351504944739177,0.2057974507402083,8.150675498365914
7.046,1487852006338,,,,,,,2017-02-23 12:13:26.338,7.752671817607121,27.495175011672046,1.4516030905642725,0.138290135473198,8.150675498365914
7.83,1487852011428,,,,,,,2017-02-23 12:13:31.428,8.03640580582999,27.495175011672046,1.6218434834979938,0.20052566991444548,8.150675498365914
9.381,1487852031829,,,,,,,2017-02-23 12:13:51.829,8.008532201892548,27.495175011672046,1.6051193211355286,0.1939838387472192,8.150675498365914
10.464,1487852036919,,,,,,,2017-02-23 12:13:56.919,7.545509880991905,27.495175011672046,1.3273059285951432,0.09895196848668156,8.150675498365914
6.839,1487852042089,,,,,,,2017-02-23 12:14:02.089,7.600645991522751,27.4944043952656,1.3603875949136506,0.10891888747848906,8.150783384662816
6.923,1487852047198,,,,,,,2017-02-23 12:14:07.198,8.368372843861147,27.4944043952656,1.821023706316688,0.28560441290144706,8.150783384662816
9.227,1487852052308,,,,,,,2017-02-23 12:14:12.308,7.829446957739235,27.4944043952656,1.4976681746435412,0.15417699460896672,8.150783384662816
8.298,1487852057418,,,,,,,2017-02-23 12:14:17.418,8.102363094495331,27.4944043952656,1.6614178566971987,0.21637693010979644,8.150783384662816
9.074,1487852062509,,,,,,,2017-02-23 12:14:22.509,7.680797645359021,27.4944043952656,1.4084785872154129,0.12405846231579368,8.150783384662816
6.824,1487852067628,,,,,,,2017-02-23 12:14:27.628,8.281075258694003,27.4944043952656,1.7686451552164015,0.2619496580800027,8.150783384662816
10.31,1487852072768,,,,,,,2017-02-23 12:14:32.768,7.973560045098658,27.4944043952656,1.5841360270591949,0.1859078747357998,8.150783384662816
7.046,1487852077798,,,,,,,2017-02-23 12:14:37.798,7.863447580492348,27.4944043952656,1.518068548295409,0.16143863247062845,8.150783384662816
10.157,1487852088018,,,,,,,2017-02-23 12:14:48.018,8.08688743290387,27.4944043952656,1.652132459742322,0.21261084999349533,8.150783384662816
6.701,1487852098398,,,,,,,2017-02-23 12:14:58.398,7.845211140568603,27.4944043952656,1.5071266843411617,0.15752656007216023,8.150783384662816
6.716,1487852118937,,,,,,,2017-02-23 12:15:18.937,7.719854905843126,27.49357676971581,1.4319129435058753,0.131715214582415,8.150899252239785
7.223,1487852129207,,,,,,,2017-02-23 12:15:29.207,7.815930799991394,27.49357676971581,1.4895584799948363,0.15132883382151185,8.150899252239785
6.601,1487852134338,,,,,,,2017-02-23 12:15:34.338,7.7202882802374715,27.49357676971581,1.4321729681424828,0.13180119978544405,8.150899252239785
6.447,1487852139447,,,,,,,2017-02-23 12:15:39.447,7.713103276948478,27.49357676971581,1.4278619661690866,0.13037854403390897,8.150899252239785
6.678,1487852164938,,,,,,,2017-02-23 12:16:04.938,7.874059713947533,27.492692150779472,1.5244358283685198,0.16373351097488628,8.151023098890873
7.522,1487852170048,,,,,,,2017-02-23 12:16:10.048,7.74866531366076,27.492692150779472,1.4491991881964563,0.13748050024273106,8.151023098890873
7.369,1487852190397,,,,,,,2017-02-23 12:16:30.397,7.822603641058036,27.492692150779472,1.4935621846348215,0.15273221281541632,8.151023098890873
6.877,1487852195539,,,,,,,2017-02-23 12:16:35.539,7.603634844108017,27.492692150779472,1.36218090646481,0.10946960404137647,8.151023098890873
6.762,1487852215939,,,,,,,2017-02-23 12:16:55.939,7.53692089983457,27.492692150779472,1.3221525399007419,0.09743218394222167,8.151023098890873
7.83,1487852221049,,,,,,,2017-02-23 12:17:01.049,8.2110119614848,27.491750555298456,1.7266071768908802,0.24362633793785346,8.151154922258215
10.464,1487852246589,,,,,,,2017-02-23 12:17:26.589,7.901957684755065,27.491750555298456,1.541174610853039,0.1698309205978904,8.151154922258215
6.962,1487852251618,,,,,,,2017-02-23 12:17:31.618,8.343292188960254,27.491750555298456,1.8059753133761522,0.27871475945884616,8.151154922258215
7.115,1487852256739,,,,,,,2017-02-23 12:17:36.739,7.736657184955886,27.491750555298456,1.4419943109735318,0.13506543320388711,8.151154922258215
6.847,1487852266938,,,,,,,2017-02-23 12:17:46.938,7.613968689781351,27.491750555298456,1.3683812138688105,0.11138194637742105,8.151154922258215
6.87,1487852272178,,,,,,,2017-02-23 12:17:52.178,8.070728102943685,27.491750555298456,1.6424368617662108,0.2087090677556956,8.151154922258215
6.969,1487852277538,,,,,,,2017-02-23 12:17:57.538,7.933700884598481,27.491750555298456,1.5602205307590884,0.176882339589029,8.151154922258215
8.605,1487852282809,,,,,,,2017-02-23 12:18:02.809,7.7071911944592975,27.490752001199382,1.4243147166755785,0.1292125769106874,8.151294719832086
6.977,1487852287899,,,,,,,2017-02-23 12:18:07.899,8.168602816839396,27.490752001199382,1.7011616901036377,0.23282146809751061,8.151294719832086
7.83,1487852293008,,,,,,,2017-02-23 12:18:13.008,7.950586635592372,27.490752001199382,1.5703519813554232,0.1806826002923552,8.151294719832086
7.023,1487852298188,,,,,,,2017-02-23 12:18:18.188,7.970039173817107,27.490752001199382,1.5820235042902642,0.18510294739190256,8.151294719832086
7.676,1487852308428,,,,,,,2017-02-23 12:18:28.428,7.958673504424693,27.490752001199382,1.575204102654816,0.182514725780721,8.151294719832086
9.849,1487852313538,,,,,,,2017-02-23 12:18:33.538,8.16233582409967,27.490752001199382,1.6974014944598026,0.2312430863782908,8.151294719832086
6.731,1487852329007,,,,,,,2017-02-23 12:18:49.007,8.19683635152939,27.490752001199382,1.7181018109176338,0.23999070651182253,8.151294719832086
6.731,1487852339217,,,,,,,2017-02-23 12:18:59.217,8.22755002968993,27.490752001199382,1.7365300178139575,0.2478983478487769,8.151294719832086
6.593,1487852349517,,,,,,,2017-02-23 12:19:09.517,7.651530650585169,27.489696507493285,1.3909183903511013,0.11844096418465495,8.15144248895094
6.586,1487852354597,,,,,,,2017-02-23 12:19:14.597,8.088154014541587,27.489696507493285,1.6528924087249521,0.21291799919043608,8.15144248895094
6.516,1487852360588,,,,,,,2017-02-23 12:19:20.588,8.172437387667797,27.489696507493285,1.703462432600678,0.2337895530988705,8.15144248895094
7.522,1487852375107,,,,,,,2017-02-23 12:19:35.107,7.979995787468273,27.489696507493285,1.587997472480964,0.1873830328037803,8.15144248895094
6.601,1487852380238,,,,,,,2017-02-23 12:19:40.238,7.904392337127106,27.489696507493285,1.5426354022762636,0.17036747172548966,8.15144248895094
10.003,1487852385318,,,,,,,2017-02-23 12:19:45.318,8.245329055817527,27.489696507493285,1.7471974334905158,0.2525275216873653,8.15144248895094
10.464,1487852395569,,,,,,,2017-02-23 12:19:55.569,7.789820743657728,27.489696507493285,1.4738924461946368,0.14588893171638834,8.15144248895094
9.074,1487852400628,,,,,,,2017-02-23 12:20:00.628,7.622101589770228,27.488584094275236,1.3732609538621368,0.11289600133394424,8.151598226801466
7.069,1487852405738,,,,,,,2017-02-23 12:20:05.738,7.966191425897267,27.488584094275236,1.5797148555383602,0.18422499198913758,8.151598226801466
6.831,1487852410908,,,,,,,2017-02-23 12:20:10.908,8.060382337670967,27.488584094275236,1.6362294026025803,0.20622746394182107,8.151598226801466
7.238,1487852421118,,,,,,,2017-02-23 12:20:21.118,8.340851282116324,27.488584094275236,1.8045107692697941,0.27804827324220766,8.151598226801466
9.688,1487852426228,,,,,,,2017-02-23 12:20:26.228,7.5267336483680864,27.488584094275236,1.316040189020852,0.09564106879661499,8.151598226801466
10.464,1487852431318,,,,,,,2017-02-23 12:20:31.318,7.5009828050739475,27.488584094275236,1.3005896830443686,0.0911691004270678,8.151598226801466
6.747,1487852436429,,,,,,,2017-02-23 12:20:36.429,7.714982359806669,27.488584094275236,1.4289894158840013,0.13075001078842968,8.151598226801466
7.676,1487852462100,,,,,,,2017-02-23 12:21:02.100,7.802684791420051,27.487414782723985,1.4816108748520302,0.14855886910166868,8.15176193041864
10.779,1487852467209,,,,,,,2017-02-23 12:21:07.209,8.36788587509843,27.487414782723985,1.8207315250590583,0.2854699240486521,8.15176193041864
7.83,1487852472298,,,,,,,2017-02-23 12:21:12.298,7.751768796451455,27.487414782723985,1.4510612778708731,0.13810748460164715,8.15176193041864
6.954,1487852477339,,,,,,,2017-02-23 12:21:17.339,8.175387879450405,27.487414782723985,1.7052327276702428,0.2345356425279805,8.15176193041864
6.931,1487852482529,,,,,,,2017-02-23 12:21:22.529,7.987285571170593,27.487414782723985,1.5923713427023554,0.18905995191360495,8.15176193041864
9.688,1487852492749,,,,,,,2017-02-23 12:21:32.749,7.5178268963304316,27.487414782723985,1.3106961377982589,0.09408529406280078,8.15176193041864
7.983,1487852503098,,,,,,,2017-02-23 12:21:43.098,8.115620553355914,27.487414782723985,1.6693723320135483,0.2196260551200717,8.15176193041864
7.522,1487852513329,,,,,,,2017-02-23 12:21:53.329,7.741744119494305,27.487414782723985,1.445046471696583,0.13608640171162506,8.15176193041864
7.83,1487852518508,,,,,,,2017-02-23 12:21:58.508,8.317871463935264,27.487414782723985,1.7907228783611582,0.27180871568804205,8.15176193041864
6.839,1487852523628,,,,,,,2017-02-23 12:22:03.628,8.2975167186766,27.486188595101538,1.7785100312059603,0.26633485060649686,8.151933596685783
6.716,1487852528731,,,,,,,2017-02-23 12:22:08.731,7.6814382783992,27.486188595101538,1.4088629670395199,0.1241825748167703,8.151933596685783
10.31,1487852533867,,,,,,,2017-02-23 12:22:13.867,8.163893736936158,27.486188595101538,1.698336242161695,0.23163501638960263,8.151933596685783
8.912,1487852538957,,,,,,,2017-02-23 12:22:18.957,8.383395689990747,27.486188595101538,1.8300374139944484,0.2897673353840623,8.151933596685783
6.539,1487852549117,,,,,,,2017-02-23 12:22:29.117,7.891610855118916,27.486188595101538,1.5349665130713497,0.16755861079127174,8.151933596685783
6.562,1487852554247,,,,,,,2017-02-23 12:22:34.247,7.992919440333102,27.486188595101538,1.5957516641998613,0.1903603182167915,8.151933596685783
8.145,1487852569707,,,,,,,2017-02-23 12:22:49.707,7.976609033152698,27.486188595101538,1.5859654198916189,0.18660612393122908,8.151933596685783
6.516,1487852579948,,,,,,,2017-02-23 12:22:59.948,7.721114802598617,27.486188595101538,1.4326688815591702,0.13196525140265564,8.151933596685783
7.008,1487852590167,,,,,,,2017-02-23 12:23:10.167,8.207241631500931,27.484905554752736,1.7243449789005587,0.24265700413784616,8.152113222334616
7.83,1487852595319,,,,,,,2017-02-23 12:23:15.319,7.845854340509382,27.484905554752736,1.5075126043056288,0.1576638600585644,8.152113222334616
7.369,1487852622319,,,,,,,2017-02-23 12:23:42.319,8.31289284473777,27.484905554752736,1.7877357068426614,0.2704652559164481,8.152113222334616
6.977,1487852627398,,,,,,,2017-02-23 12:23:47.398,7.962657626600949,27.484905554752736,1.5775945759605694,0.18342023654248465,8.152113222334616
7.676,1487852632449,,,,,,,2017-02-23 12:23:52.449,7.967469443821923,27.484905554752736,1.5804816662931536,0.18451640519180137,8.152113222334616
7.676,1487852637538,,,,,,,2017-02-23 12:23:57.538,7.799009764518119,27.484905554752736,1.4794058587108714,0.1477940898537473,8.152113222334616
7.676,1487852647757,,,,,,,2017-02-23 12:24:07.757,7.942871765258501,27.48356568610482,1.5657230591551006,0.17894206765225307,8.152300803945325
10.617,1487852658029,,,,,,,2017-02-23 12:24:18.029,8.15179924926377,27.48356568610482,1.6910795495582613,0.22860000655381707,8.152300803945325
8.912,1487852663128,,,,,,,2017-02-23 12:24:23.128,8.266000234832731,27.48356568610482,1.7596001408996385,0.2579574219770577,8.152300803945325
7.016,1487852668228,,,,,,,2017-02-23 12:24:28.228,8.024768393783937,27.48356568610482,1.6148610362703621,0.19778307575771156,8.152300803945325
8.298,1487852673568,,,,,,,2017-02-23 12:24:33.568,7.68310992989205,27.48356568610482,1.4098659579352302,0.12450666272693699,8.152300803945325
6.824,1487852678719,,,,,,,2017-02-23 12:24:38.719,8.186579428744583,27.48356568610482,1.7119476572467498,0.23737514046258257,8.152300803945325
6.67,1487852694117,,,,,,,2017-02-23 12:24:54.117,8.37696340272851,27.48356568610482,1.8261780416371058,0.28798159385281374,8.152300803945325
9.074,1487852699227,,,,,,,2017-02-23 12:24:59.227,7.700373869687367,27.48356568610482,1.4202243218124204,0.12787328684543658,8.152300803945325
7.983,1487852709407,,,,,,,2017-02-23 12:25:09.407,7.885369102533371,27.482169014666958,1.5312214615200226,0.16619404634698237,8.152496337946625
8.452,1487852714557,,,,,,,2017-02-23 12:25:14.557,7.8398692291413985,27.482169014666958,1.503921537484839,0.15638817298735064,8.152496337946625
9.381,1487852719648,,,,,,,2017-02-23 12:25:19.648,8.261323711593507,27.482169014666958,1.7567942269561039,0.2567245060241539,8.152496337946625
8.298,1487852724727,,,,,,,2017-02-23 12:25:24.727,7.962984804752782,27.482169014666958,1.5777908828516694,0.1834946821833969,8.152496337946625
6.662,1487852735027,,,,,,,2017-02-23 12:25:35.027,7.764640667715999,27.482169014666958,1.4587844006295994,0.140720275827702,8.152496337946625
6.67,1487852740087,,,,,,,2017-02-23 12:25:40.087,7.862004235668024,27.482169014666958,1.5172025414008146,0.16112755253339564,8.152496337946625
6.532,1487852745269,,,,,,,2017-02-23 12:25:45.269,7.75577544890152,27.482169014666958,1.4534652693409122,0.13891864202670795,8.152496337946625
6.801,1487852750408,,,,,,,2017-02-23 12:25:50.408,8.37428807355991,27.482169014666958,1.824572844135946,0.28724032678645045,8.152496337946625
6.586,1487852755458,,,,,,,2017-02-23 12:25:55.458,7.582354419701975,27.482169014666958,1.349412651821185,0.10557189521540666,8.152496337946625
6.877,1487852760539,,,,,,,2017-02-23 12:26:00.539,8.361054950680291,27.480715567029762,1.8166329704081745,0.28358638920247237,8.152699820615833
6.9,1487852775828,,,,,,,2017-02-23 12:26:15.828,7.885191795904026,27.480715567029762,1.5311150775424156,0.16615535207339863,8.152699820615833
7.092,1487852780919,,,,,,,2017-02-23 12:26:20.919,7.608884936434261,27.480715567029762,1.3653309618605562,0.11043956482963041,8.152699820615833
9.074,1487852791119,,,,,,,2017-02-23 12:26:31.119,7.599253425377491,27.480715567029762,1.3595520552264944,0.1086626637118783,8.152699820615833
6.854,1487852796228,,,,,,,2017-02-23 12:26:36.228,7.925834194151707,27.480715567029762,1.5555005164910243,0.17512356704862367,8.152699820615833
7.83,1487852811609,,,,,,,2017-02-23 12:26:51.609,7.695807125072852,27.480715567029762,1.417484275043711,0.12697925132628826,8.152699820615833
6.962,1487852816698,,,,,,,2017-02-23 12:26:56.698,7.753344410853535,27.480715567029762,1.4520066465121213,0.1384262420974516,8.152699820615833
7.676,1487852821790,,,,,,,2017-02-23 12:27:01.790,7.662597481050019,27.47920537086478,1.3975584886300116,0.12055304319123201,8.15291124807893
7.676,1487852832030,,,,,,,2017-02-23 12:27:12.030,7.674283294909445,27.47920537086478,1.4045699769456672,0.12279920673749416,8.15291124807893
6.816,1487852842338,,,,,,,2017-02-23 12:27:22.338,8.051886719176188,27.47920537086478,1.6311320315057132,0.20419925274648784,8.15291124807893
9.535,1487852847469,,,,,,,2017-02-23 12:27:27.469,8.216189578031841,27.47920537086478,1.7297137468191046,0.24496025812236227,8.15291124807893
7.83,1487852852548,,,,,,,2017-02-23 12:27:32.548,7.862369653261965,27.47920537086478,1.5174217919571786,0.16120628629736972,8.15291124807893
6.824,1487852857688,,,,,,,2017-02-23 12:27:37.688,8.157647909361378,27.47920537086478,1.694588745616827,0.2300654867714005,8.15291124807893
7.054,1487852867818,,,,,,,2017-02-23 12:27:47.818,7.607171856945166,27.47920537086478,1.3643031141670994,0.11012270780983299,8.15291124807893
9.535,1487852878098,,,,,,,2017-02-23 12:27:58.098,8.395995647201847,27.47920537086478,1.837597388321108,0.2932797433069971,8.15291124807893
6.77,1487852883209,,,,,,,2017-02-23 12:28:03.209,7.662291005821402,27.477638454923966,1.3973746034928411,0.12049435523551245,8.153130616310644
7.522,1487852888318,,,,,,,2017-02-23 12:28:08.318,7.919494682842174,27.477638454923966,1.5516968097053043,0.17371163278482532,8.153130616310644
9.849,1487852893429,,,,,,,2017-02-23 12:28:13.429,7.533785280002787,27.477638454923966,1.3202711680016723,0.09687955486917141,8.153130616310644
8.759,1487852898569,,,,,,,2017-02-23 12:28:18.569,7.726324880929082,27.477638454923966,1.435794928557449,0.13300125662345583,8.153130616310644
6.854,1487852908748,,,,,,,2017-02-23 12:28:28.748,8.378935439148856,27.477638454923966,1.8273612634893137,0.28852854590511084,8.153130616310644
6.685,1487852913867,,,,,,,2017-02-23 12:28:33.867,8.062810208901883,27.477638454923966,1.63768612534113,0.2068086758057748,8.153130616310644
7.369,1487852929226,,,,,,,2017-02-23 12:28:49.226,7.999819109216421,27.477638454923966,1.5998914655298528,0.1919580353014983,8.153130616310644
6.493,1487852939727,,,,,,,2017-02-23 12:28:59.727,7.550838580193101,27.477638454923966,1.3305031481158607,0.09989930946737645,8.153130616310644
6.701,1487852945468,,,,,,,2017-02-23 12:29:05.468,7.782988343436524,27.476014849039146,1.4697930060619144,0.14447893922233904,8.15335792113452
9.227,1487852950588,,,,,,,2017-02-23 12:29:10.588,7.696222667678446,27.476014849039146,1.4177336006070678,0.12706049895934354,8.15335792113452
7.284,1487852955699,,,,,,,2017-02-23 12:29:15.699,8.374481540820426,27.476014849039146,1.8246889244922557,0.28729390293525325,8.15335792113452
6.839,1487852960809,,,,,,,2017-02-23 12:29:20.809,7.807009960189495,27.476014849039146,1.484205976113697,0.14946102009192644,8.15335792113452
6.854,1487852971099,,,,,,,2017-02-23 12:29:31.099,8.137237604365065,27.476014849039146,1.6823425626190391,0.22496917381580692,8.15335792113452
10.157,1487852976139,,,,,,,2017-02-23 12:29:36.139,7.538867256776054,27.476014849039146,1.3233203540656326,0.0977758079844391,8.15335792113452
7.092,1487852981308,,,,,,,2017-02-23 12:29:41.308,7.641962146375838,27.476014849039146,1.3851772878255029,0.11662668423686225,8.15335792113452
9.381,1487852991628,,,,,,,2017-02-23 12:29:51.628,8.172831545477168,27.476014849039146,1.7036989272863008,0.23388916313742453,8.15335792113452
9.381,1487853001828,,,,,,,2017-02-23 12:30:01.828,8.058410141992134,27.474334584121433,1.6350460851952802,0.20575585762342752,8.153593158222998
9.535,1487853007029,,,,,,,2017-02-23 12:30:07.029,8.267161842543466,27.474334584121433,1.7602971055260794,0.25826407447675725,8.153593158222998
6.916,1487853017139,,,,,,,2017-02-23 12:30:17.139,7.543861569981122,27.474334584121433,1.326316941988673,0.09865962027602544,8.153593158222998
8.759,1487853022268,,,,,,,2017-02-23 12:30:22.268,7.5588490380306546,27.474334584121433,1.3353094228183928,0.1013298270979006,8.153593158222998
8.759,1487853027428,,,,,,,2017-02-23 12:30:27.428,8.109506025369265,27.474334584121433,1.6657036152215592,0.21812489206120006,8.153593158222998
7.522,1487853032518,,,,,,,2017-02-23 12:30:32.518,7.895313393567764,27.474334584121433,1.5371880361406585,0.16837026444169914,8.153593158222998
6.739,1487853047919,,,,,,,2017-02-23 12:30:47.919,8.192756613167571,27.474334584121433,1.7156539679005425,0.23894884097006644,8.153593158222998
7.676,1487853053028,,,,,,,2017-02-23 12:30:53.028,7.520400716604907,27.474334584121433,1.3122404299629444,0.0945338946103237,8.153593158222998
7.522,1487853058138,,,,,,,2017-02-23 12:30:58.138,7.951560015394974,27.474334584121433,1.5709360092369842,0.18090270949814605,8.153593158222998
9.227,1487853063249,,,,,,,2017-02-23 12:31:03.249,7.975777758704242,27.472597692160647,1.5854666552225454,0.18641564303778765,8.153836323097508
6.816,1487853068419,,,,,,,2017-02-23 12:31:08.419,7.6966624943110125,27.472597692160647,1.4179974965866076,0.1271465172216119,8.153836323097508
7.676,1487853073589,,,,,,,2017-02-23 12:31:13.589,7.687899556472231,27.472597692160647,1.4127397338833385,0.12543709831257138,8.153836323097508
6.747,1487853083719,,,,,,,2017-02-23 12:31:23.719,8.320442823136249,27.472597692160647,1.7922656938817494,0.2725037511415815,8.153836323097508
6.586,1487853088877,,,,,,,2017-02-23 12:31:28.877,8.039519458903163,27.472597692160647,1.6237116753418976,0.20126222172345373,8.153836323097508
9.227,1487853094007,,,,,,,2017-02-23 12:31:34.007,8.080845286253833,27.472597692160647,1.6485071717522999,0.21114826402945716,8.153836323097508
7.676,1487853099067,,,,,,,2017-02-23 12:31:39.067,8.35311041715225,27.472597692160647,1.8118662502913496,0.28140283478140804,8.153836323097508
8.759,1487853109318,,,,,,,2017-02-23 12:31:49.318,8.227103137625503,27.472597692160647,1.736261882575302,0.24778247803627773,8.153836323097508
9.074,1487853114367,,,,,,,2017-02-23 12:31:54.367,7.757179977526204,27.472597692160647,1.4543079865157222,0.13920344858492978,8.153836323097508
7.522,1487853119447,,,,,,,2017-02-23 12:31:59.447,8.338935909756028,27.472597692160647,1.8033615458536167,0.2775257841187273,8.153836323097508
8.759,1487853124557,,,,,,,2017-02-23 12:32:04.557,7.683370267800946,27.470804206224713,1.4100221606805676,0.12455716536856615,8.15408741112854
9.849,1487853134757,,,,,,,2017-02-23 12:32:14.757,7.614610632077871,27.470804206224713,1.3687663792467224,0.11150116453651113,8.15408741112854
6.501,1487853139877,,,,,,,2017-02-23 12:32:19.877,7.885043571623201,27.470804206224713,1.5310261429739205,0.16612300744209163,8.15408741112854
6.478,1487853145027,,,,,,,2017-02-23 12:32:25.027,7.856561862086253,27.470804206224713,1.5139371172517517,0.1599568219685005,8.15408741112854
8.298,1487853155247,,,,,,,2017-02-23 12:32:35.247,7.948911813148115,27.470804206224713,1.569347087888869,0.18030414082051144,8.15408741112854
7.208,1487853165467,,,,,,,2017-02-23 12:32:45.467,7.966355293640693,27.470804206224713,1.5798131761844159,0.18426234610060105,8.15408741112854
7.569,1487853175718,,,,,,,2017-02-23 12:32:55.718,8.10134913570539,27.470804206224713,1.6608094814232346,0.21612929832214448,8.15408741112854
10.464,1487853186008,,,,,,,2017-02-23 12:33:06.008,7.847301035371537,27.46895416045901,1.5083806212229218,0.15797285863411278,8.154346417535738
7.83,1487853191128,,,,,,,2017-02-23 12:33:11.128,8.229515396935282,27.46895416045901,1.7377092381611692,0.24840821113480707,8.154346417535738
8.298,1487853196288,,,,,,,2017-02-23 12:33:16.288,8.10397285133044,27.46895416045901,1.6623837107982637,0.2167703227374889,8.154346417535738
7.83,1487853201358,,,,,,,2017-02-23 12:33:21.358,7.705078427989677,27.46895416045901,1.423047056793806,0.12879691931182746,8.154346417535738
9.688,1487853206467,,,,,,,2017-02-23 12:33:26.467,8.29301944441584,27.46895416045901,1.775811666649504,0.265132134792821,8.154346417535738
6.816,1487853211609,,,,,,,2017-02-23 12:33:31.609,8.250642540185687,27.46895416045901,1.7503855241114123,0.25391837030012354,8.154346417535738
7.054,1487853221808,,,,,,,2017-02-23 12:33:41.808,7.863296246237985,27.46895416045901,1.517977747742791,0.16140600410477002,8.154346417535738
7.83,1487853226849,,,,,,,2017-02-23 12:33:46.849,8.15585057278711,27.46895416045901,1.6935103436722656,0.2296146969488936,8.154346417535738
10.779,1487853237839,,,,,,,2017-02-23 12:33:57.839,8.27227091969128,27.46895416045901,1.763362551814768,0.25961474059094913,8.154346417535738
7.83,1487853243008,,,,,,,2017-02-23 12:34:03.008,8.123436727439017,27.467047590085752,1.6740620364634102,0.22155151830670328,8.154613337387994
6.847,1487853253269,,,,,,,2017-02-23 12:34:13.269,8.087715750166323,27.467047590085752,1.6526294500997938,0.21281169720822138,8.154613337387994
6.708,1487853258408,,,,,,,2017-02-23 12:34:18.408,7.73539867031006,27.467047590085752,1.4412392021860359,0.13481332333235496,8.154613337387994
6.87,1487853268719,,,,,,,2017-02-23 12:34:28.719,7.577737627099302,27.467047590085752,1.3466425762595813,0.10473346018110179,8.154613337387994
9.688,1487853273857,,,,,,,2017-02-23 12:34:33.857,7.880326951471924,27.467047590085752,1.5281961708831542,0.1650951510541265,8.154613337387994
6.708,1487853279207,,,,,,,2017-02-23 12:34:39.207,7.798881726625476,27.467047590085752,1.4793290359752855,0.1477674741702194,8.154613337387994
7.369,1487853294537,,,,,,,2017-02-23 12:34:54.537,8.153875942295478,27.467047590085752,1.692325565377287,0.22911988694959026,8.154613337387994
10.003,1487853299647,,,,,,,2017-02-23 12:34:59.647,7.578842706545158,27.467047590085752,1.3473056239270949,0.10493391586828918,8.154613337387994
8.759,1487853304737,,,,,,,2017-02-23 12:35:04.737,8.292495545466586,27.46508453140328,1.7754973272799517,0.26499218519531575,8.15488816560354
7.983,1487853309827,,,,,,,2017-02-23 12:35:09.827,7.603692108170749,27.46508453140328,1.3622152649024497,0.10948016580318258,8.15488816560354
7.208,1487853314917,,,,,,,2017-02-23 12:35:14.917,7.772726364555022,27.46508453140328,1.4636358187330134,0.14237171489886777,8.15488816560354
8.912,1487853319967,,,,,,,2017-02-23 12:35:19.967,8.390951348470283,27.46508453140328,1.83457080908217,0.29187129025734965,8.15488816560354
7.369,1487853325097,,,,,,,2017-02-23 12:35:25.097,7.508157654301004,27.46508453140328,1.3048945925806026,0.09240710937919443,8.15488816560354
8.759,1487853330248,,,,,,,2017-02-23 12:35:30.248,8.171338966444285,27.46508453140328,1.702803379866571,0.2335120627004059,8.15488816560354
6.9,1487853335339,,,,,,,2017-02-23 12:35:35.339,8.075419421175948,27.46508453140328,1.6452516527055685,0.20983859105825073,8.15488816560354
7.261,1487853340487,,,,,,,2017-02-23 12:35:40.487,8.080987623745987,27.46508453140328,1.648592574247592,0.21118266842107022,8.15488816560354
7.676,1487853345538,,,,,,,2017-02-23 12:35:45.538,8.22555697337192,27.46508453140328,1.7353341840231513,0.24738177471648726,8.15488816560354
6.923,1487853350629,,,,,,,2017-02-23 12:35:50.629,7.781703804981293,27.46508453140328,1.469022282988776,0.14421447648123878,8.15488816560354
7.2,1487853355718,,,,,,,2017-02-23 12:35:55.718,8.09157576196033,27.46508453140328,1.654945457176198,0.21374874398551347,8.15488816560354
9.535,1487853376419,,,,,,,2017-02-23 12:36:16.419,8.299921136928269,27.463065021785415,1.7799526821569613,0.2669788650699392,8.155170896950041
6.954,1487853386708,,,,,,,2017-02-23 12:36:26.708,8.36490150896112,27.463065021785415,1.8189409053766719,0.284646336753506,8.155170896950041
7.522,1487853391839,,,,,,,2017-02-23 12:36:31.839,8.329610147560956,27.463065021785415,1.7977660885365736,0.27498812519665117,8.155170896950041
6.739,1487853397008,,,,,,,2017-02-23 12:36:37.008,8.025134151119808,27.463065021785415,1.6150804906718847,0.19786902659294622,8.155170896950041
10.157,1487853402099,,,,,,,2017-02-23 12:36:42.099,8.115163917945592,27.463065021785415,1.6690983507673554,0.21951379264317217,8.155170896950041
9.381,1487853407208,,,,,,,2017-02-23 12:36:47.208,7.852723045462268,27.463065021785415,1.5116338272773606,0.1591331766275207,8.155170896950041
9.381,1487853417429,,,,,,,2017-02-23 12:36:57.429,8.121988992993682,27.463065021785415,1.673193395796209,0.22119432523923097,8.155170896950041
9.688,1487853427698,,,,,,,2017-02-23 12:37:07.698,8.080499107091331,27.460989099680695,1.6482994642547986,0.21106459921973889,8.155461526044702
9.074,1487853432808,,,,,,,2017-02-23 12:37:12.808,7.7266874482221795,27.460989099680695,1.4360124689333076,0.13307347304510386,8.155461526044702
6.87,1487853437919,,,,,,,2017-02-23 12:37:17.919,8.283561314423046,27.460989099680695,1.770136788653828,0.2626106460883863,8.155461526044702
9.849,1487853443009,,,,,,,2017-02-23 12:37:23.009,7.605613904265845,27.460989099680695,1.3633683425595071,0.1098348493401819,8.155461526044702
6.962,1487853448119,,,,,,,2017-02-23 12:37:28.119,7.990916000849093,27.460989099680695,1.5945496005094557,0.18989746333942395,8.155461526044702
7.83,1487853463429,,,,,,,2017-02-23 12:37:43.429,8.210572553833565,27.460989099680695,1.7263435323001388,0.24351328051506643,8.155461526044702
6.939,1487853468519,,,,,,,2017-02-23 12:37:48.519,7.659412011939084,27.460989099680695,1.3956472071634505,0.11994359742655047,8.155461526044702
9.381,1487853473628,,,,,,,2017-02-23 12:37:53.628,7.511723869306399,27.460989099680695,1.3070343215838396,0.09302475246739149,8.155461526044702
7.522,1487853478718,,,,,,,2017-02-23 12:37:58.718,7.8670918316095975,27.460989099680695,1.5202550989657584,0.1622251798069201,8.155461526044702
6.501,1487853488958,,,,,,,2017-02-23 12:38:08.958,8.351389909447127,27.458856804611695,1.8108339456682758,0.28093095109940897,8.155760047354361
6.463,1487853494047,,,,,,,2017-02-23 12:38:14.047,7.582832818521949,27.458856804611695,1.3496996911131691,0.1056589213352326,8.155760047354361
9.688,1487853504318,,,,,,,2017-02-23 12:38:24.318,8.311188557256568,27.458856804611695,1.7867131343539406,0.2700060443735691,8.155760047354361
9.849,1487853519647,,,,,,,2017-02-23 12:38:39.647,7.501278613590782,27.458856804611695,1.300767168154469,0.09122001962877736,8.155760047354361
6.478,1487853530207,,,,,,,2017-02-23 12:38:50.207,7.888554442000649,27.458856804611695,1.5331326652003892,0.1668898372880177,8.155760047354361
7.208,1487853535327,,,,,,,2017-02-23 12:38:55.327,7.6618316030555835,27.458856804611695,1.39709896183335,0.12040640379041277,8.155760047354361
9.381,1487853540428,,,,,,,2017-02-23 12:39:00.428,8.353391943916993,27.456668177174233,1.8120351663501957,0.2814800829502682,8.156066455195607
6.854,1487853550588,,,,,,,2017-02-23 12:39:10.588,8.019562746442862,27.456668177174233,1.611737647865717,0.1965615192376472,8.156066455195607
6.862,1487853555718,,,,,,,2017-02-23 12:39:15.718,8.131650155785636,27.456668177174233,1.6789900934713813,0.2235827419533704,8.156066455195607
7.346,1487853560929,,,,,,,2017-02-23 12:39:20.929,8.047329111478636,27.456668177174233,1.6283974668871815,0.20311475655064493,8.156066455195607
7.676,1487853566028,,,,,,,2017-02-23 12:39:26.028,8.204604979683937,27.456668177174233,1.7227629878103623,0.24198014714936134,8.156066455195607
7.676,1487853571128,,,,,,,2017-02-23 12:39:31.128,7.883737369419781,27.456668177174233,1.5302424216518684,0.16583808966155514,8.156066455195607
6.778,1487853576309,,,,,,,2017-02-23 12:39:36.309,8.105367919978624,27.456668177174233,1.6632207519871745,0.2171115013486781,8.156066455195607
9.688,1487853586529,,,,,,,2017-02-23 12:39:46.529,7.709972498487412,27.456668177174233,1.4259834990924471,0.12976057674709762,8.156066455195607
6.969,1487853591649,,,,,,,2017-02-23 12:39:51.649,7.677297028422086,27.456668177174233,1.4063782170532517,0.12338114306583696,8.156066455195607
7.522,1487853606928,,,,,,,2017-02-23 12:40:06.928,7.536760071416417,27.454423259036624,1.3220560428498502,0.09740381045465613,8.156380743734871
7.261,1487853612089,,,,,,,2017-02-23 12:40:12.089,8.333079332429344,27.454423259036624,1.7998475994576064,0.2759309156251025,8.156380743734871
7.522,1487853617608,,,,,,,2017-02-23 12:40:17.608,7.863044082732525,27.454423259036624,1.517826449639515,0.16135164259042037,8.156380743734871
6.824,1487853628118,,,,,,,2017-02-23 12:40:28.118,8.239450255578792,27.454423259036624,1.743670153347275,0.25099264478808464,8.156380743734871
9.227,1487853633229,,,,,,,2017-02-23 12:40:33.229,8.300355761052632,27.454423259036624,1.7802134566315793,0.26709535155606107,8.156380743734871
10.31,1487853638318,,,,,,,2017-02-23 12:40:38.318,8.352138249488704,27.454423259036624,1.8112829496932221,0.28113615468655734,8.156380743734871
9.535,1487853643408,,,,,,,2017-02-23 12:40:43.408,7.9740530102471086,27.454423259036624,1.584431806148265,0.18602069315396338,8.156380743734871
6.778,1487853648618,,,,,,,2017-02-23 12:40:48.618,7.697791853543302,27.454423259036624,1.4186751121259813,0.1273674958491337,8.156380743734871
6.877,1487853653763,,,,,,,2017-02-23 12:40:53.763,7.546710540869815,27.454423259036624,1.3280263245218888,0.09916512550730917,8.156380743734871
7.369,1487853658927,,,,,,,2017-02-23 12:40:58.927,7.9721780807878275,27.454423259036624,1.5833068484726964,0.1855917582940949,8.156380743734871
7.676,1487853663927,,,,,,,2017-02-23 12:41:03.927,7.788179286991869,27.452122092938872,1.4729075721951213,0.14554967544966999,8.156702906988556
7.522,1487853669047,,,,,,,2017-02-23 12:41:09.047,7.989420007775088,27.452122092938872,1.5936520046650529,0.18955215797794922,8.156702906988556
6.724,1487853679318,,,,,,,2017-02-23 12:41:19.318,7.975358437246279,27.452122092938872,1.5852150623477674,0.18631958983803348,8.156702906988556
7.983,1487853689517,,,,,,,2017-02-23 12:41:29.517,7.81787180653511,27.452122092938872,1.4907230839210661,0.15173649984743262,8.156702906988556
6.509,1487853710148,,,,,,,2017-02-23 12:41:50.148,7.989548260220023,27.452122092938872,1.593728956132014,0.18958175070291117,8.156702906988556
7.1,1487853715248,,,,,,,2017-02-23 12:41:55.248,7.984619640934087,27.452122092938872,1.5907717845604519,0.1884459500234079,8.156702906988556
6.67,1487853720319,,,,,,,2017-02-23 12:42:00.319,7.8522639522281885,27.449764722691864,1.5113583713369132,0.15903479330561385,8.157032938823138
6.639,1487853725407,,,,,,,2017-02-23 12:42:05.407,7.532030829578234,27.449764722691864,1.3192184977469406,0.0965708611300645,8.157032938823138
10.617,1487853730518,,,,,,,2017-02-23 12:42:10.518,8.218543415009298,27.449764722691864,1.7311260490055789,0.2455677457367928,8.157032938823138
6.839,1487853745849,,,,,,,2017-02-23 12:42:25.849,7.9600439117727735,27.449764722691864,1.5760263470636642,0.18282597687046878,8.157032938823138
7.522,1487853761238,,,,,,,2017-02-23 12:42:41.238,8.223879917630061,27.449764722691864,1.7343279505780367,0.24694747394125674,8.157032938823138
10.464,1487853766338,,,,,,,2017-02-23 12:42:46.338,7.997421939625769,27.449764722691864,1.5984531637754615,0.19140228877689608,8.157032938823138
6.939,1487853776598,,,,,,,2017-02-23 12:42:56.598,8.223600331164612,27.449764722691864,1.734160198698767,0.24687510331600535,8.157032938823138
7.515,1487853781719,,,,,,,2017-02-23 12:43:01.719,8.351431748295823,27.44735119317653,1.8108590489774938,0.28094242202724656,8.157370832955285
8.759,1487853786849,,,,,,,2017-02-23 12:43:06.849,7.602073542532304,27.44735119317653,1.3612441255193826,0.10918178980066198,8.157370832955285
6.862,1487853792008,,,,,,,2017-02-23 12:43:12.008,8.362257436446544,27.44735119317653,1.8173544618679265,0.2839175522712476,8.157370832955285
7.83,1487853797118,,,,,,,2017-02-23 12:43:17.118,7.979052815497556,27.44735119317653,1.5874316892985334,0.18716658026774774,8.157370832955285
6.977,1487853802208,,,,,,,2017-02-23 12:43:22.208,8.154647399720156,27.44735119317653,1.6927884398320936,0.22931314582948858,8.157370832955285
6.977,1487853812429,,,,,,,2017-02-23 12:43:32.429,7.646443711846238,27.44735119317653,1.3878662271077427,0.11747506408191112,8.157370832955285
8.605,1487853817598,,,,,,,2017-02-23 12:43:37.598,7.917970934709553,27.44735119317653,1.5507825608257315,0.17337298290576172,8.157370832955285
7.676,1487853832989,,,,,,,2017-02-23 12:43:52.989,7.536398488591978,27.44735119317653,1.3218390931551867,0.097340031036127,8.157370832955285
7.208,1487853843208,,,,,,,2017-02-23 12:44:03.208,8.305640352850883,27.44488155034299,1.7833842117105299,0.26851352337885365,8.15771658295198
10.932,1487853858539,,,,,,,2017-02-23 12:44:18.539,7.895703516854282,27.44488155034299,1.5374221101125691,0.16845588129398736,8.15771658295198
6.739,1487853863649,,,,,,,2017-02-23 12:44:23.649,8.250698991590593,27.44488155034299,1.7504193949543554,0.25393316511208985,8.15771658295198
6.793,1487853868748,,,,,,,2017-02-23 12:44:28.748,7.9077166980172695,27.44488155034299,1.5446300188103617,0.17110124640949667,8.15771658295198
7.223,1487853879018,,,,,,,2017-02-23 12:44:39.018,7.783225125733682,27.44488155034299,1.4699350754402092,0.1445277099370049,8.15771658295198
8.912,1487853889247,,,,,,,2017-02-23 12:44:49.247,7.916850534793281,27.44488155034299,1.5501103208759686,0.17312415408589102,8.15771658295198
6.509,1487853894357,,,,,,,2017-02-23 12:44:54.357,8.208913536476091,27.44488155034299,1.7253481218856546,0.24308663240582998,8.15771658295198
7.522,1487853899467,,,,,,,2017-02-23 12:44:59.467,7.640121303511923,27.44488155034299,1.3840727821071537,0.11627890298592355,8.15771658295198
6.493,1487853904607,,,,,,,2017-02-23 12:45:04.607,7.567393628892152,27.442355841209693,1.340436177335291,0.10286421824236529,8.158070182230642
6.501,1487853914807,,,,,,,2017-02-23 12:45:14.807,8.325055410725891,27.442355841209693,1.7950332464355347,0.2737525164909375,8.158070182230642
8.605,1487853919938,,,,,,,2017-02-23 12:45:19.938,7.683470613359837,27.442355841209693,1.4100823680159025,0.12457663345589014,8.158070182230642
6.724,1487853930127,,,,,,,2017-02-23 12:45:30.127,8.074304849613545,27.442355841209693,1.6445829097681273,0.20956999775090807,8.158070182230642
8.605,1487853935197,,,,,,,2017-02-23 12:45:35.197,7.976380652565799,27.442355841209693,1.5858283915394797,0.18655378380965854,8.158070182230642
9.688,1487853940339,,,,,,,2017-02-23 12:45:40.339,7.810857747258844,27.442355841209693,1.4865146483553062,0.1502654848703717,8.158070182230642
10.31,1487853951099,,,,,,,2017-02-23 12:45:51.099,7.574302308194323,27.442355841209693,1.3445813849165937,0.10411124698960378,8.158070182230642
6.816,1487853961319,,,,,,,2017-02-23 12:46:01.319,7.8392621975720385,27.439774113862487,1.5035573185432232,0.15625902830447516,8.15843162405925
6.877,1487853971618,,,,,,,2017-02-23 12:46:11.618,8.284689778210534,27.439774113862487,1.7708138669263205,0.26291092473389777,8.15843162405925
7.369,1487853992098,,,,,,,2017-02-23 12:46:32.098,7.805152352786216,27.439774113862487,1.4830914116717295,0.14907328218388693,8.15843162405925
7.83,1487853997209,,,,,,,2017-02-23 12:46:37.209,8.195783232443826,27.439774113862487,1.7174699394662958,0.23972157437333694,8.15843162405925
6.831,1487854007398,,,,,,,2017-02-23 12:46:47.398,7.6762480055275155,27.439774113862487,1.4057488033165093,0.1231784585178783,8.15843162405925
6.923,1487854012539,,,,,,,2017-02-23 12:46:52.539,8.28602474448424,27.439774113862487,1.7716148466905444,0.26326634998778037,8.15843162405925
7.369,1487854017718,,,,,,,2017-02-23 12:46:57.718,7.9088904386884575,27.439774113862487,1.5453342632130744,0.17136063890546507,8.15843162405925
9.688,1487854022829,,,,,,,2017-02-23 12:47:02.829,7.548265743621069,27.43713641745375,1.3289594461726417,0.09944148282326164,8.158800901556475
6.762,1487854027949,,,,,,,2017-02-23 12:47:07.949,8.057531314484356,27.43713641745375,1.6345187886906136,0.20554585608914844,8.158800901556475
8.452,1487854033089,,,,,,,2017-02-23 12:47:13.089,8.351409240582989,27.43713641745375,1.810845544349793,0.28093625107728015,8.158800901556475
7.069,1487854038519,,,,,,,2017-02-23 12:47:18.519,8.258360688633847,27.43713641745375,1.7550164131803079,0.25594469448893375,8.158800901556475
6.916,1487854043619,,,,,,,2017-02-23 12:47:23.619,8.139481580819194,27.43713641745375,1.683688948491516,0.2255270334333222,8.158800901556475
6.977,1487854048718,,,,,,,2017-02-23 12:47:28.718,8.08556963087626,27.43713641745375,1.6513417785257554,0.21229148406699008,8.158800901556475
7.983,1487854053848,,,,,,,2017-02-23 12:47:33.848,7.825060682774038,27.43713641745375,1.4950364096644226,0.15325030428626596,8.158800901556475
6.463,1487854059227,,,,,,,2017-02-23 12:47:39.227,8.18244409919737,27.43713641745375,1.7094664595184224,0.23632418197370642,8.158800901556475
6.555,1487854064277,,,,,,,2017-02-23 12:47:44.277,7.564920656057716,27.43713641745375,1.3389523936346293,0.10241923433690495,8.158800901556475
7.522,1487854069448,,,,,,,2017-02-23 12:47:49.448,8.038562849741968,27.43713641745375,1.6231377098451807,0.20103580674294988,8.158800901556475
7.208,1487854074607,,,,,,,2017-02-23 12:47:54.607,7.653237474575909,27.43713641745375,1.3919424847455455,0.11876574904392052,8.158800901556475
9.074,1487854079718,,,,,,,2017-02-23 12:47:59.718,7.904580725188371,27.43713641745375,1.5427484351130225,0.1704090185240367,8.158800901556475
6.509,1487854084737,,,,,,,2017-02-23 12:48:04.737,8.35083138687473,27.434442802201417,1.8104988321248383,0.28077784147592433,8.1591780076918
7.522,1487854095047,,,,,,,2017-02-23 12:48:15.047,8.167404416495753,27.434442802201417,1.7004426498974516,0.2325192789467517,8.1591780076918
7.208,1487854100207,,,,,,,2017-02-23 12:48:20.207,7.942081189064979,27.434442802201417,1.5652487134389872,0.17876411118268268,8.1591780076918
6.639,1487854105288,,,,,,,2017-02-23 12:48:25.288,7.849818341510175,27.434442802201417,1.509891004906105,0.15851112706316584,8.1591780076918
7.83,1487854115529,,,,,,,2017-02-23 12:48:35.529,8.355998563365214,27.434442802201417,1.813599138019128,0.2821957653278153,8.1591780076918
6.885,1487854135928,,,,,,,2017-02-23 12:48:55.928,8.006444014715553,27.434442802201417,1.603866408829332,0.19349750293354762,8.1591780076918
6.893,1487854141039,,,,,,,2017-02-23 12:49:01.039,7.646521271650558,27.43169331938804,1.3879127629903347,0.11748976770666177,8.159562935285674
10.779,1487854146209,,,,,,,2017-02-23 12:49:06.209,7.5610571635855965,27.43169331938804,1.336634298151358,0.1017255107702297,8.159562935285674
6.793,1487854151319,,,,,,,2017-02-23 12:49:11.319,7.968227820490767,27.43169331938804,1.5809366922944599,0.18468942263730387,8.159562935285674
7.83,1487854156429,,,,,,,2017-02-23 12:49:16.429,7.772200662697651,27.43169331938804,1.4633203976185907,0.14226410603037842,8.159562935285674
6.916,1487854161599,,,,,,,2017-02-23 12:49:21.599,8.214754250963447,27.43169331938804,1.7288525505780679,0.24459014952193187,8.159562935285674
6.816,1487854166698,,,,,,,2017-02-23 12:49:26.698,8.091159069912786,27.43169331938804,1.6546954419476716,0.21364750278140823,8.159562935285674
7.83,1487854171809,,,,,,,2017-02-23 12:49:31.809,7.8331219370956475,27.43169331938804,1.4998731622573884,0.15495518667891278,8.159562935285674
6.754,1487854187128,,,,,,,2017-02-23 12:49:47.128,8.31749020556606,27.43169331938804,1.7904941233396356,0.27170572952914857,8.159562935285674
6.701,1487854192228,,,,,,,2017-02-23 12:49:52.228,7.672442990797751,27.43169331938804,1.4034657944786504,0.12244438952172951,8.159562935285674
7.83,1487854197339,,,,,,,2017-02-23 12:49:57.339,8.24018332410099,27.43169331938804,1.7441099944605938,0.2511838129420017,8.159562935285674
10.464,1487854202499,,,,,,,2017-02-23 12:50:02.499,7.910408126569786,27.4288880213598,1.5462448759418717,0.17169628759127453,8.159955677009627
6.977,1487854207629,,,,,,,2017-02-23 12:50:07.629,8.049619327435797,27.4288880213598,1.6297715964614783,0.20365940862441584,8.159955677009627
6.962,1487854212718,,,,,,,2017-02-23 12:50:12.718,8.198894487234726,27.4288880213598,1.719336692340836,0.24051706206159842,8.159955677009627
9.381,1487854217838,,,,,,,2017-02-23 12:50:17.838,7.651651726052163,27.4288880213598,1.3909910356312976,0.11846399164184798,8.159955677009627
6.939,1487854222998,,,,,,,2017-02-23 12:50:22.998,7.797383236225417,27.4288880213598,1.4784299417352502,0.14745612398204586,8.159955677009627
6.87,1487854228098,,,,,,,2017-02-23 12:50:28.098,7.519597018570611,27.4288880213598,1.3117582111423665,0.0943937297823565,8.159955677009627
7.138,1487854233208,,,,,,,2017-02-23 12:50:33.208,8.052477202561606,27.4288880213598,1.6314863215369637,0.20433994240161416,8.159955677009627
6.678,1487854238338,,,,,,,2017-02-23 12:50:38.338,8.218923762277297,27.4288880213598,1.7313542573663785,0.24566596966971185,8.159955677009627
7.83,1487854243498,,,,,,,2017-02-23 12:50:43.498,7.957946277318542,27.4288880213598,1.5747677663911253,0.18234964727338393,8.159955677009627
7.246,1487854248608,,,,,,,2017-02-23 12:50:48.608,8.160936555780719,27.4288880213598,1.6965619334684312,0.2308913154403204,8.159955677009627
6.962,1487854253719,,,,,,,2017-02-23 12:50:53.719,7.842439507072821,27.4288880213598,1.5054637042436925,0.1569354841767818,8.159955677009627
6.616,1487854258858,,,,,,,2017-02-23 12:50:58.858,7.840754290288108,27.4288880213598,1.5044525741728645,0.15657654711053964,8.159955677009627
7.522,1487854269058,,,,,,,2017-02-23 12:51:09.058,7.832115102061752,27.426026961525537,1.4992690612370512,0.1547418240156706,8.160356225386424
8.298,1487854274207,,,,,,,2017-02-23 12:51:14.207,8.376415041818245,27.426026961525537,1.8258490250909467,0.2878295867242546,8.160356225386424
6.747,1487854279627,,,,,,,2017-02-23 12:51:19.627,7.867792559546048,27.426026961525537,1.520675535727629,0.1623766022533663,8.160356225386424
6.977,1487854291089,,,,,,,2017-02-23 12:51:31.089,8.12711135723915,27.426026961525537,1.6762668143434896,0.22245927270783342,8.160356225386424
6.931,1487854296608,,,,,,,2017-02-23 12:51:36.608,8.174103783477005,27.426026961525537,1.7044622700862027,0.23421080541192554,8.160356225386424
7.522,1487854307008,,,,,,,2017-02-23 12:51:47.008,8.370260352032583,27.426026961525537,1.8221562112195495,0.2861259653687967,8.160356225386424
6.916,1487854312100,,,,,,,2017-02-23 12:51:52.100,8.337607770672342,27.426026961525537,1.8025646624034053,0.27716374320508436,8.160356225386424
6.854,1487854317170,,,,,,,2017-02-23 12:51:57.170,8.0982247431951,27.426026961525537,1.65893484591706,0.21536702643180786,8.160356225386424
7.254,1487854322249,,,,,,,2017-02-23 12:52:02.249,8.29787602065196,27.423110194355704,1.7787256123911763,0.26643104421202174,8.1607645727902
6.923,1487854327408,,,,,,,2017-02-23 12:52:07.408,7.885780035059809,27.423110194355704,1.5314680210358853,0.166283740157332,8.1607645727902
8.759,1487854332519,,,,,,,2017-02-23 12:52:12.519,8.01288877332538,27.423110194355704,1.6077332639952284,0.19500016264015835,8.1607645727902
6.969,1487854337629,,,,,,,2017-02-23 12:52:17.629,8.303511630850618,27.423110194355704,1.782106978510371,0.2679418569610396,8.1607645727902
6.916,1487854342719,,,,,,,2017-02-23 12:52:22.719,7.86369388150716,27.423110194355704,1.518216328904296,0.1614917419859762,8.1607645727902
6.778,1487854347799,,,,,,,2017-02-23 12:52:27.799,7.821084984534001,27.423110194355704,1.4926509907204006,0.15241235137744016,8.1607645727902
7.83,1487854352909,,,,,,,2017-02-23 12:52:32.909,7.863929295577576,27.423110194355704,1.5183575773465456,0.16154251077011858,8.1607645727902
9.381,1487854358009,,,,,,,2017-02-23 12:52:38.009,8.38472160433788,27.423110194355704,1.830832962602728,0.290136054977047,8.1607645727902
6.908,1487854363118,,,,,,,2017-02-23 12:52:43.118,8.059696847109018,27.423110194355704,1.6358181082654109,0.20606349134257768,8.1607645727902
7.584,1487854383498,,,,,,,2017-02-23 12:53:03.498,8.240460344920663,27.420137775381345,1.744276206952398,0.25125607067035577,8.161180711446612
7.983,1487854388618,,,,,,,2017-02-23 12:53:08.618,7.702846702089407,27.420137775381345,1.4217080212536444,0.12835843983229098,8.161180711446612
7.676,1487854393763,,,,,,,2017-02-23 12:53:13.763,7.637676261145522,27.420137775381345,1.3826057566873131,0.1158176020900104,8.161180711446612
6.516,1487854398938,,,,,,,2017-02-23 12:53:18.938,7.5306324435568595,27.420137775381345,1.3183794661341157,0.09632508108767569,8.161180711446612
7.369,1487854404048,,,,,,,2017-02-23 12:53:24.048,7.666262107337636,27.420137775381345,1.3997572644025817,0.12125566776225453,8.161180711446612
6.432,1487854409218,,,,,,,2017-02-23 12:53:29.218,8.2110051174049,27.420137775381345,1.72660307044294,0.2436245768122002,8.161180711446612
6.693,1487854414367,,,,,,,2017-02-23 12:53:34.367,7.7577874770599236,27.420137775381345,1.4546724862359541,0.1393267090540421,8.161180711446612
6.547,1487854424698,,,,,,,2017-02-23 12:53:44.698,7.642102535554647,27.420137775381345,1.3852615213327883,0.11665322395206291,8.161180711446612
6.785,1487854429767,,,,,,,2017-02-23 12:53:49.767,7.926077947859582,27.420137775381345,1.5556467687157491,0.1751779520909821,8.161180711446612
7.054,1487854439958,,,,,,,2017-02-23 12:53:59.958,8.128757797338638,27.420137775381345,1.6772546784031828,0.22286652320509392,8.161180711446612
6.609,1487854445068,,,,,,,2017-02-23 12:54:05.068,8.119435949172416,27.41710976119303,1.6716615695034498,0.22056503696528357,8.161604633432976
9.535,1487854460429,,,,,,,2017-02-23 12:54:20.429,8.123733363585869,27.41710976119303,1.6742400181515211,0.22162473706777788,8.161604633432976
7.983,1487854465529,,,,,,,2017-02-23 12:54:25.529,8.097750915032178,27.41710976119303,1.6586505490193066,0.2152515267708429,8.161604633432976
7.676,1487854470629,,,,,,,2017-02-23 12:54:30.629,7.880062585283969,27.41710976119303,1.5280375511703816,0.16503761879280684,8.161604633432976
6.923,1487854475719,,,,,,,2017-02-23 12:54:35.719,7.770196639790155,27.41710976119303,1.4621179838740932,0.14185419549314018,8.161604633432976
7.676,1487854480829,,,,,,,2017-02-23 12:54:40.829,8.3193788289732,27.41710976119303,1.7916272973839198,0.2722160585055599,8.161604633432976
6.946,1487854496229,,,,,,,2017-02-23 12:54:56.229,8.169500527453442,27.41710976119303,1.7017003164720652,0.23304794809761828,8.161604633432976
7.676,1487854501349,,,,,,,2017-02-23 12:55:01.349,7.911927296987731,27.414026209439783,1.5471563781926383,0.17203254096210677,8.16203633067843
6.939,1487854506439,,,,,,,2017-02-23 12:55:06.439,7.800180721130915,27.414026209439783,1.480108432678549,0.14803759195483798,8.16203633067843
6.854,1487854511628,,,,,,,2017-02-23 12:55:11.628,7.618613543825542,27.414026209439783,1.371168126295325,0.11224567990472441,8.16203633067843
7.83,1487854516748,,,,,,,2017-02-23 12:55:16.748,8.156448972823366,27.414026209439783,1.6938693836940195,0.2297647385608701,8.16203633067843
6.808,1487854521929,,,,,,,2017-02-23 12:55:21.929,7.662554468471651,27.414026209439783,1.3975326810829904,0.12054480589033002,8.16203633067843
10.617,1487854527058,,,,,,,2017-02-23 12:55:27.058,7.725286273486766,27.414026209439783,1.4351717640920598,0.13279447334101704,8.16203633067843
6.839,1487854532218,,,,,,,2017-02-23 12:55:32.218,7.704050572522317,27.414026209439783,1.4224303435133903,0.12859489664263968,8.16203633067843
6.754,1487854537318,,,,,,,2017-02-23 12:55:37.318,7.763270159516654,27.414026209439783,1.4579620957099921,0.14044113805037986,8.16203633067843
10.31,1487854547539,,,,,,,2017-02-23 12:55:47.539,7.609367969392437,27.414026209439783,1.3656207816354624,0.11052897189924073,8.16203633067843
7.4,1487854557809,,,,,,,2017-02-23 12:55:57.809,7.589615625706395,27.414026209439783,1.3537693754238371,0.10689574524374494,8.16203633067843
6.939,1487854562888,,,,,,,2017-02-23 12:56:02.888,8.225060236390222,27.41088717882799,1.7350361418341333,0.2472531014427729,8.162475794964081
7.83,1487854568008,,,,,,,2017-02-23 12:56:08.008,8.016662501352464,27.41088717882799,1.6099975008114782,0.19588235865085082,8.162475794964081
7.522,1487854573119,,,,,,,2017-02-23 12:56:13.119,7.777576621125977,27.41088717882799,1.4665459726755863,0.14336610566941094,8.162475794964081
6.985,1487854578209,,,,,,,2017-02-23 12:56:18.209,7.652682811766778,27.41088717882799,1.3916096870600667,0.11866016608442635,8.162475794964081
6.931,1487854583319,,,,,,,2017-02-23 12:56:23.319,7.86512909271873,27.41088717882799,1.5190774556312379,0.16180135920859773,8.162475794964081
7.676,1487854588429,,,,,,,2017-02-23 12:56:28.429,7.79191119045063,27.41088717882799,1.475146714270378,0.14632145334412663,8.162475794964081
9.688,1487854598608,,,,,,,2017-02-23 12:56:38.608,7.790146962460356,27.41088717882799,1.4740881774762136,0.1459563931326795,8.162475794964081
7.369,1487854608848,,,,,,,2017-02-23 12:56:48.848,8.072761619324034,27.41088717882799,1.64365697159442,0.20919835087797514,8.162475794964081
10.003,1487854614247,,,,,,,2017-02-23 12:56:54.247,7.876256395106129,27.41088717882799,1.5257538370636774,0.16421023244974975,8.162475794964081
6.593,1487854630327,,,,,,,2017-02-23 12:57:10.327,8.26085870166719,27.407692729120264,1.7565152210003143,0.25660205452091783,8.162923017923163
6.754,1487854635399,,,,,,,2017-02-23 12:57:15.399,8.17443280613823,27.407692729120264,1.7046596836829377,0.23429401925550467,8.162923017923163
6.762,1487854645599,,,,,,,2017-02-23 12:57:25.599,8.383867328102566,27.407692729120264,1.8303203968615396,0.28989846765487154,8.162923017923163
8.605,1487854650718,,,,,,,2017-02-23 12:57:30.718,8.311208408838562,27.407692729120264,1.786725045303137,0.2700113912744561,8.162923017923163
10.157,1487854660929,,,,,,,2017-02-23 12:57:40.929,7.877766756206457,27.407692729120264,1.526660053723874,0.16453834539319548,8.162923017923163
6.854,1487854666098,,,,,,,2017-02-23 12:57:46.098,7.617821354667825,27.407692729120264,1.370692812800695,0.1120981852998116,8.162923017923163
6.785,1487854672008,,,,,,,2017-02-23 12:57:52.008,8.168615881439631,27.407692729120264,1.7011695288637787,0.23282476342241432,8.162923017923163
7.361,1487854681338,,,,,,,2017-02-23 12:58:01.338,7.725748530628219,27.404442921134322,1.4354491183769313,0.13288649121290166,8.163377991041195
7.83,1487854686508,,,,,,,2017-02-23 12:58:06.508,8.248255833244258,27.404442921134322,1.7489534999465546,0.25329321083705586,8.163377991041195
7.676,1487854696629,,,,,,,2017-02-23 12:58:16.629,7.605398655603742,27.404442921134322,1.3632391933622452,0.10979510136002821,8.163377991041195
7.676,1487854702098,,,,,,,2017-02-23 12:58:22.098,7.7942242584200665,27.404442921134322,1.47653455505204,0.14680064730282172,8.163377991041195
6.877,1487854712088,,,,,,,2017-02-23 12:58:32.088,7.532338092309141,27.404442921134322,1.3194028553854846,0.09662489701002393,8.163377991041195
9.227,1487854727419,,,,,,,2017-02-23 12:58:47.419,8.332223892718035,27.404442921134322,1.7993343356308213,0.2756983060041477,8.163377991041195
10.31,1487854747918,,,,,,,2017-02-23 12:59:07.918,7.9876701866047055,27.40113781674183,1.5926021119628233,0.18914860475019346,8.163840705656144
9.535,1487854753028,,,,,,,2017-02-23 12:59:13.028,7.666313469496796,27.40113781674183,1.3997880816980774,0.12126552696161258,8.163840705656144
10.31,1487854763309,,,,,,,2017-02-23 12:59:23.309,7.690026149824389,27.40113781674183,1.4140156898946334,0.1258510940268198,8.163840705656144
6.754,1487854773499,,,,,,,2017-02-23 12:59:33.499,7.796581398964698,27.40113781674183,1.477948839378819,0.14728963219463959,8.163840705656144
6.9,1487854778599,,,,,,,2017-02-23 12:59:38.599,8.016091272175965,27.40113781674183,1.6096547633055787,0.19574871088723828,8.163840705656144
7.676,1487854788748,,,,,,,2017-02-23 12:59:48.748,7.8986201648009,27.40113781674183,1.53917209888054,0.16909655049290864,8.163840705656144
7.208,1487854793868,,,,,,,2017-02-23 12:59:53.868,7.921839474153675,27.40113781674183,1.5531036844922048,0.17423330207168702,8.163840705656144
6.586,1487854804098,,,,,,,2017-02-23 13:00:04.098,7.9619437250032465,27.397777478867205,1.5771662350019477,0.1832578410047509,8.164311152958591
6.609,1487854809207,,,,,,,2017-02-23 13:00:09.207,7.883138579327377,27.397777478867205,1.529883147596426,0.16570754590244888,8.164311152958591
6.601,1487854824538,,,,,,,2017-02-23 13:00:24.538,7.66430768329365,27.397777478867205,1.39858460997619,0.12088074241386741,8.164311152958591
6.547,1487854829627,,,,,,,2017-02-23 13:00:29.627,7.936127772181591,27.397777478867205,1.5616766633089543,0.17742642283531823,8.164311152958591
6.632,1487854834638,,,,,,,2017-02-23 13:00:34.638,8.262302251082161,27.397777478867205,1.7573813506492968,0.25698227050642763,8.164311152958591
9.074,1487854844848,,,,,,,2017-02-23 13:00:44.848,7.678885410905091,27.397777478867205,1.4073312465430543,0.12368829008975657,8.164311152958591
8.145,1487854855097,,,,,,,2017-02-23 13:00:55.097,7.548177400427671,27.397777478867205,1.3289064402566029,0.09942577658827759,8.164311152958591
8.145,1487854860247,,,,,,,2017-02-23 13:01:00.247,7.965372033265176,27.39436197148644,1.5792232199591054,0.1840382574823321,8.164789323991897
6.678,1487854865499,,,,,,,2017-02-23 13:01:05.499,7.561225139169789,27.39436197148644,1.3367350835018734,0.1017556349971853,8.164789323991897
7.522,1487854870569,,,,,,,2017-02-23 13:01:10.569,8.246133631427618,27.39436197148644,1.7476801788565708,0.2527379083623922,8.164789323991897
6.847,1487854891018,,,,,,,2017-02-23 13:01:31.018,8.090191146126138,27.39436197148644,1.6541146876756825,0.21341241247163673,8.164789323991897
6.739,1487854896119,,,,,,,2017-02-23 13:01:36.119,8.022144669941998,27.39436197148644,1.6132868019651987,0.19716698661095391,8.164789323991897
7.223,1487854901228,,,,,,,2017-02-23 13:01:41.228,8.200119180172656,27.39436197148644,1.7200715081035938,0.24083051097643485,8.164789323991897
10.31,1487854906309,,,,,,,2017-02-23 13:01:46.309,7.563011892612895,27.39436197148644,1.337807135567737,0.10207627544605749,8.164789323991897
7.83,1487854916518,,,,,,,2017-02-23 13:01:56.518,7.695396894093627,27.39436197148644,1.4172381364561764,0.12689906255739006,8.164789323991897
6.931,1487854926738,,,,,,,2017-02-23 13:02:06.738,7.505970501182996,27.39089135962587,1.3035823007097975,0.09202906501653789,8.165275209652378
9.381,1487854941998,,,,,,,2017-02-23 13:02:21.998,7.648049777114454,27.39089135962587,1.3888298662686724,0.11777968585390447,8.165275209652378
10.31,1487854952539,,,,,,,2017-02-23 13:02:32.539,8.393154014560096,27.39089135962587,1.8358924087360577,0.2924859361278256,8.165275209652378
6.731,1487854963917,,,,,,,2017-02-23 13:02:43.917,8.35604786932805,27.39089135962587,1.8136287215968299,0.28220931079929024,8.165275209652378
6.463,1487854974138,,,,,,,2017-02-23 13:02:54.138,8.158225522723603,27.39089135962587,1.6949353136341618,0.2302104402343453,8.165275209652378
6.509,1487854984357,,,,,,,2017-02-23 13:03:04.357,8.383336692835924,27.387365709360942,1.8300020157015542,0.2897509339423973,8.165768800689467
8.912,1487854999858,,,,,,,2017-02-23 13:03:19.858,8.071947338007636,27.387365709360942,1.6431684028045814,0.20900236758455462,8.165768800689467
6.555,1487855004957,,,,,,,2017-02-23 13:03:24.957,7.825613216212647,27.387365709360942,1.495367929727588,0.15336691118291584,8.165768800689467
10.464,1487855015167,,,,,,,2017-02-23 13:03:35.167,8.235679188129792,27.387365709360942,1.741407512877875,0.2500102524291628,8.165768800689467
6.916,1487855020329,,,,,,,2017-02-23 13:03:40.329,8.07149916468282,27.387365709360942,1.6428994988096917,0.20889453403943462,8.165768800689467
7.522,1487855025478,,,,,,,2017-02-23 13:03:45.478,7.559694222308542,27.387365709360942,1.335816533385125,0.10148121024769048,8.165768800689467
7.254,1487855035728,,,,,,,2017-02-23 13:03:55.728,8.371353320415892,27.387365709360942,1.8228119922495352,0.28642816765152146,8.165768800689467
6.693,1487855040839,,,,,,,2017-02-23 13:04:00.839,7.969322377974497,27.383785087814957,1.581593426784698,0.18493925867967168,8.166270087705906
6.939,1487855045939,,,,,,,2017-02-23 13:04:05.939,8.160859513326416,27.383785087814957,1.6965157079958497,0.2308719540733853,8.166270087705906
6.793,1487855061299,,,,,,,2017-02-23 13:04:21.299,8.37870349705604,27.383785087814957,1.8272220982336242,0.2884641916379499,8.166270087705906
6.724,1487855066408,,,,,,,2017-02-23 13:04:26.408,7.655341677693308,27.383785087814957,1.3932050066159847,0.11916663077296323,8.166270087705906
6.839,1487855071519,,,,,,,2017-02-23 13:04:31.519,8.122785715544863,27.383785087814957,1.6736714293269177,0.22139086592292004,8.166270087705906
6.908,1487855086919,,,,,,,2017-02-23 13:04:46.919,7.859080241288646,27.383785087814957,1.5154481447731873,0.16049811868268177,8.166270087705906
7.676,1487855102318,,,,,,,2017-02-23 13:05:02.318,8.3961004748842,27.380149563157786,1.8376602849305201,0.29330904534534374,8.166779061157909
7.369,1487855107428,,,,,,,2017-02-23 13:05:07.428,8.379648341926877,27.380149563157786,1.8277890051561263,0.2887263871387052,8.166779061157909
6.985,1487855117628,,,,,,,2017-02-23 13:05:17.628,8.372640176891984,27.380149563157786,1.8235841061351905,0.2867841631249857,8.166779061157909
8.759,1487855122739,,,,,,,2017-02-23 13:05:22.739,8.042944481289242,27.380149563157786,1.625766688773545,0.20207377336749618,8.166779061157909
7.83,1487855127828,,,,,,,2017-02-23 13:05:27.828,7.816925654185419,27.380149563157786,1.4901553925112514,0.15153772473674343,8.166779061157909
6.87,1487855132939,,,,,,,2017-02-23 13:05:32.939,7.716081454805587,27.380149563157786,1.429648872883352,0.1309674819332149,8.166779061157909
7.83,1487855138099,,,,,,,2017-02-23 13:05:38.099,8.169486663966172,27.380149563157786,1.7016919983797032,0.2330444497958948,8.166779061157909
6.908,1487855143208,,,,,,,2017-02-23 13:05:43.208,7.763696903042514,27.380149563157786,1.4582181418255085,0.1405280307237652,8.166779061157909
7.522,1487855148318,,,,,,,2017-02-23 13:05:48.318,8.212309706369972,27.380149563157786,1.727385823821983,0.24396037656296768,8.166779061157909
6.685,1487855168837,,,,,,,2017-02-23 13:06:08.837,8.056930018848275,27.37645920460458,1.634158011308965,0.2054022259955638,8.167295711355358
10.003,1487855173867,,,,,,,2017-02-23 13:06:13.867,7.845403116674842,27.37645920460458,1.5072418700049055,0.1575675348485946,8.167295711355358
6.609,1487855184137,,,,,,,2017-02-23 13:06:24.137,7.84901257152068,27.37645920460458,1.5094075429124079,0.1583387488063256,8.167295711355358
7.231,1487855194358,,,,,,,2017-02-23 13:06:34.358,8.24008075411558,27.37645920460458,1.7440484524693476,0.25115706106461677,8.167295711355358
7.208,1487855199538,,,,,,,2017-02-23 13:06:39.538,8.203429128985494,27.37645920460458,1.7220574773912964,0.24167856255582248,8.167295711355358
6.593,1487855204567,,,,,,,2017-02-23 13:06:44.567,8.316351291659775,27.37645920460458,1.7898107749958647,0.2713981880491562,8.167295711355358
6.601,1487855209667,,,,,,,2017-02-23 13:06:49.667,8.199536904363438,27.37645920460458,1.7197221426180627,0.24068146038449414,8.167295711355358
9.535,1487855214837,,,,,,,2017-02-23 13:06:54.837,7.616655275651612,27.37645920460458,1.3699931653909674,0.11188121461231855,8.167295711355358
6.493,1487855225057,,,,,,,2017-02-23 13:07:05.057,8.014699249906846,27.372714082414443,1.6088195499441074,0.19542319005525763,8.167820028461977
7.208,1487855230227,,,,,,,2017-02-23 13:07:10.227,7.60488483368182,27.372714082414443,1.362930900209092,0.1097002410934608,8.167820028461977
10.31,1487855240439,,,,,,,2017-02-23 13:07:20.439,8.230818069537694,27.372714082414443,1.7384908417226164,0.24874641100625153,8.167820028461977
7.231,1487855245558,,,,,,,2017-02-23 13:07:25.558,7.701040900379949,27.372714082414443,1.4206245402279696,0.1280040814828861,8.167820028461977
6.969,1487855250689,,,,,,,2017-02-23 13:07:30.689,8.019583032242087,27.372714082414443,1.6117498193452522,0.1965662731892719,8.167820028461977
6.808,1487855260889,,,,,,,2017-02-23 13:07:40.889,8.035532570446108,27.372714082414443,1.6213195422676647,0.20031931015724752,8.167820028461977
9.381,1487855271038,,,,,,,2017-02-23 13:07:51.038,8.129655006387289,27.372714082414443,1.677793003832373,0.2230885867227282,8.167820028461977
6.77,1487855277019,,,,,,,2017-02-23 13:07:57.019,7.549961159764273,27.372714082414443,1.3299766958585635,0.09974308652855438,8.167820028461977
7.369,1487855281498,,,,,,,2017-02-23 13:08:01.498,8.362782687142378,27.368914267889107,1.8176696122854268,0.28406226010244634,8.168352002495524
6.946,1487855287098,,,,,,,2017-02-23 13:08:07.098,7.505216240078371,27.368914267889107,1.3031297440470229,0.0918988258431132,8.168352002495524
6.962,1487855292700,,,,,,,2017-02-23 13:08:12.700,8.040214284209288,27.368914267889107,1.6241285705255728,0.20142674525582274,8.168352002495524
6.801,1487855297798,,,,,,,2017-02-23 13:08:17.798,8.34101860559823,27.368914267889107,1.8046111633589375,0.27809393786063885,8.168352002495524
6.793,1487855302918,,,,,,,2017-02-23 13:08:22.918,7.908810092966479,27.368914267889107,1.5452860557798873,0.17134287751691005,8.168352002495524
6.762,1487855313119,,,,,,,2017-02-23 13:08:33.119,7.920355960507823,27.368914267889107,1.5522135763046938,0.17390317321941287,8.168352002495524
6.908,1487855318228,,,,,,,2017-02-23 13:08:38.228,7.8500897054619,27.368914267889107,1.5100538232771399,0.1585691974516708,8.168352002495524
7.069,1487855323388,,,,,,,2017-02-23 13:08:43.388,7.855806392383299,27.368914267889107,1.513483835429979,0.15979459082157643,8.168352002495524
8.298,1487855328448,,,,,,,2017-02-23 13:08:48.448,8.191611646700936,27.368914267889107,1.7149669880205618,0.23865680342370393,8.168352002495524
8.759,1487855333608,,,,,,,2017-02-23 13:08:53.608,8.18835544282162,27.368914267889107,1.7130132656929724,0.2378271291050478,8.168352002495524
7.522,1487855343847,,,,,,,2017-02-23 13:09:03.847,7.754428635334052,27.36505983337156,1.4526571812004312,0.13864576110613383,8.16889162332798
9.535,1487855348958,,,,,,,2017-02-23 13:09:08.958,8.341471500429261,27.36505983337156,1.8048829002575566,0.27821755523591324,8.16889162332798
6.693,1487855354068,,,,,,,2017-02-23 13:09:14.068,8.021037500577723,27.36505983337156,1.612622500346634,0.19690725471986523,8.16889162332798
7.369,1487855364248,,,,,,,2017-02-23 13:09:24.248,7.732563133542625,27.36505983337156,1.439537880125575,0.13424599563432135,8.16889162332798
6.685,1487855374538,,,,,,,2017-02-23 13:09:34.538,8.237889962492542,27.36505983337156,1.7427339774955248,0.2505859693535518,8.16889162332798
7.208,1487855384748,,,,,,,2017-02-23 13:09:44.748,7.677387769433002,27.36505983337156,1.4064326616598013,0.12339868158714133,8.16889162332798
6.501,1487855389917,,,,,,,2017-02-23 13:09:49.917,7.713581982641432,27.36505983337156,1.428149189584859,0.13047313681286896,8.16889162332798
10.157,1487855394957,,,,,,,2017-02-23 13:09:54.957,7.816663127501773,27.36505983337156,1.4899978765010637,0.1514825901094572,8.16889162332798
6.539,1487855400118,,,,,,,2017-02-23 13:10:00.118,7.621064686130275,27.36115085224468,1.372638811678165,0.1127025255080766,8.169438880685744
9.849,1487855405208,,,,,,,2017-02-23 13:10:05.208,8.051895321881297,27.36115085224468,1.6311371931287781,0.20420130214245066,8.169438880685744
7.208,1487855410247,,,,,,,2017-02-23 13:10:10.247,7.852935821020825,27.36115085224468,1.5117614926124952,0.15917878284116058,8.169438880685744
7.062,1487855415309,,,,,,,2017-02-23 13:10:15.309,8.146690876190343,27.36115085224468,1.6880145257142058,0.22732337606560898,8.169438880685744
8.912,1487855420367,,,,,,,2017-02-23 13:10:20.367,8.324947320195445,27.36115085224468,1.794968392117267,0.27372322393947535,8.169438880685744
10.464,1487855425509,,,,,,,2017-02-23 13:10:25.509,7.696855342260642,27.36115085224468,1.4181132053563854,0.12718424041542375,8.169438880685744
6.778,1487855430589,,,,,,,2017-02-23 13:10:30.589,7.833249921819395,27.36115085224468,1.4999499530916371,0.154982317176494,8.169438880685744
7.522,1487855435699,,,,,,,2017-02-23 13:10:35.699,7.744943229470063,27.36115085224468,1.4469659376820376,0.1367300666086442,8.169438880685744
6.67,1487855440939,,,,,,,2017-02-23 13:10:40.939,8.176747863151554,27.36115085224468,1.7060487178909325,0.23487989267887904,8.169438880685744
6.708,1487855451189,,,,,,,2017-02-23 13:10:51.189,7.722483653655465,27.36115085224468,1.4334901921932792,0.13223712699737314,8.169438880685744
7.208,1487855466508,,,,,,,2017-02-23 13:11:06.508,8.360329507999595,27.357187398929835,1.8161977047997566,0.2833866871160197,8.169993764149822
7.522,1487855471608,,,,,,,2017-02-23 13:11:11.608,8.348259197296066,27.357187398929835,1.8089555183776396,0.28007320188276535,8.169993764149822
8.912,1487855476719,,,,,,,2017-02-23 13:11:16.719,8.309795679729586,27.357187398929835,1.7858774078377513,0.26963099948801084,8.169993764149822
6.801,1487855481889,,,,,,,2017-02-23 13:11:21.889,8.00274059150278,27.357187398929835,1.6016443549016681,0.19263626787915214,8.169993764149822
7.085,1487855492029,,,,,,,2017-02-23 13:11:32.029,8.177017636364974,27.357187398929835,1.7062105818189846,0.2349482062517286,8.169993764149822
7.522,1487855497309,,,,,,,2017-02-23 13:11:37.309,7.923091662923904,27.357187398929835,1.553854997754342,0.17451215933705427,8.169993764149822
6.939,1487855502438,,,,,,,2017-02-23 13:11:42.438,7.509294037487812,27.357187398929835,1.305576422492687,0.0926037571958731,8.169993764149822
6.946,1487855507538,,,,,,,2017-02-23 13:11:47.538,7.712668012658048,27.357187398929835,1.4276008075948288,0.13029255919365965,8.169993764149822
7.377,1487855512628,,,,,,,2017-02-23 13:11:52.628,8.088585556379947,27.357187398929835,1.653151333827968,0.21302269312809632,8.169993764149822
8.452,1487855517748,,,,,,,2017-02-23 13:11:57.748,7.829774732639305,27.357187398929835,1.4978648395835832,0.15424633647120004,8.169993764149822
7.146,1487855522868,,,,,,,2017-02-23 13:12:02.868,7.759932419647606,27.35316954888546,1.4559594517885635,0.13976226794641972,8.170556263156035
6.854,1487855548499,,,,,,,2017-02-23 13:12:28.499,7.912361935002225,27.35316954888546,1.5474171610013348,0.1721287947467094,8.170556263156035
6.87,1487855553608,,,,,,,2017-02-23 13:12:33.608,7.905658437753368,27.35316954888546,1.5433950626520205,0.1706467773808094,8.170556263156035
7.369,1487855563748,,,,,,,2017-02-23 13:12:43.748,7.505620452228673,27.35316954888546,1.3033722713372036,0.09196861315232699,8.170556263156035
6.739,1487855568847,,,,,,,2017-02-23 13:12:48.847,8.258248947690056,27.35316954888546,1.7549493686140338,0.25591530700307435,8.170556263156035
6.555,1487855579147,,,,,,,2017-02-23 13:12:59.147,7.537589219461225,27.35316954888546,1.322553531676735,0.09755012271251293,8.170556263156035
9.227,1487855584227,,,,,,,2017-02-23 13:13:04.227,8.219212615298266,27.34909737860563,1.7315275691789598,0.24574057699155216,8.17112636699521
6.67,1487855589337,,,,,,,2017-02-23 13:13:09.337,8.145442344740493,27.34909737860563,1.6872654068442958,0.2270118325184112,8.17112636699521
6.57,1487855599537,,,,,,,2017-02-23 13:13:19.537,7.955259374917975,27.34909737860563,1.5731556249507848,0.18174027839293397,8.17112636699521
9.849,1487855604627,,,,,,,2017-02-23 13:13:24.627,7.562169844272365,27.34909737860563,1.3373019065634189,0.10192511858705776,8.17112636699521
6.555,1487855609738,,,,,,,2017-02-23 13:13:29.738,7.579039414343379,27.34909737860563,1.3474236486060274,0.10496961300824585,8.17112636699521
9.381,1487855620819,,,,,,,2017-02-23 13:13:40.819,7.7368165604035255,27.34909737860563,1.4420899362421153,0.1350973733862878,8.17112636699521
6.931,1487855626329,,,,,,,2017-02-23 13:13:46.329,8.153670744865778,27.34909737860563,1.6922024469194668,0.2290684946785167,8.17112636699521
7.522,1487855631899,,,,,,,2017-02-23 13:13:51.899,7.820776335931617,27.34909737860563,1.4924658015589702,0.15234737724186095,8.17112636699521
6.632,1487855636939,,,,,,,2017-02-23 13:13:56.939,8.327481633004947,27.34909737860563,1.7964889798029682,0.27441039205448287,8.17112636699521
10.779,1487855647209,,,,,,,2017-02-23 13:14:07.209,7.6218989712225635,27.3449709656186,1.373139382733538,0.11285818460138809,8.171704064813396
6.739,1487855652318,,,,,,,2017-02-23 13:14:12.318,8.361496794663722,27.3449709656186,1.8168980767982332,0.28370805231511226,8.171704064813396
8.912,1487855657498,,,,,,,2017-02-23 13:14:17.498,8.338674060307676,27.3449709656186,1.8032044361846058,0.2774543891388982,8.171704064813396
6.931,1487855662619,,,,,,,2017-02-23 13:14:22.619,7.731129231172685,27.3449709656186,1.4386775387036108,0.13395947105185035,8.171704064813396
7.676,1487855672829,,,,,,,2017-02-23 13:14:32.829,7.811645193306045,27.3449709656186,1.4869871159836272,0.15043033683928556,8.171704064813396
10.157,1487855677938,,,,,,,2017-02-23 13:14:37.938,7.720664541003725,27.3449709656186,1.4323987246022347,0.13187587143202373,8.171704064813396
7.522,1487855683029,,,,,,,2017-02-23 13:14:43.029,8.274267696536782,27.3449709656186,1.7645606179220692,0.260143471758349,8.171704064813396
6.946,1487855688119,,,,,,,2017-02-23 13:14:48.119,7.596620958408131,27.3449709656186,1.3579725750448788,0.10817894142242093,8.171704064813396
6.847,1487855693209,,,,,,,2017-02-23 13:14:53.209,8.066824195334235,27.3449709656186,1.6400945172005406,0.2077711417024665,8.171704064813396
7.522,1487855698289,,,,,,,2017-02-23 13:14:58.289,7.561771949655965,27.3449709656186,1.3370631697935789,0.10185372176668389,8.171704064813396
7.054,1487855703339,,,,,,,2017-02-23 13:15:03.339,7.815470725743482,27.340790388485317,1.489282435446089,0.15123227155594599,8.172289345612056
6.816,1487855708469,,,,,,,2017-02-23 13:15:08.469,7.576611030594868,27.340790388485317,1.3459666183569206,0.10452925226284572,8.172289345612056
6.923,1487855713538,,,,,,,2017-02-23 13:15:13.538,7.954016287135163,27.340790388485317,1.5724097722810977,0.18145864872628797,8.172289345612056
7.369,1487855723748,,,,,,,2017-02-23 13:15:23.748,8.166156027971041,27.340790388485317,1.6996936167826249,0.23220466802714845,8.172289345612056
7.369,1487855733948,,,,,,,2017-02-23 13:15:33.948,8.089631449193707,27.340790388485317,1.653778869516224,0.21327652401401384,8.172289345612056
6.463,1487855739118,,,,,,,2017-02-23 13:15:39.118,7.955129396237668,27.340790388485317,1.5730776377426006,0.18171082219205872,8.172289345612056
7.208,1487855744127,,,,,,,2017-02-23 13:15:44.127,7.510832513249346,27.340790388485317,1.3064995079496076,0.09287023287948534,8.172289345612056
6.586,1487855749217,,,,,,,2017-02-23 13:15:49.217,7.6603086851261235,27.340790388485317,1.396185211075674,0.12011502631330524,8.172289345612056
6.609,1487855759438,,,,,,,2017-02-23 13:15:59.438,8.14198496915765,27.340790388485317,1.6851909814945896,0.22615009673257652,8.172289345612056
7.369,1487855764557,,,,,,,2017-02-23 13:16:04.557,7.723883133108708,27.33655572679795,1.4343298798652246,0.13251531833213204,8.172882198248287
7.208,1487855769648,,,,,,,2017-02-23 13:16:09.648,8.098091514389772,27.33655572679795,1.658854908633863,0.21533454805014382,8.172882198248287
7.369,1487855790047,,,,,,,2017-02-23 13:16:30.047,8.099800594551299,27.33655572679795,1.6598803567307794,0.21575134745626895,8.172882198248287
6.463,1487855795137,,,,,,,2017-02-23 13:16:35.137,7.617872993614082,27.33655572679795,1.370723796168449,0.1121077974590348,8.172882198248287
9.688,1487855800257,,,,,,,2017-02-23 13:16:40.257,8.357183342977615,27.33655572679795,1.814310005786569,0.28252133200084667,8.172882198248287
9.074,1487855805449,,,,,,,2017-02-23 13:16:45.449,7.6991894960301925,27.33655572679795,1.4195136976181155,0.12764118063691884,8.172882198248287
6.662,1487855810519,,,,,,,2017-02-23 13:16:50.519,8.354962265355544,27.33655572679795,1.8129773592133265,0.2819111381520667,8.172882198248287
6.954,1487855820718,,,,,,,2017-02-23 13:17:00.718,7.66745761176249,27.332267061178353,1.400474567057494,0.12148523232738012,8.17348261143503
7.522,1487855830918,,,,,,,2017-02-23 13:17:10.918,7.643991497915092,27.332267061178353,1.3863948987490553,0.11701055072970577,8.17348261143503
6.793,1487855836009,,,,,,,2017-02-23 13:17:16.009,7.987116204344589,27.332267061178353,1.592269722606753,0.18902091893937398,8.17348261143503
6.931,1487855856548,,,,,,,2017-02-23 13:17:36.548,7.731192540014982,27.332267061178353,1.4387155240089893,0.13397211631609168,8.17348261143503
6.893,1487855866738,,,,,,,2017-02-23 13:17:46.738,7.581905741596867,27.332267061178353,1.3491434449581203,0.10549030058505317,8.17348261143503
10.31,1487855877008,,,,,,,2017-02-23 13:17:57.008,7.896630629281516,27.332267061178353,1.5379783775689093,0.1686594196014758,8.17348261143503
6.739,1487855882118,,,,,,,2017-02-23 13:18:02.118,7.645276630375198,27.327924473276536,1.387165978225119,0.11725389838452441,8.174090573741283
7.676,1487855887228,,,,,,,2017-02-23 13:18:07.228,7.743560976911561,27.327924473276536,1.4461365861469366,0.13645180499723533,8.174090573741283
7.476,1487855892339,,,,,,,2017-02-23 13:18:12.339,7.751804310784675,27.327924473276536,1.4510825864708052,0.13811466611074888,8.174090573741283
10.932,1487855897468,,,,,,,2017-02-23 13:18:17.468,8.38623197251968,27.327924473276536,1.8317391835118078,0.2905563258203522,8.174090573741283
9.381,1487855902609,,,,,,,2017-02-23 13:18:22.609,7.641340838934333,27.327924473276536,1.3848045033605998,0.11650925826174498,8.174090573741283
9.688,1487855923028,,,,,,,2017-02-23 13:18:43.028,7.530902149555079,27.327924473276536,1.3185412897330473,0.09637246629430102,8.174090573741283
6.885,1487855943428,,,,,,,2017-02-23 13:19:03.428,8.212715931730926,27.323528045769113,1.7276295590385558,0.2440649802183043,8.174706073592324
6.778,1487855948539,,,,,,,2017-02-23 13:19:08.539,7.770344477695516,27.323528045769113,1.4622066866173093,0.14188441836085638,8.174706073592324
6.463,1487855954038,,,,,,,2017-02-23 13:19:14.038,7.797789402213441,27.323528045769113,1.4786736413280646,0.1475404888649502,8.174706073592324
6.9,1487855959662,,,,,,,2017-02-23 13:19:19.662,8.283103403242261,27.323528045769113,1.7698620419453568,0.2624888417678457,8.174706073592324
9.535,1487855980141,,,,,,,2017-02-23 13:19:40.141,8.295552806740393,27.323528045769113,1.7773316840442355,0.26580933885809854,8.174706073592324
8.452,1487855985231,,,,,,,2017-02-23 13:19:45.231,7.82390877152533,27.323528045769113,1.494345262915198,0.15300732223861974,8.174706073592324
7.369,1487855990312,,,,,,,2017-02-23 13:19:50.312,7.904803573911275,27.323528045769113,1.542882144346765,0.1704581707198198,8.174706073592324
10.31,1487856000453,,,,,,,2017-02-23 13:20:00.453,8.314605255306844,27.319077862357727,1.7887631531841066,0.270927007231189,8.175329099269918
7.983,1487856005602,,,,,,,2017-02-23 13:20:05.602,7.620825242734219,27.319077862357727,1.3724951456405317,0.11265786610719272,8.175329099269918
7.499,1487856010719,,,,,,,2017-02-23 13:20:10.719,8.037510030449443,27.319077862357727,1.6225060182696658,0.2007867472073299,8.175329099269918
6.923,1487856015830,,,,,,,2017-02-23 13:20:15.830,8.020396099095983,27.319077862357727,1.6122376594575898,0.19675685504176804,8.175329099269918
7.83,1487856026129,,,,,,,2017-02-23 13:20:26.129,7.5646537670507525,27.319077862357727,1.3387922602304516,0.10237125450836064,8.175329099269918
7.83,1487856036349,,,,,,,2017-02-23 13:20:36.349,8.165552578637886,27.319077862357727,1.6993315471827315,0.23205265762160876,8.175329099269918
10.464,1487856041528,,,,,,,2017-02-23 13:20:41.528,7.745684628997077,27.319077862357727,1.4474107773982463,0.1368794124030232,8.175329099269918
6.847,1487856062003,,,,,,,2017-02-23 13:21:02.003,7.619663434336373,27.314574007767455,1.3717980606018239,0.11244127095688672,8.175959638912556
6.801,1487856067151,,,,,,,2017-02-23 13:21:07.151,7.78560985527966,27.314574007767455,1.4713659131677963,0.14501927447407373,8.175959638912556
6.708,1487856077343,,,,,,,2017-02-23 13:21:17.343,8.190671468090779,27.314574007767455,1.7144028808544671,0.23841711712169425,8.175959638912556
7.983,1487856082471,,,,,,,2017-02-23 13:21:22.471,7.530544859644576,27.314574007767455,1.3183269157867454,0.09630969516590947,8.175959638912556
9.227,1487856087615,,,,,,,2017-02-23 13:21:27.615,7.528907817935921,27.314574007767455,1.3173446907615527,0.09602228440124741,8.175959638912556
9.849,1487856092699,,,,,,,2017-02-23 13:21:32.699,8.07567662761414,27.314574007767455,1.6454059765684839,0.2099005947245034,8.175959638912556
6.962,1487856097749,,,,,,,2017-02-23 13:21:37.749,8.274293456236505,27.314574007767455,1.7645760737419027,0.2601502958549191,8.175959638912556
6.409,1487856108068,,,,,,,2017-02-23 13:21:48.068,7.554906889472319,27.314574007767455,1.3329441336833914,0.10062487097993038,8.175959638912556
9.535,1487856118331,,,,,,,2017-02-23 13:21:58.331,7.738254143128739,27.314574007767455,1.4429524858772431,0.1353856148212236,8.175959638912556
9.381,1487856123443,,,,,,,2017-02-23 13:22:03.443,7.862840038262619,27.310016567745194,1.5177040229575716,0.16130766018315565,8.176597680515671
7.415,1487856128430,,,,,,,2017-02-23 13:22:08.430,8.036038945684426,27.310016567745194,1.6216233674106557,0.20043896373514963,8.176597680515671
6.801,1487856133541,,,,,,,2017-02-23 13:22:13.541,8.358900220797622,27.310016567745194,1.8153401324785734,0.2829934133343633,8.176597680515671
9.074,1487856143748,,,,,,,2017-02-23 13:22:23.748,7.791536747339904,27.310016567745194,1.4749220484039427,0.14624394104543545,8.176597680515671
6.547,1487856148852,,,,,,,2017-02-23 13:22:28.852,8.289151434877468,27.310016567745194,1.7734908609264806,0.26409964602907443,8.176597680515671
7.208,1487856159133,,,,,,,2017-02-23 13:22:39.133,8.27628583717708,27.310016567745194,1.7657715023062477,0.2606783460545608,8.176597680515671
7.676,1487856164201,,,,,,,2017-02-23 13:22:44.201,8.193495609832004,27.310016567745194,1.7160973658992025,0.23913741454248047,8.176597680515671
6.547,1487856169367,,,,,,,2017-02-23 13:22:49.367,8.062546243980774,27.310016567745194,1.6375277463884648,0.20674545056170585,8.176597680515671
6.478,1487856179560,,,,,,,2017-02-23 13:22:59.560,8.350131351168347,27.310016567745194,1.8100788107010082,0.2805859912553149,8.176597680515671
6.67,1487856184717,,,,,,,2017-02-23 13:23:04.717,7.6116146652148675,27.305405629058036,1.3669687991289206,0.11094519242641884,8.177243211931874
6.417,1487856189758,,,,,,,2017-02-23 13:23:09.758,7.783463915718219,27.305405629058036,1.4700783494309313,0.14457690099439197,8.177243211931874
6.762,1487856194944,,,,,,,2017-02-23 13:23:14.944,8.180838307195858,27.305405629058036,1.7085029843175146,0.23591663687040684,8.177243211931874
7.085,1487856200031,,,,,,,2017-02-23 13:23:20.031,7.964862301569674,27.305405629058036,1.5789173809418044,0.18392213343522326,8.177243211931874
7.522,1487856210204,,,,,,,2017-02-23 13:23:30.204,7.874900406482088,27.305405629058036,1.5249402438892528,0.16391588880174526,8.177243211931874
7.522,1487856225551,,,,,,,2017-02-23 13:23:45.551,8.161805880808505,27.305405629058036,1.6970835284851027,0.23110983293142606,8.177243211931874
6.724,1487856230634,,,,,,,2017-02-23 13:23:50.634,7.516708223464058,27.305405629058036,1.310024934078435,0.09389056431969753,8.177243211931874
7.522,1487856235738,,,,,,,2017-02-23 13:23:55.738,7.651357687812994,27.305405629058036,1.3908146126877965,0.11840807128344075,8.177243211931874
7.522,1487856240903,,,,,,,2017-02-23 13:24:00.903,8.343034640865644,27.300741279491604,1.8058207845193865,0.2786444025708588,8.177896220871174
6.701,1487856246015,,,,,,,2017-02-23 13:24:06.015,7.748728290568504,27.300741279491604,1.4492369743411024,0.13749321172953055,8.177896220871174
8.605,1487856251131,,,,,,,2017-02-23 13:24:11.131,8.08816553360281,27.300741279491604,1.652899320161686,0.21292079347478002,8.177896220871174
6.624,1487856256303,,,,,,,2017-02-23 13:24:16.303,7.580559158952694,27.300741279491604,1.3483354953716162,0.10524556202533325,8.177896220871174
7.676,1487856261411,,,,,,,2017-02-23 13:24:21.411,7.70160872384864,27.300741279491604,1.4209652343091839,0.1281154651538787,8.177896220871174
6.624,1487856266504,,,,,,,2017-02-23 13:24:26.504,8.035871233301506,27.300741279491604,1.6215227399809038,0.20039933084866376,8.177896220871174
10.31,1487856281925,,,,,,,2017-02-23 13:24:41.925,8.396388457403477,27.300741279491604,1.837833074442086,0.29338955066736916,8.177896220871174
7.522,1487856288508,,,,,,,2017-02-23 13:24:48.508,7.978541353160669,27.300741279491604,1.587124811896401,0.18704922234472562,8.177896220871174
9.381,1487856294038,,,,,,,2017-02-23 13:24:54.038,7.594992927136182,27.300741279491604,1.356995756281709,0.10788020283977724,8.177896220871174
6.639,1487856299717,,,,,,,2017-02-23 13:24:59.717,7.941435910493745,27.300741279491604,1.5648615462962467,0.17861891638933056,8.177896220871174
6.463,1487856305107,,,,,,,2017-02-23 13:25:05.107,7.611289771781327,27.296023607848397,1.3667738630687962,0.11088496554457665,8.178556694901223
7.369,1487856310227,,,,,,,2017-02-23 13:25:10.227,8.272868855045893,27.296023607848397,1.7637213130275355,0.2597730190938905,8.178556694901223
7.208,1487856315247,,,,,,,2017-02-23 13:25:15.247,7.596973752460699,27.296023607848397,1.3581842514764195,0.10824371994321881,8.178556694901223
7.522,1487856330608,,,,,,,2017-02-23 13:25:30.608,7.6218146471450545,27.296023607848397,1.3730887882870326,0.11284244780449383,8.178556694901223
6.785,1487856335698,,,,,,,2017-02-23 13:25:35.698,7.654260101829625,27.296023607848397,1.3925560610977747,0.1189605082556846,8.178556694901223
6.908,1487856345829,,,,,,,2017-02-23 13:25:45.829,8.139299024228574,27.296023607848397,1.6835794145371445,0.22548162671009117,8.178556694901223
6.854,1487856350919,,,,,,,2017-02-23 13:25:50.919,8.310210134462865,27.296023607848397,1.786126080677719,0.2697425708467929,8.178556694901223
6.716,1487856361138,,,,,,,2017-02-23 13:26:01.138,8.350591334544395,27.291252703946075,1.8103548007266372,0.280712046645757,8.179224621447549
6.793,1487856366248,,,,,,,2017-02-23 13:26:06.248,8.270708371687112,27.291252703946075,1.7624250230122671,0.2592013235814993,8.179224621447549
7.983,1487856381608,,,,,,,2017-02-23 13:26:21.608,8.229689401219838,27.291252703946075,1.737813640731903,0.2484533743449662,8.179224621447549
6.77,1487856386708,,,,,,,2017-02-23 13:26:26.708,7.990475791031625,27.291252703946075,1.594285474618975,0.18979582615272542,8.179224621447549
10.779,1487856396878,,,,,,,2017-02-23 13:26:36.878,7.707045051846297,27.291252703946075,1.4242270311077783,0.12918380812720526,8.179224621447549
6.724,1487856401939,,,,,,,2017-02-23 13:26:41.939,8.272337789716028,27.291252703946075,1.7634026738296167,0.2596324395165632,8.179224621447549
7.231,1487856412208,,,,,,,2017-02-23 13:26:52.208,7.8990074212176244,27.291252703946075,1.5394044527305746,0.16918169178063575,8.179224621447549
6.931,1487856417318,,,,,,,2017-02-23 13:26:57.318,8.213598450752354,27.291252703946075,1.7281590704514123,0.24429229846437447,8.179224621447549
8.605,1487856422430,,,,,,,2017-02-23 13:27:02.430,7.667689382017157,27.286428658615772,1.400613629210294,0.12152975743742873,8.17989998779379
6.57,1487856427549,,,,,,,2017-02-23 13:27:07.549,7.855641684739267,27.286428658615772,1.5133850108435603,0.15975923025060504,8.17989998779379
6.854,1487856432699,,,,,,,2017-02-23 13:27:12.699,7.942427293070261,27.286428658615772,1.5654563758421565,0.17884200898729358,8.17989998779379
7.246,1487856437818,,,,,,,2017-02-23 13:27:17.818,7.738446695536442,27.286428658615772,1.4430680173218655,0.13542424122900304,8.17989998779379
6.778,1487856442919,,,,,,,2017-02-23 13:27:22.919,7.600237865867337,27.286428658615772,1.360142719520402,0.10884377071440024,8.17989998779379
7.676,1487856458318,,,,,,,2017-02-23 13:27:38.318,7.717405158506114,27.286428658615772,1.4304430951036686,0.1312295874397558,8.17989998779379
8.145,1487856463438,,,,,,,2017-02-23 13:27:43.438,8.339846449571743,27.286428658615772,1.8039078697430457,0.27777411285783554,8.17989998779379
6.655,1487856489048,,,,,,,2017-02-23 13:28:09.048,7.92293388236801,27.28155156370036,1.5537603294208062,0.17447701189859047,8.180582781081949
6.539,1487856499238,,,,,,,2017-02-23 13:28:19.238,8.333195642707485,27.28155156370036,1.7999173856244912,0.2759625492872919,8.180582781081949
6.394,1487856504347,,,,,,,2017-02-23 13:28:24.347,7.862757960466601,27.28155156370036,1.5176547762799604,0.1612899694731686,8.180582781081949
7.522,1487856509458,,,,,,,2017-02-23 13:28:29.458,8.28245637112574,27.28155156370036,1.7694738226754438,0.2623167741965429,8.180582781081949
7.208,1487856519718,,,,,,,2017-02-23 13:28:39.718,7.913294063346392,27.28155156370036,1.5479764380078351,0.17233529786342167,8.180582781081949
6.463,1487856530297,,,,,,,2017-02-23 13:28:50.297,8.26687042296517,27.28155156370036,1.7601222537791017,0.25818712748713585,8.180582781081949
6.854,1487856535419,,,,,,,2017-02-23 13:28:55.419,8.134869299066384,27.28155156370036,1.6809215794398304,0.22438106105324063,8.180582781081949
7.676,1487856540538,,,,,,,2017-02-23 13:29:00.538,7.554536792290293,27.2766215120527,1.3327220753741755,0.1005587839767292,8.181272988312621
10.464,1487856545699,,,,,,,2017-02-23 13:29:05.699,7.638356371691129,27.2766215120527,1.3830138230146776,0.11594584506612628,8.181272988312621
10.932,1487856550749,,,,,,,2017-02-23 13:29:10.749,7.580145078443289,27.2766215120527,1.3480870470659734,0.10517034750816659,8.181272988312621
6.808,1487856555919,,,,,,,2017-02-23 13:29:15.919,7.700169698372977,27.2766215120527,1.4201018190237862,0.12783326260895578,8.181272988312621
7.83,1487856566108,,,,,,,2017-02-23 13:29:26.108,8.164810483356211,27.2766215120527,1.6988862900137267,0.2318657818640875,8.181272988312621
8.298,1487856571209,,,,,,,2017-02-23 13:29:31.209,8.03735670431929,27.2766215120527,1.622414022591574,0.20075048680353122,8.181272988312621
6.808,1487856576318,,,,,,,2017-02-23 13:29:36.318,7.682415138845036,27.2766215120527,1.4094490833070215,0.12437192085413737,8.181272988312621
6.87,1487856581418,,,,,,,2017-02-23 13:29:41.418,7.983051640743224,27.2766215120527,1.5898309844459346,0.1880852154653179,8.181272988312621
6.678,1487856591629,,,,,,,2017-02-23 13:29:51.629,8.212276499450958,27.2766215120527,1.7273658996705747,0.24395182660577144,8.181272988312621
7.676,1487856607009,,,,,,,2017-02-23 13:30:07.009,7.763617573299979,27.27163859753386,1.4581705439799875,0.1405118761047506,8.18197059634526
7.653,1487856612190,,,,,,,2017-02-23 13:30:12.190,8.011985395598906,27.27163859753386,1.6071912373593435,0.1947892307614059,8.18197059634526
6.678,1487856617508,,,,,,,2017-02-23 13:30:17.508,7.879483232265965,27.27163859753386,1.527689939359579,0.1649115673640075,8.18197059634526
7.522,1487856623328,,,,,,,2017-02-23 13:30:23.328,7.948054320113229,27.27163859753386,1.5688325920679373,0.1801105034858031,8.18197059634526
10.157,1487856628808,,,,,,,2017-02-23 13:30:28.808,7.945732797522805,27.27163859753386,1.5674396785136828,0.17958670478117278,8.18197059634526
6.486,1487856639427,,,,,,,2017-02-23 13:30:39.427,7.725328626577959,27.27163859753386,1.4351971759467752,0.13280290316873944,8.18197059634526
6.332,1487856644437,,,,,,,2017-02-23 13:30:44.437,7.801526227602441,27.27163859753386,1.4809157365614645,0.14831759510354936,8.18197059634526
9.535,1487856649626,,,,,,,2017-02-23 13:30:49.626,7.8368127186402585,27.27163859753386,1.5020876311841551,0.155738356052395,8.18197059634526
6.44,1487856654697,,,,,,,2017-02-23 13:30:54.697,8.059678437070163,27.27163859753386,1.635807062242098,0.2060590883513461,8.18197059634526
7.208,1487856659768,,,,,,,2017-02-23 13:30:59.768,8.23477689041278,27.27163859753386,1.7408661342476681,0.24977544987207864,8.18197059634526
6.762,1487856670047,,,,,,,2017-02-23 13:31:10.047,7.6872612653094805,27.266602915011354,1.4123567591856883,0.1253129445223491,8.182675591898409
6.647,1487856680217,,,,,,,2017-02-23 13:31:20.217,8.218389449180203,27.266602915011354,1.7310336695081214,0.24552798930060094,8.182675591898409
7.676,1487856685319,,,,,,,2017-02-23 13:31:25.319,7.7912156976311,27.266602915011354,1.47472941857866,0.14617749494535526,8.182675591898409
6.655,1487856700608,,,,,,,2017-02-23 13:31:40.608,8.179565233146036,27.266602915011354,1.7077391398876216,0.2355937544671678,8.182675591898409
6.77,1487856705719,,,,,,,2017-02-23 13:31:45.719,7.591632940433014,27.266602915011354,1.3549797642598083,0.1072646615008224,8.182675591898409
6.808,1487856710809,,,,,,,2017-02-23 13:31:50.809,7.964746977056313,27.266602915011354,1.5788481862337878,0.18389586521466472,8.182675591898409
7.023,1487856715909,,,,,,,2017-02-23 13:31:55.909,7.635992540714353,27.266602915011354,1.381595524428612,0.11550035527066548,8.182675591898409
9.381,1487856726108,,,,,,,2017-02-23 13:32:06.108,8.169783321819688,27.26151456035732,1.7018699930918126,0.23311931324425528,8.183387961549975
6.586,1487856731228,,,,,,,2017-02-23 13:32:11.228,8.187900683039528,27.26151456035732,1.712740409823717,0.23771135846637378,8.183387961549975
6.624,1487856741428,,,,,,,2017-02-23 13:32:21.428,7.520057730028305,27.26151456035732,1.312034638016983,0.09447406831690175,8.183387961549975
7.522,1487856746548,,,,,,,2017-02-23 13:32:26.548,8.367398270152103,27.26151456035732,1.8204389620912618,0.2853352880099334,8.183387961549975
6.601,1487856751629,,,,,,,2017-02-23 13:32:31.629,7.93752095015849,27.26151456035732,1.5625125700950937,0.1777390783369155,8.183387961549975
6.877,1487856756719,,,,,,,2017-02-23 13:32:36.719,8.35583637463811,27.26151456035732,1.8135018247828665,0.2821512104469774,8.183387961549975
9.849,1487856766998,,,,,,,2017-02-23 13:32:46.998,8.218614977863352,27.26151456035732,1.7311689867180111,0.24558622537706923,8.183387961549975
10.31,1487856772099,,,,,,,2017-02-23 13:32:52.099,8.08070719913329,27.26151456035732,1.648424319479974,0.21111488931843964,8.183387961549975
8.605,1487856777189,,,,,,,2017-02-23 13:32:57.189,8.218421615369538,27.26151456035732,1.7310529692217225,0.24553629488937104,8.183387961549975
7.522,1487856782229,,,,,,,2017-02-23 13:33:02.229,8.227526358201015,27.256373630446696,1.7365158149206088,0.24789220972320844,8.184107691737461
8.298,1487856787339,,,,,,,2017-02-23 13:33:07.339,8.328378094299852,27.256373630446696,1.7970268565799112,0.2746536482465259,8.184107691737461
6.831,1487856792499,,,,,,,2017-02-23 13:33:12.499,8.187787126297767,27.256373630446696,1.7126722757786603,0.23768245358927237,8.184107691737461
7.284,1487856797539,,,,,,,2017-02-23 13:33:17.539,7.589774077567928,27.256373630446696,1.353864446540757,0.10692470444187402,8.184107691737461
6.678,1487856807809,,,,,,,2017-02-23 13:33:27.809,8.163389240831897,27.256373630446696,1.6980335444991383,0.23150806651417755,8.184107691737461
6.893,1487856823098,,,,,,,2017-02-23 13:33:43.098,8.260998858530089,27.256373630446696,1.756599315118053,0.2566389594282211,8.184107691737461
7.522,1487856828209,,,,,,,2017-02-23 13:33:48.209,7.5992330958820595,27.256373630446696,1.3595398575292357,0.10865892493081451,8.184107691737461
7.522,1487856838479,,,,,,,2017-02-23 13:33:58.479,8.108322740241604,27.256373630446696,1.6649936441449626,0.2178349046992592,8.184107691737461
7.676,1487856843678,,,,,,,2017-02-23 13:34:03.678,7.653673936427407,27.251180223155373,1.3922043618564444,0.11884885778973973,8.184834768758247
8.759,1487856853868,,,,,,,2017-02-23 13:34:13.868,8.075838338091602,27.251180223155373,1.645503002854961,0.2099395816487214,8.184834768758247
6.409,1487856858988,,,,,,,2017-02-23 13:34:18.988,7.601680553302,27.251180223155373,1.3610083319811999,0.10910939126313202,8.184834768758247
6.624,1487856864137,,,,,,,2017-02-23 13:34:24.137,8.147510115107337,27.251180223155373,1.6885060690644025,0.22752790074844112,8.184834768758247
6.463,1487856869327,,,,,,,2017-02-23 13:34:29.327,8.078481089692621,27.251180223155373,1.647088653815573,0.21057716969504864,8.184834768758247
7.054,1487856879488,,,,,,,2017-02-23 13:34:39.488,8.091098722026366,27.251180223155373,1.6546592332158196,0.21363284213940723,8.184834768758247
7.077,1487856900349,,,,,,,2017-02-23 13:35:00.349,7.579076845991003,27.245934437358343,1.3474461075946018,0.10497640636476564,8.185569178769832
7.269,1487856906118,,,,,,,2017-02-23 13:35:06.118,7.857749765486179,27.245934437358343,1.5146498592917075,0.16021205334594785,8.185569178769832
7.2,1487856917239,,,,,,,2017-02-23 13:35:17.239,7.865402065863287,27.245934437358343,1.5192412395179722,0.1618602755127148,8.185569178769832
6.877,1487856922689,,,,,,,2017-02-23 13:35:22.689,7.687906676606074,27.245934437358343,1.4127440059636445,0.12543848352303313,8.185569178769832
10.464,1487856928219,,,,,,,2017-02-23 13:35:28.219,7.8978148463791795,27.245934437358343,1.5386889078275077,0.1689195526972003,8.185569178769832
6.532,1487856933947,,,,,,,2017-02-23 13:35:33.947,8.087189581858107,27.245934437358343,1.6523137491148643,0.21268410438215632,8.185569178769832
8.452,1487856939787,,,,,,,2017-02-23 13:35:39.787,7.856485248165472,27.245934437358343,1.5138911488992832,0.15994036661403713,8.185569178769832
9.074,1487856955149,,,,,,,2017-02-23 13:35:55.149,8.025714204734497,27.245934437358343,1.615428522840698,0.1980053687179109,8.185569178769832
7.676,1487856960719,,,,,,,2017-02-23 13:36:00.719,7.932301608090361,27.240636372927803,1.5593809648542165,0.17656895741299283,8.186310907790107
7.522,1487856966318,,,,,,,2017-02-23 13:36:06.318,7.571035128947565,27.240636372927803,1.342621077368539,0.103520801551657,8.186310907790107
7.83,1487856971808,,,,,,,2017-02-23 13:36:11.808,8.306645592131858,27.240636372927803,1.7839873552791148,0.2687836685250249,8.186310907790107
7.522,1487856983108,,,,,,,2017-02-23 13:36:23.108,8.356406597307554,27.240636372927803,1.8138439583845325,0.28230787033161353,8.186310907790107
7.208,1487856994257,,,,,,,2017-02-23 13:36:34.257,7.539137305293526,27.240636372927803,1.3234823831761156,0.09782352023042477,8.186310907790107
7.208,1487856999438,,,,,,,2017-02-23 13:36:39.438,8.228136856118338,27.240636372927803,1.7368821136710029,0.24805053612662803,8.186310907790107
7.208,1487857004737,,,,,,,2017-02-23 13:36:44.737,7.557666599234184,27.240636372927803,1.3345999595405105,0.10111818126831386,8.186310907790107
6.854,1487857010509,,,,,,,2017-02-23 13:36:50.509,8.280401315272973,27.240636372927803,1.7682407891637841,0.26177059899973865,8.186310907790107
6.639,1487857021838,,,,,,,2017-02-23 13:37:01.838,7.792901546993829,27.235286130731268,1.4757409281962977,0.14652654505682136,8.187059941697623
6.808,1487857027129,,,,,,,2017-02-23 13:37:07.129,8.205185688737618,27.235286130731268,1.7231114132425709,0.2421291497988913,8.187059941697623
6.801,1487857032528,,,,,,,2017-02-23 13:37:12.528,8.130733348833772,27.235286130731268,1.678440009300263,0.22335560943927263,8.187059941697623
7.077,1487857038319,,,,,,,2017-02-23 13:37:18.319,7.786541991391603,27.235286130731268,1.4719251948349619,0.1452116012891957,8.187059941697623
6.34,1487857050038,,,,,,,2017-02-23 13:37:30.038,7.943700021415372,27.235286130731268,1.5662200128492234,0.1791285862236842,8.187059941697623
8.605,1487857054718,,,,,,,2017-02-23 13:37:34.718,8.119705698960786,27.235286130731268,1.6718234193764716,0.22063148942072375,8.187059941697623
8.298,1487857060417,,,,,,,2017-02-23 13:37:40.417,7.94031769815688,27.235286130731268,1.564190618894128,0.17836742460159377,8.187059941697623
7.016,1487857082528,,,,,,,2017-02-23 13:38:02.528,7.978221934330484,27.22988381262963,1.5869331605982901,0.18697594581333055,8.18781626623185
9.381,1487857088199,,,,,,,2017-02-23 13:38:08.199,7.755101313669655,27.22988381262963,1.4530607882017932,0.13878202676533977,8.18781626623185
6.854,1487857093358,,,,,,,2017-02-23 13:38:13.358,8.07082116733883,27.22988381262963,1.6424927004032976,0.2087314490872025,8.18781626623185
6.816,1487857098409,,,,,,,2017-02-23 13:38:18.409,8.047291714754959,27.22988381262963,1.6283750288529752,0.2031058682002183,8.18781626623185
6.939,1487857113699,,,,,,,2017-02-23 13:38:33.699,8.375506687153077,27.22988381262963,1.8253040122918462,0.2875778677453147,8.18781626623185
7.208,1487857129047,,,,,,,2017-02-23 13:38:49.047,8.111666934157569,27.22988381262963,1.667000160494541,0.21865489897560497,8.18781626623185
6.524,1487857139368,,,,,,,2017-02-23 13:38:59.368,8.100783306549683,27.22988381262963,1.66046998392981,0.21599116361227177,8.18781626623185
6.424,1487857144478,,,,,,,2017-02-23 13:39:04.478,7.743200232064737,27.224429521475244,1.4459201392388423,0.1363792210877153,8.188579866993464
6.678,1487857154647,,,,,,,2017-02-23 13:39:14.647,8.036105508080732,27.224429521475244,1.6216633048484392,0.20045469433755594,8.188579866993464
7.361,1487857180248,,,,,,,2017-02-23 13:39:40.248,8.307743861354762,27.224429521475244,1.7846463168128572,0.26907895288639716,8.188579866993464
6.593,1487857196789,,,,,,,2017-02-23 13:39:56.789,8.30540051616561,27.224429521475244,1.7832403096993663,0.26844908826687486,8.188579866993464
7.208,1487857201868,,,,,,,2017-02-23 13:40:01.868,8.14247355906078,27.21892336110995,1.6854841354364685,0.22627178860398786,8.189350729444605
6.731,1487857207019,,,,,,,2017-02-23 13:40:07.019,8.076674487075344,27.21892336110995,1.6460046922452065,0.2101412196195759,8.189350729444605
7.676,1487857217198,,,,,,,2017-02-23 13:40:17.198,8.216477930181997,27.21892336110995,1.729886758109198,0.24503464145757614,8.189350729444605
7.008,1487857222299,,,,,,,2017-02-23 13:40:22.299,8.099937354590109,27.21892336110995,1.6599624127540653,0.21578471475545344,8.189350729444605
10.779,1487857227338,,,,,,,2017-02-23 13:40:27.338,8.351251872463164,27.21892336110995,1.8107511234778986,0.2808931070859869,8.189350729444605
6.77,1487857232508,,,,,,,2017-02-23 13:40:32.508,7.723690861246236,27.21892336110995,1.4342145167477414,0.13247708421865748,8.189350729444605
7.676,1487857237628,,,,,,,2017-02-23 13:40:37.628,7.866702872518603,27.21892336110995,1.520021723511162,0.16214115387600347,8.189350729444605
7.369,1487857242789,,,,,,,2017-02-23 13:40:42.789,7.719858127819959,27.21892336110995,1.4319148766919756,0.13171585376714287,8.189350729444605
7.031,1487857248419,,,,,,,2017-02-23 13:40:48.419,7.580598728908208,27.21892336110995,1.3483592373449247,0.10525275067830887,8.189350729444605
7.208,1487857254068,,,,,,,2017-02-23 13:40:54.068,7.602442269006137,27.21892336110995,1.3614653614036825,0.10924973537780318,8.189350729444605
8.298,1487857259647,,,,,,,2017-02-23 13:40:59.647,8.172272551619503,27.21892336110995,1.7033635309717021,0.23374790189821446,8.189350729444605
9.535,1487857265338,,,,,,,2017-02-23 13:41:05.338,7.680487172573915,27.213365436363105,1.4082923035443486,0.12399833085053687,8.190128838909164
7.983,1487857270459,,,,,,,2017-02-23 13:41:10.459,7.7945269768682115,27.213365436363105,1.4767161861209268,0.14686340842752008,8.190128838909164
6.939,1487857280649,,,,,,,2017-02-23 13:41:20.649,7.517549320049883,27.213365436363105,1.31052959202993,0.09403696176663273,8.190128838909164
6.693,1487857285699,,,,,,,2017-02-23 13:41:25.699,8.289333282080952,27.213365436363105,1.7735999692485709,0.2641481463299649,8.190128838909164
8.298,1487857297009,,,,,,,2017-02-23 13:41:37.009,8.275831088978103,27.213365436363105,1.765498653386862,0.26055778002173074,8.190128838909164
6.923,1487857302588,,,,,,,2017-02-23 13:41:42.588,8.344922710859118,27.213365436363105,1.8069536265154706,0.2791603695072995,8.190128838909164
7.522,1487857308099,,,,,,,2017-02-23 13:41:48.099,8.382935582555733,27.213365436363105,1.82976134953344,0.28963943477616805,8.190128838909164
9.688,1487857313208,,,,,,,2017-02-23 13:41:53.208,7.9026644036518805,27.213365436363105,1.5415986421911283,0.16998659474622294,8.190128838909164
6.655,1487857318318,,,,,,,2017-02-23 13:41:58.318,7.870600894066575,27.213365436363105,1.5223605364399448,0.16298405514042758,8.190128838909164
6.762,1487857323409,,,,,,,2017-02-23 13:42:03.409,7.561202608887704,27.207755853049584,1.336721565332622,0.10175159428876468,8.190914180573058
6.67,1487857328498,,,,,,,2017-02-23 13:42:08.498,8.365472177985607,27.207755853049584,1.8192833067913643,0.2848037400655535,8.190914180573058
6.455,1487857348938,,,,,,,2017-02-23 13:42:28.938,8.017950299727742,27.207755853049584,1.6107701798366452,0.1961838023324551,8.190914180573058
7.208,1487857354057,,,,,,,2017-02-23 13:42:34.057,7.688486531759328,27.207755853049584,1.413091919055597,0.12555131382188411,8.190914180573058
7.085,1487857369339,,,,,,,2017-02-23 13:42:49.339,7.764854768498374,27.207755853049584,1.4589128610990243,0.14076390308549996,8.190914180573058
7.054,1487857374788,,,,,,,2017-02-23 13:42:54.788,7.938955913086452,27.207755853049584,1.5633735478518709,0.17806135466888334,8.190914180573058
7.83,1487857380021,,,,,,,2017-02-23 13:43:00.021,8.255161434745727,27.202094717967764,1.753096860847436,0.2551038943278985,8.191706739484513
7.039,1487857390139,,,,,,,2017-02-23 13:43:10.139,7.9806237325547995,27.202094717967764,1.5883742395328797,0.18752723233712,8.191706739484513
6.424,1487857395281,,,,,,,2017-02-23 13:43:15.281,8.093661490479207,27.202094717967764,1.656196894287524,0.21425581427910312,8.191706739484513
6.593,1487857405409,,,,,,,2017-02-23 13:43:25.409,8.051444300543858,27.202094717967764,1.630866580326315,0.20409386868968193,8.191706739484513
7.522,1487857410519,,,,,,,2017-02-23 13:43:30.519,7.557992811068198,27.202094717967764,1.3347956866409187,0.10117655347186555,8.191706739484513
7.676,1487857420719,,,,,,,2017-02-23 13:43:40.719,8.21560842105997,27.202094717967764,1.7293650526359823,0.2448103731598316,8.191706739484513
9.688,1487857436099,,,,,,,2017-02-23 13:43:56.099,8.188913357806126,27.202094717967764,1.7133480146836753,0.23796919441647627,8.191706739484513
6.87,1487857441209,,,,,,,2017-02-23 13:44:01.209,8.014584026402108,27.1963821388975,1.6087504158412649,0.19539625575485495,8.192506500554348
6.747,1487857451411,,,,,,,2017-02-23 13:44:11.411,8.29056765900662,27.1963821388975,1.7743405954039715,0.26447747075717093,8.192506500554348
7.522,1487857456519,,,,,,,2017-02-23 13:44:16.519,8.040266147953023,27.1963821388975,1.624159688771814,0.20143902808535988,8.192506500554348
7.522,1487857461609,,,,,,,2017-02-23 13:44:21.609,7.820485766115332,27.1963821388975,1.492291459669199,0.15228621934878894,8.192506500554348
6.931,1487857466719,,,,,,,2017-02-23 13:44:26.719,8.051176026015819,27.1963821388975,1.6307056156094912,0.2040299771739963,8.192506500554348
7.092,1487857471830,,,,,,,2017-02-23 13:44:31.830,7.660140009871148,27.1963821388975,1.3960840059226887,0.12008277106352928,8.192506500554348
7.522,1487857482009,,,,,,,2017-02-23 13:44:42.009,8.195505977190404,27.1963821388975,1.7173035863142423,0.23965074193520422,8.192506500554348
7.638,1487857487110,,,,,,,2017-02-23 13:44:47.110,8.38510837030617,27.1963821388975,1.8310650221837022,0.290243649323824,8.192506500554348
6.893,1487857492301,,,,,,,2017-02-23 13:44:52.301,7.647677622995398,27.1963821388975,1.3886065737972388,0.11770907197522276,8.192506500554348
6.862,1487857497339,,,,,,,2017-02-23 13:44:57.339,7.7158765866968615,27.1963821388975,1.429525952018117,0.13092693495289345,8.192506500554348
7.269,1487857502489,,,,,,,2017-02-23 13:45:02.489,8.358016646732974,27.190618224598065,1.8148099880397843,0.2827504172023254,8.19331344855627
7.83,1487857507539,,,,,,,2017-02-23 13:45:07.539,8.146821706811567,27.190618224598065,1.6880930240869398,0.22735603279574715,8.19331344855627
7.553,1487857522849,,,,,,,2017-02-23 13:45:22.849,7.662438768243122,27.190618224598065,1.3974632609458735,0.12052264934351763,8.19331344855627
7.676,1487857538229,,,,,,,2017-02-23 13:45:38.229,7.984800776197978,27.190618224598065,1.5908804657187865,0.18848764106218188,8.19331344855627
10.617,1487857543339,,,,,,,2017-02-23 13:45:43.339,8.050850937124267,27.190618224598065,1.63051056227456,0.20395256648121485,8.19331344855627
6.762,1487857548499,,,,,,,2017-02-23 13:45:48.499,7.964638238791904,27.190618224598065,1.5787829432751426,0.18387109864906612,8.19331344855627
6.885,1487857553540,,,,,,,2017-02-23 13:45:53.540,8.147255888522034,27.190618224598065,1.6883535331132205,0.22746442393937677,8.19331344855627
6.985,1487857558649,,,,,,,2017-02-23 13:45:58.649,7.908152693286807,27.190618224598065,1.5448916159720842,0.17119758050756728,8.19331344855627
6.778,1487857568862,,,,,,,2017-02-23 13:46:08.862,7.778087836828907,27.184803084806074,1.466852702097344,0.14347107863410283,8.194127568127149
6.701,1487857584218,,,,,,,2017-02-23 13:46:24.218,8.120880575794203,27.184803084806074,1.6725283454765218,0.22092102040051542,8.194127568127149
7.208,1487857589239,,,,,,,2017-02-23 13:46:29.239,7.530863770691098,27.184803084806074,1.3185182624146585,0.09636572289934517,8.194127568127149
6.708,1487857599538,,,,,,,2017-02-23 13:46:39.538,8.368883620575797,27.184803084806074,1.8213301723454784,0.2857455075053315,8.194127568127149
8.145,1487857614918,,,,,,,2017-02-23 13:46:54.918,7.85353985072466,27.184803084806074,1.5121239104347959,0.15930827988766644,8.194127568127149
7.031,1487857625629,,,,,,,2017-02-23 13:47:05.629,8.121140511777076,27.17893683023341,1.6726843070662456,0.2209851001478984,8.194948843767321
7.522,1487857631440,,,,,,,2017-02-23 13:47:11.440,7.822733133267617,27.17893683023341,1.4936398799605701,0.15275949944055414,8.194948843767321
6.946,1487857637199,,,,,,,2017-02-23 13:47:17.199,7.863322412750951,27.17893683023341,1.5179934476505705,0.16141164552959392,8.194948843767321
8.605,1487857642929,,,,,,,2017-02-23 13:47:22.929,7.775242938704171,27.17893683023341,1.4651457632225025,0.14288730597550786,8.194948843767321
7.522,1487857653119,,,,,,,2017-02-23 13:47:33.119,7.690909145229934,27.17893683023341,1.4145454871379606,0.12602315108349416,8.194948843767321
6.923,1487857663399,,,,,,,2017-02-23 13:47:43.399,8.211253066125142,27.17893683023341,1.7267518396750852,0.24368838281786936,8.194948843767321
6.954,1487857673539,,,,,,,2017-02-23 13:47:53.539,7.709977482336907,27.17893683023341,1.4259864894021441,0.12976155954726074,8.194948843767321
6.678,1487857678629,,,,,,,2017-02-23 13:47:58.629,7.933254670124075,27.17893683023341,1.559952802074445,0.17678237981240022,8.194948843767321
6.609,1487857683789,,,,,,,2017-02-23 13:48:03.789,8.10642154105886,27.173019572565103,1.6638529246353153,0.21736933018973587,8.195777259840884
7.369,1487857699139,,,,,,,2017-02-23 13:48:19.139,8.082091184219776,27.173019572565103,1.6492547105318653,0.21144949249058426,8.195777259840884
6.616,1487857714427,,,,,,,2017-02-23 13:48:34.427,7.985885165552745,27.173019572565103,1.5915310993316472,0.18873731212132536,8.195777259840884
6.662,1487857719477,,,,,,,2017-02-23 13:48:39.477,8.103351133470733,27.173019572565103,1.6620106800824397,0.2166183503725912,8.195777259840884
6.785,1487857724599,,,,,,,2017-02-23 13:48:44.599,7.503860112614668,27.173019572565103,1.302316067568801,0.09166483339788684,8.195777259840884
9.535,1487857729739,,,,,,,2017-02-23 13:48:49.739,7.823966656835258,27.173019572565103,1.4943799941011546,0.15301952866012516,8.195777259840884
7.522,1487857734818,,,,,,,2017-02-23 13:48:54.818,8.031812150617085,27.173019572565103,1.6190872903702513,0.1994411397187769,8.195777259840884
7.208,1487857739869,,,,,,,2017-02-23 13:48:59.869,7.816806867291998,27.173019572565103,1.4900841203751987,0.15151277664402582,8.195777259840884
6.562,1487857744947,,,,,,,2017-02-23 13:49:04.947,7.608542307897973,27.16705142445721,1.3651253847387836,0.11037616291468041,8.19661280057599
7.054,1487857750119,,,,,,,2017-02-23 13:49:10.119,7.836649262925125,27.16705142445721,1.5019895577550748,0.15570363679680324,8.19661280057599
6.562,1487857755158,,,,,,,2017-02-23 13:49:15.158,7.726286563388261,27.16705142445721,1.4357719380329568,0.13299362542898513,8.19661280057599
6.539,1487857770439,,,,,,,2017-02-23 13:49:30.439,8.379808749306084,27.16705142445721,1.8278852495836506,0.28877091100197877,8.19661280057599
6.808,1487857775539,,,,,,,2017-02-23 13:49:35.539,8.158180914262472,27.16705142445721,1.6949085485574829,0.2301992442071081,8.19661280057599
10.157,1487857785739,,,,,,,2017-02-23 13:49:45.739,7.93112258206134,27.16705142445721,1.5586735492368038,0.17630508496034467,8.19661280057599
7.676,1487857821540,,,,,,,2017-02-23 13:50:21.540,7.792826751373081,27.161032499534667,1.4756960508238486,0.14651105161535266,8.197455450065146
10.464,1487857826690,,,,,,,2017-02-23 13:50:26.690,7.70772342204559,27.161032499534667,1.424634053227354,0.1293173697958213,8.197455450065146
6.647,1487857831799,,,,,,,2017-02-23 13:50:31.799,7.895641219134388,27.161032499534667,1.5373847314806328,0.16844220814780347,8.197455450065146
6.747,1487857836839,,,,,,,2017-02-23 13:50:36.839,8.327503967755664,27.161032499534667,1.7965023806533984,0.27441645145305626,8.197455450065146
7.522,1487857841948,,,,,,,2017-02-23 13:50:41.948,8.286809943159179,27.161032499534667,1.7720859658955073,0.2634755034226278,8.197455450065146
6.808,1487857847069,,,,,,,2017-02-23 13:50:47.069,8.106856915824828,27.161032499534667,1.6641141494948968,0.21747590849893578,8.197455450065146
7.208,1487857852228,,,,,,,2017-02-23 13:50:52.228,8.205124904501634,27.161032499534667,1.7230749427009804,0.2421135514311874,8.197455450065146
10.31,1487857867629,,,,,,,2017-02-23 13:51:07.629,8.329912802430766,27.154962912389127,1.7979476814584592,0.2750703175964009,8.198305192265522
6.824,1487857872741,,,,,,,2017-02-23 13:51:12.741,7.567710174175987,27.154962912389127,1.3406261045055925,0.1029212300194864,8.198305192265522
7.522,1487857898429,,,,,,,2017-02-23 13:51:38.429,7.68868624669201,27.154962912389127,1.4132117480152058,0.12559018441246875,8.198305192265522
7.208,1487857908629,,,,,,,2017-02-23 13:51:48.629,8.125755671640974,27.154962912389127,1.6754534029845842,0.2221241851576983,8.198305192265522
8.759,1487857913719,,,,,,,2017-02-23 13:51:53.719,8.123834094926636,27.154962912389127,1.6743004569559816,0.22164960300695746,8.198305192265522
6.655,1487857918848,,,,,,,2017-02-23 13:51:58.848,7.931618978357881,27.154962912389127,1.5589713870147288,0.17641616082627767,8.198305192265522
9.074,1487857923957,,,,,,,2017-02-23 13:52:03.957,8.300270302681863,27.148842778576782,1.7801621816091178,0.2670724455025517,8.199162010999249
6.616,1487857929120,,,,,,,2017-02-23 13:52:09.120,7.707733716216173,27.148842778576782,1.4246402297297036,0.1293193970003606,8.199162010999249
6.478,1487857934118,,,,,,,2017-02-23 13:52:14.118,8.237648303352293,27.148842778576782,1.7425889820113756,0.25052300934290533,8.199162010999249
6.754,1487857939298,,,,,,,2017-02-23 13:52:19.298,8.297536969754434,27.148842778576782,1.7785221818526604,0.2663402718852678,8.199162010999249
9.849,1487857944379,,,,,,,2017-02-23 13:52:24.379,7.571984601653828,27.148842778576782,1.3431907609922966,0.10369225845697398,8.199162010999249
7.169,1487857949477,,,,,,,2017-02-23 13:52:29.477,8.119323111983933,27.148842778576782,1.6715938671903596,0.22053724228348423,8.199162010999249
6.562,1487857960027,,,,,,,2017-02-23 13:52:40.027,8.02238260965216,27.148842778576782,1.613429565791296,0.19722282431219162,8.199162010999249
7.83,1487857965629,,,,,,,2017-02-23 13:52:45.629,7.817008348783068,27.148842778576782,1.4902050092698407,0.15155509358257768,8.199162010999249
10.157,1487857971239,,,,,,,2017-02-23 13:52:51.239,8.339019130461615,27.148842778576782,1.8034114782769692,0.2775484765162317,8.199162010999249
7.522,1487857981519,,,,,,,2017-02-23 13:53:01.519,7.778702355978131,27.14267221461616,1.4672214135868789,0.14359730542190427,8.200025889953737
7.269,1487857986629,,,,,,,2017-02-23 13:53:06.629,7.93844949531835,27.14267221461616,1.56306969719101,0.1779475907914512,8.200025889953737
9.381,1487857996809,,,,,,,2017-02-23 13:53:16.809,7.587261386995679,27.14267221461616,1.3523568321974073,0.10646583154288135,8.200025889953737
6.885,1487858001920,,,,,,,2017-02-23 13:53:21.920,8.303074057565375,27.14267221461616,1.781844434539225,0.26782441441731547,8.200025889953737
6.993,1487858007029,,,,,,,2017-02-23 13:53:27.029,7.8246273189468765,27.14267221461616,1.4947763913681258,0.153158872631261,8.200025889953737
7.369,1487858012129,,,,,,,2017-02-23 13:53:32.129,8.127239117922642,27.14267221461616,1.6763434707535851,0.2224908629458368,8.200025889953737
6.647,1487858022409,,,,,,,2017-02-23 13:53:42.409,7.92624845824439,27.14267221461616,1.555749074946634,0.17521599970737828,8.200025889953737
6.67,1487858032609,,,,,,,2017-02-23 13:53:52.609,8.10806238622001,27.14267221461616,1.6648374317320056,0.21777112236197588,8.200025889953737
6.655,1487858042811,,,,,,,2017-02-23 13:54:02.811,7.988681596574444,27.136451337985896,1.5932089579446662,0.18938181678063717,8.200896812681973
6.962,1487858047899,,,,,,,2017-02-23 13:54:07.899,8.350674926449035,27.136451337985896,1.8104049558694206,0.28073495717857816,8.200896812681973
9.535,1487858052989,,,,,,,2017-02-23 13:54:12.989,7.621117833392487,27.136451337985896,1.3726707000354925,0.11271243911744927,8.200896812681973
7.046,1487858058099,,,,,,,2017-02-23 13:54:18.099,8.140617450428024,27.136451337985896,1.6843704702568147,0.22580964454119434,8.200896812681973
7.676,1487858068319,,,,,,,2017-02-23 13:54:28.319,8.307752887745641,27.136451337985896,1.7846517326473847,0.2690813803519357,8.200896812681973
6.716,1487858083599,,,,,,,2017-02-23 13:54:43.599,8.068426851867503,27.136451337985896,1.641056111120502,0.20815596367665062,8.200896812681973
9.381,1487858088719,,,,,,,2017-02-23 13:54:48.719,7.930997330801636,27.136451337985896,1.558598398480982,0.1762770628473696,8.200896812681973
6.609,1487858093840,,,,,,,2017-02-23 13:54:53.840,7.948667510910633,27.136451337985896,1.5692005065463799,0.18024896399743354,8.200896812681973
6.463,1487858098942,,,,,,,2017-02-23 13:54:58.942,8.290759647587626,27.136451337985896,1.7744557885525754,0.264528708600246,8.200896812681973
9.849,1487858109208,,,,,,,2017-02-23 13:55:09.208,7.504879254661306,27.130180267122523,1.3029275527967836,0.09184066022930765,8.201774762602845
6.655,1487858121320,,,,,,,2017-02-23 13:55:21.320,7.939693148370377,27.130180267122523,1.5638158890222265,0.17822702540313623,8.201774762602845
7.169,1487858124368,,,,,,,2017-02-23 13:55:24.368,7.607556371469869,27.130180267122523,1.3645338228819213,0.1101937982754433,8.201774762602845
6.616,1487858129527,,,,,,,2017-02-23 13:55:29.527,8.093469159768567,27.130180267122523,1.65608149586114,0.21420903409597805,8.201774762602845
10.157,1487858144828,,,,,,,2017-02-23 13:55:44.828,7.986360547962091,27.130180267122523,1.5918163287772547,0.1888468092063188,8.201774762602845
6.616,1487858150008,,,,,,,2017-02-23 13:55:50.008,7.814625867855708,27.130180267122523,1.4887755207134246,0.15105501547461916,8.201774762602845
7.208,1487858155027,,,,,,,2017-02-23 13:55:55.027,7.894841879468844,27.130180267122523,1.5369051276813064,0.16826680985559053,8.201774762602845
6.516,1487858160057,,,,,,,2017-02-23 13:56:00.057,7.927582680177067,27.12385912141819,1.55654960810624,0.17551383789369973,8.202659723001453
6.493,1487858165217,,,,,,,2017-02-23 13:56:05.217,8.206010647947608,27.12385912141819,1.7236063887685646,0.24234089354791255,8.202659723001453
6.747,1487858175412,,,,,,,2017-02-23 13:56:15.412,8.310445348167889,27.12385912141819,1.7862672089007332,0.2698058996268951,8.202659723001453
6.954,1487858180519,,,,,,,2017-02-23 13:56:20.519,7.5373545843627054,27.12385912141819,1.3224127506176233,0.09750871040875998,8.202659723001453
7.522,1487858185629,,,,,,,2017-02-23 13:56:25.629,8.366812092198465,27.12385912141819,1.8200872553190792,0.2851734720490249,8.202659723001453
10.31,1487858195829,,,,,,,2017-02-23 13:56:35.829,7.7492404792061045,27.12385912141819,1.4495442875236626,0.1375966114119433,8.202659723001453
7.522,1487858216309,,,,,,,2017-02-23 13:56:56.309,7.87995270056275,27.12385912141819,1.52797162033765,0.1650137077766887,8.202659723001453
7.522,1487858226539,,,,,,,2017-02-23 13:57:06.539,8.099904300461713,27.117488021218392,1.6599425802770278,0.21577664986216202,8.203551677029424
10.157,1487858231699,,,,,,,2017-02-23 13:57:11.699,7.690027274935278,27.117488021218392,1.4140163649611668,0.12585131320202747,8.203551677029424
9.688,1487858236739,,,,,,,2017-02-23 13:57:16.739,7.564342738098154,27.117488021218392,1.3386056428588924,0.10231535022964056,8.203551677029424
7.246,1487858246989,,,,,,,2017-02-23 13:57:26.989,7.97029907838306,27.117488021218392,1.5821794470298358,0.18516231486956364,8.203551677029424
10.464,1487858252029,,,,,,,2017-02-23 13:57:32.029,8.138611846005947,27.117488021218392,1.6831671076035684,0.22531074290457032,8.203551677029424
6.801,1487858257189,,,,,,,2017-02-23 13:57:37.189,7.690310131232714,27.117488021218392,1.4141860787396283,0.12590641933501556,8.203551677029424
6.793,1487858267349,,,,,,,2017-02-23 13:57:47.349,8.279656023910768,27.117488021218392,1.7677936143464605,0.26157264704987293,8.203551677029424
6.862,1487858277539,,,,,,,2017-02-23 13:57:57.539,8.211034351090452,27.117488021218392,1.7266206106542714,0.2436320992933951,8.203551677029424
7.522,1487858287829,,,,,,,2017-02-23 13:58:07.829,7.836921303962558,27.1110670878197,1.5021527823775345,0.15576142218538971,8.204450607705242
6.916,1487858293219,,,,,,,2017-02-23 13:58:13.219,7.953433684319418,27.1110670878197,1.572060210591651,0.1813267200674689,8.204450607705242
7.208,1487858304259,,,,,,,2017-02-23 13:58:24.259,8.082027614673198,27.1110670878197,1.6492165688039186,0.21143411837832038,8.204450607705242
8.452,1487858309377,,,,,,,2017-02-23 13:58:29.377,8.101376225390378,27.1110670878197,1.660825735234227,0.21613591263503185,8.204450607705242
6.701,1487858314537,,,,,,,2017-02-23 13:58:34.537,8.169078720364013,27.1110670878197,1.7014472322184075,0.2329415199452469,8.204450607705242
6.463,1487858319698,,,,,,,2017-02-23 13:58:39.698,8.217298646178518,27.1110670878197,1.7303791877071109,0.24524640801127726,8.204450607705242
6.516,1487858324807,,,,,,,2017-02-23 13:58:44.807,8.249886684232676,27.1110670878197,1.7499320105396055,0.2537203120393889,8.204450607705242
6.532,1487858329918,,,,,,,2017-02-23 13:58:49.918,8.35036814191218,27.1110670878197,1.8102208851473076,0.2806508790156452,8.204450607705242
6.417,1487858334970,,,,,,,2017-02-23 13:58:54.970,7.8140150242623285,27.1110670878197,1.4884090145573972,0.15092691030086877,8.204450607705242
6.639,1487858340089,,,,,,,2017-02-23 13:59:00.089,7.731880986745763,27.10459644346743,1.4391285920474577,0.13410965724112253,8.20535649791456
7.369,1487858345247,,,,,,,2017-02-23 13:59:05.247,7.599481380690467,27.10459644346743,1.35968882841428,0.10870459018500517,8.20535649791456
6.939,1487858350339,,,,,,,2017-02-23 13:59:10.339,7.898121169724418,27.10459644346743,1.5388727018346509,0.1689868691395643,8.20535649791456
7.676,1487858355511,,,,,,,2017-02-23 13:59:15.511,8.289522873226774,27.10459644346743,1.7737137239360645,0.2641987162359009,8.20535649791456
10.464,1487858360629,,,,,,,2017-02-23 13:59:20.629,7.722648621904187,27.10459644346743,1.4335891731425123,0.13226990749767023,8.20535649791456
9.381,1487858365739,,,,,,,2017-02-23 13:59:25.739,7.573336113870713,27.10459644346743,1.3440016683224278,0.10393650272162215,8.20535649791456
6.831,1487858376040,,,,,,,2017-02-23 13:59:36.040,7.758168556027566,27.10459644346743,1.4549011336165394,0.1394040518360228,8.20535649791456
7.522,1487858381119,,,,,,,2017-02-23 13:59:41.119,7.764598826280866,27.10459644346743,1.4587592957685198,0.14071175045246173,8.20535649791456
6.854,1487858386209,,,,,,,2017-02-23 13:59:46.209,8.094443919640977,27.10459644346743,1.6566663517845859,0.21444616859413568,8.20535649791456
6.77,1487858391320,,,,,,,2017-02-23 13:59:51.320,8.17536507590489,27.10459644346743,1.7052190455429344,0.23452987220076232,8.20535649791456
9.535,1487858396510,,,,,,,2017-02-23 13:59:56.510,8.152895133769263,27.10459644346743,1.691737080261558,0.22887428635028836,8.20535649791456
7.062,1487858401609,,,,,,,2017-02-23 14:00:01.609,7.934241990939569,27.098076211353316,1.5605451945637412,0.17700358884331543,8.206269330410535
6.885,1487858406699,,,,,,,2017-02-23 14:00:06.699,8.140634843753066,27.098076211353316,1.6843809062518396,0.2258139733073583,8.206269330410535
7.676,1487858411740,,,,,,,2017-02-23 14:00:11.740,7.847680320787918,27.098076211353316,1.508608192472751,0.15805391150331335,8.206269330410535
8.452,1487858416869,,,,,,,2017-02-23 14:00:16.869,7.865958735294603,27.098076211353316,1.5195752411767618,0.16198045022697727,8.206269330410535
10.31,1487858427189,,,,,,,2017-02-23 14:00:27.189,8.37633495422047,27.098076211353316,1.825800972532282,0.28780738924523636,8.206269330410535
8.759,1487858432349,,,,,,,2017-02-23 14:00:32.349,8.003731990289795,27.098076211353316,1.602239194173877,0.19286665741232387,8.206269330410535
7.676,1487858442520,,,,,,,2017-02-23 14:00:42.520,7.920508878185542,27.098076211353316,1.5523053269113252,0.173937190045885,8.206269330410535
7.676,1487858447631,,,,,,,2017-02-23 14:00:47.631,7.62510099997675,27.098076211353316,1.3750605999860501,0.113456387607712,8.206269330410535
7.676,1487858452740,,,,,,,2017-02-23 14:00:52.740,8.22156849939424,27.098076211353316,1.7329410996365435,0.24634944785489246,8.206269330410535
7.983,1487858457829,,,,,,,2017-02-23 14:00:57.829,7.78677593825984,27.098076211353316,1.472065562955904,0.1452598877065812,8.206269330410535
7.369,1487858468969,,,,,,,2017-02-23 14:01:08.969,8.356522873552679,27.091506515613187,1.8139137241316075,0.28233982022619714,8.207189087814154
10.157,1487858473229,,,,,,,2017-02-23 14:01:13.229,8.255248214387088,27.091506515613187,1.7531489286322524,0.2551266847946721,8.207189087814154
7.369,1487858484309,,,,,,,2017-02-23 14:01:24.309,8.171338886599283,27.091506515613187,1.70280333195957,0.23351204253469865,8.207189087814154
7.676,1487858498849,,,,,,,2017-02-23 14:01:38.849,8.22756815892691,27.091506515613187,1.7365408953561463,0.2479030488884863,8.207189087814154
6.639,1487858503937,,,,,,,2017-02-23 14:01:43.937,7.908460929650913,27.091506515613187,1.5450765577905479,0.1712656997630344,8.207189087814154
7.208,1487858509050,,,,,,,2017-02-23 14:01:49.050,8.13281500519069,27.091506515613187,1.6796890031144138,0.22387147074046815,8.207189087814154
6.586,1487858514227,,,,,,,2017-02-23 14:01:54.227,8.009556778249642,27.091506515613187,1.6057340669497853,0.19422265247454779,8.207189087814154
7.208,1487858524460,,,,,,,2017-02-23 14:02:04.460,8.072508515623761,27.08488748132458,1.643505109374257,0.20913742471499033,8.208115752614559
6.678,1487858529647,,,,,,,2017-02-23 14:02:09.647,7.561585558872378,27.08488748132458,1.3369513353234266,0.10182028298974635,8.208115752614559
6.678,1487858534757,,,,,,,2017-02-23 14:02:14.757,7.561333235070634,27.08488748132458,1.3367999410423805,0.1017750223756029,8.208115752614559
8.912,1487858539867,,,,,,,2017-02-23 14:02:19.867,8.217312938574171,27.08488748132458,1.7303877631445026,0.2452500965455122,8.208115752614559
6.578,1487858545027,,,,,,,2017-02-23 14:02:25.027,8.205378078634899,27.08488748132458,1.7232268471809395,0.24217852355432237,8.208115752614559
6.662,1487858550037,,,,,,,2017-02-23 14:02:30.037,7.703638758814632,27.08488748132458,1.4221832552887794,0.1285139911616106,8.208115752614559
6.624,1487858565437,,,,,,,2017-02-23 14:02:45.437,7.608214202393153,27.08488748132458,1.364928521435892,0.11031546162759753,8.208115752614559
7.522,1487858570549,,,,,,,2017-02-23 14:02:50.549,8.275288038167677,27.08488748132458,1.765172822900606,0.2604138350923935,8.208115752614559
9.535,1487858576459,,,,,,,2017-02-23 14:02:56.459,8.249423257613884,27.08488748132458,1.7496539545683305,0.2535989134527445,8.208115752614559
9.074,1487858585808,,,,,,,2017-02-23 14:03:05.808,7.835479666473133,27.07821923450436,1.5012877998838796,0.15545529903039434,8.209049307169389
6.678,1487858590929,,,,,,,2017-02-23 14:03:10.929,7.613710692670663,27.07821923450436,1.368226415602398,0.11133404643701261,8.209049307169389
7.369,1487858601198,,,,,,,2017-02-23 14:03:21.198,7.6830475002018686,27.07821923450436,1.409828500121121,0.12449455327453059,8.209049307169389
6.808,1487858606278,,,,,,,2017-02-23 14:03:26.278,8.260492700858276,27.07821923450436,1.7562956205149653,0.2565056934311463,8.209049307169389
10.617,1487858611419,,,,,,,2017-02-23 14:03:31.419,8.07017659791552,27.07821923450436,1.6421059587493119,0.20857645601010041,8.209049307169389
7.223,1487858616529,,,,,,,2017-02-23 14:03:36.529,8.297997808303949,27.07821923450436,1.7787986849823691,0.2664636531517535,8.209049307169389
6.854,1487858626739,,,,,,,2017-02-23 14:03:46.739,8.104740860528617,27.07821923450436,1.6628445163171701,0.21695811851449565,8.209049307169389
7.522,1487858637718,,,,,,,2017-02-23 14:03:57.718,7.705604789728273,27.07821923450436,1.423362873836964,0.12890042360681545,8.209049307169389
7.208,1487858654248,,,,,,,2017-02-23 14:04:14.248,8.365991376287182,27.071501902106338,1.8195948257723091,0.28494698054962136,8.209989733705111
7.208,1487858664554,,,,,,,2017-02-23 14:04:24.554,7.956937936521947,27.071501902106338,1.5741627619131682,0.182120861751751,8.209989733705111
6.685,1487858669561,,,,,,,2017-02-23 14:04:29.561,7.94559961654861,27.071501902106338,1.567359769929166,0.17955667514245702,8.209989733705111
7.522,1487858679817,,,,,,,2017-02-23 14:04:39.817,8.300112928843369,27.071501902106338,1.7800677573060213,0.2670302656951983,8.209989733705111
6.785,1487858684880,,,,,,,2017-02-23 14:04:44.880,7.64192254779843,27.071501902106338,1.385153528679058,0.1166191987957458,8.209989733705111
10.003,1487858690053,,,,,,,2017-02-23 14:04:50.053,7.826659255735221,27.071501902106338,1.4959955534411324,0.15358776814790728,8.209989733705111
8.298,1487858700253,,,,,,,2017-02-23 14:05:00.253,8.13477428191031,27.06473561201884,1.6808645691461863,0.2243574798270584,8.210937014317361
7.361,1487858705322,,,,,,,2017-02-23 14:05:05.322,8.200764631273039,27.06473561201884,1.720458778763823,0.2409957806855569,8.210937014317361
8.298,1487858710360,,,,,,,2017-02-23 14:05:10.360,7.8569126216584415,27.06473561201884,1.5141475729950649,0.16003216809519805,8.210937014317361
6.985,1487858730809,,,,,,,2017-02-23 14:05:30.809,8.03688368650478,27.06473561201884,1.6221302119028678,0.20063863964891987,8.210937014317361
9.074,1487858735926,,,,,,,2017-02-23 14:05:35.926,7.833893534072739,27.06473561201884,1.5003361204436432,0.15511878138624605,8.210937014317361
8.298,1487858741031,,,,,,,2017-02-23 14:05:41.031,7.860243057089577,27.06473561201884,1.5161458342537464,0.16074830943028195,8.210937014317361
10.617,1487858751237,,,,,,,2017-02-23 14:05:51.237,8.178093253629354,27.06473561201884,1.7068559521776128,0.2352206672613076,8.210937014317361
10.157,1487858761433,,,,,,,2017-02-23 14:06:01.433,7.63619699557038,27.057920493062277,1.381718197342228,0.11553886053424922,8.21189113097128
6.862,1487858771613,,,,,,,2017-02-23 14:06:11.613,7.684721270587981,27.057920493062277,1.4108327623527885,0.12481937540959104,8.21189113097128
10.464,1487858781835,,,,,,,2017-02-23 14:06:21.835,7.708408137500541,27.057920493062277,1.4250448825003246,0.12945223675667974,8.21189113097128
7.522,1487858786926,,,,,,,2017-02-23 14:06:26.926,8.254764318577616,27.057920493062277,1.7528585911465693,0.25499961339122584,8.21189113097128
10.157,1487858792032,,,,,,,2017-02-23 14:06:32.032,8.059686386115088,27.057920493062277,1.6358118316690526,0.20606098945994908,8.21189113097128
6.793,1487858797143,,,,,,,2017-02-23 14:06:37.143,7.831182455654761,27.057920493062277,1.4987094733928568,0.15454429150863,8.21189113097128
8.452,1487858822846,,,,,,,2017-02-23 14:07:02.846,8.270678796080421,27.05105667498669,1.762407277648253,0.2591935013295105,8.212852065501863
6.923,1487858827951,,,,,,,2017-02-23 14:07:07.951,8.342386580433518,27.05105667498669,1.8054319482601104,0.2784674008882335,8.212852065501863
9.381,1487858833143,,,,,,,2017-02-23 14:07:13.143,8.333258810510257,27.05105667498669,1.799955286306154,0.2759797301253423,8.212852065501863
9.381,1487858843345,,,,,,,2017-02-23 14:07:23.345,7.7423829498069106,27.05105667498669,1.4454297698841463,0.13621483702821457,8.212852065501863
8.912,1487858848501,,,,,,,2017-02-23 14:07:28.501,7.741882486331722,27.05105667498669,1.4451294917990332,0.1361142158806971,8.212852065501863
7.208,1487858863850,,,,,,,2017-02-23 14:07:43.850,8.102700212410413,27.05105667498669,1.6616201274462479,0.21645928929696454,8.212852065501863
8.912,1487858874205,,,,,,,2017-02-23 14:07:54.205,7.610997076137861,27.05105667498669,1.3665982456827164,0.11083071815038129,8.212852065501863
6.724,1487858879127,,,,,,,2017-02-23 14:07:59.127,7.711552183747966,27.05105667498669,1.4269313102487797,0.13007223519156222,8.212852065501863
8.912,1487858899611,,,,,,,2017-02-23 14:08:19.611,8.298432010333945,27.044144288469276,1.7790592062003672,0.26657992628499294,8.213819799614301
6.609,1487858904718,,,,,,,2017-02-23 14:08:24.718,8.16291194004826,27.044144288469276,1.6977471640289563,0.23138798810381378,8.213819799614301
6.724,1487858914929,,,,,,,2017-02-23 14:08:34.929,7.702118689391537,27.044144288469276,1.4212712136349224,0.12821553245142558,8.213819799614301
9.849,1487858920002,,,,,,,2017-02-23 14:08:40.002,8.106837996561568,27.044144288469276,1.6641027979369407,0.21747127665284116,8.213819799614301
6.693,1487858925130,,,,,,,2017-02-23 14:08:45.130,7.932977810356011,27.044144288469276,1.5597866862136065,0.17672037043687502,8.213819799614301
6.516,1487858930224,,,,,,,2017-02-23 14:08:50.224,7.5862844557370765,27.044144288469276,1.3517706734422459,0.10628762682488778,8.213819799614301
7.369,1487858940367,,,,,,,2017-02-23 14:09:00.367,8.332845198550931,27.03718346511192,1.7997071191305585,0.2758672416357205,8.21479431488433
10.003,1487858950561,,,,,,,2017-02-23 14:09:10.561,8.046933960169628,27.03718346511192,1.628160376101777,0.20302084655638605,8.21479431488433
9.535,1487858960752,,,,,,,2017-02-23 14:09:20.752,8.284389126366587,27.03718346511192,1.7706334758199525,0.2628309078287814,8.21479431488433
7.238,1487858966025,,,,,,,2017-02-23 14:09:26.025,8.334598284946797,27.03718346511192,1.800758970968078,0.27634416284501706,8.21479431488433
6.969,1487858971318,,,,,,,2017-02-23 14:09:31.318,7.626570423500771,27.03718346511192,1.375942254100463,0.11373131716844258,8.21479431488433
7.522,1487858977119,,,,,,,2017-02-23 14:09:37.119,8.029582980150545,27.03718346511192,1.617749788090327,0.19891576055780177,8.21479431488433
7.676,1487858982608,,,,,,,2017-02-23 14:09:42.608,7.772500671601508,27.03718346511192,1.4635004029609047,0.1423255124768557,8.21479431488433
10.617,1487858987718,,,,,,,2017-02-23 14:09:47.718,7.532831112907258,27.03718346511192,1.3196986677443545,0.09671162433853205,8.21479431488433
6.616,1487858997930,,,,,,,2017-02-23 14:09:57.930,7.52247370084773,27.03718346511192,1.313484220508638,0.09489578057959713,8.21479431488433
7.522,1487859003188,,,,,,,2017-02-23 14:10:03.188,7.650451653572943,27.03017433743866,1.3902709921437657,0.11823582641831613,8.215775592758586
7.83,1487859008329,,,,,,,2017-02-23 14:10:08.329,8.05080125765048,27.03017433743866,1.6304807545902882,0.20394073784164368,8.215775592758586
6.785,1487859013498,,,,,,,2017-02-23 14:10:13.498,7.86022881321519,27.03017433743866,1.5161372879291137,0.16074524374523805,8.215775592758586
7.676,1487859023699,,,,,,,2017-02-23 14:10:23.699,7.62256039122882,27.03017433743866,1.373536234737292,0.11298165026124674,8.215775592758586
8.145,1487859028763,,,,,,,2017-02-23 14:10:28.763,7.967080558300827,27.03017433743866,1.5802483349804963,0.18442771090429902,8.215775592758586
8.298,1487859033917,,,,,,,2017-02-23 14:10:33.917,8.125021756080713,27.03017433743866,1.6750130536484278,0.22194287378033575,8.215775592758586
9.535,1487859038957,,,,,,,2017-02-23 14:10:38.957,7.63156962780217,27.03017433743866,1.3789417766813021,0.11466860999957337,8.215775592758586
7.676,1487859054317,,,,,,,2017-02-23 14:10:54.317,7.875383553602459,27.03017433743866,1.5252301321614756,0.16402073995853564,8.215775592758586
7.208,1487859059357,,,,,,,2017-02-23 14:10:59.357,7.80741552045464,27.03017433743866,1.484449312272784,0.14954572765118193,8.215775592758586
7.983,1487859064517,,,,,,,2017-02-23 14:11:04.517,8.123743951985167,27.023117038893176,1.6742463711911002,0.22162735079973325,8.216763614554955
6.547,1487859074648,,,,,,,2017-02-23 14:11:14.648,7.823798015215867,27.023117038893176,1.49427880912952,0.15298396789659316,8.216763614554955
6.708,1487859079758,,,,,,,2017-02-23 14:11:19.758,7.559702064003301,27.023117038893176,1.3358212384019805,0.10148261519534305,8.216763614554955
6.539,1487859089937,,,,,,,2017-02-23 14:11:29.937,7.661673990143916,27.023117038893176,1.3970043940863495,0.12037623505009681,8.216763614554955
7.208,1487859095117,,,,,,,2017-02-23 14:11:35.117,8.399798288469555,27.023117038893176,1.8398789730817326,0.2943435232127278,8.216763614554955
7.522,1487859110409,,,,,,,2017-02-23 14:11:50.409,7.902746826030724,27.023117038893176,1.5416480956184344,0.1700047544299539,8.216763614554955
7.208,1487859115468,,,,,,,2017-02-23 14:11:55.468,8.097604745099781,27.023117038893176,1.6585628470598688,0.2152159020391089,8.216763614554955
6.939,1487859120608,,,,,,,2017-02-23 14:12:00.608,7.693784452061957,27.016011703836273,1.416270671237174,0.1265840705863137,8.217758361462922
6.877,1487859125748,,,,,,,2017-02-23 14:12:05.748,8.37923847659883,27.016011703836273,1.8275430859592983,0.2886126358989088,8.217758361462922
7.522,1487859130829,,,,,,,2017-02-23 14:12:10.829,8.178606505957358,27.016011703836273,1.7071639035744148,0.23535072642032484,8.217758361462922
6.854,1487859141319,,,,,,,2017-02-23 14:12:21.319,7.723233767028057,27.016011703836273,1.433940260216834,0.13238620681331797,8.217758361462922
6.87,1487859151528,,,,,,,2017-02-23 14:12:31.528,8.12038985132845,27.016011703836273,1.6722339107970705,0.22080006848637376,8.217758361462922
8.145,1487859156628,,,,,,,2017-02-23 14:12:36.628,8.204165453136868,27.016011703836273,1.7224992718821208,0.2418673970630284,8.217758361462922
6.716,1487859161749,,,,,,,2017-02-23 14:12:41.749,8.320792357339913,27.016011703836273,1.7924754144039479,0.2725982910945218,8.217758361462922
6.747,1487859166899,,,,,,,2017-02-23 14:12:46.899,8.081853606697507,27.016011703836273,1.6491121640185042,0.21139203752958508,8.217758361462922
6.939,1487859172009,,,,,,,2017-02-23 14:12:52.009,8.14217939692594,27.016011703836273,1.6853076381555638,0.22619851894143148,8.217758361462922
6.801,1487859182208,,,,,,,2017-02-23 14:13:02.208,8.019841283208562,27.008858467543277,1.611904769925137,0.1966267982955481,8.21875981454394
6.793,1487859192419,,,,,,,2017-02-23 14:13:12.419,7.947862335466279,27.008858467543277,1.5687174012797676,0.18006716199195869,8.21875981454394
7.522,1487859197528,,,,,,,2017-02-23 14:13:17.528,8.276139874817709,27.008858467543277,1.765683924890625,0.2606396447855688,8.21875981454394
6.885,1487859202608,,,,,,,2017-02-23 14:13:22.608,7.557716488152639,27.008858467543277,1.3346298928915836,0.1011271075425344,8.21875981454394
7.261,1487859207702,,,,,,,2017-02-23 14:13:27.702,7.507490358263287,27.008858467543277,1.3044942149579724,0.09229170794930015,8.21875981454394
6.87,1487859217848,,,,,,,2017-02-23 14:13:37.848,7.623792679553887,27.008858467543277,1.3742756077323321,0.11321181853393643,8.21875981454394
6.862,1487859233218,,,,,,,2017-02-23 14:13:53.218,7.903912690299846,27.008858467543277,1.5423476141799073,0.17026171041468902,8.21875981454394
7.522,1487859238339,,,,,,,2017-02-23 14:13:58.339,7.648574926713698,27.008858467543277,1.3891449560282187,0.11787935792563488,8.21875981454394
6.946,1487859243459,,,,,,,2017-02-23 14:14:03.459,7.607158150119172,27.001657466201504,1.3642948900715033,0.11012017396871543,8.219767954731788
6.724,1487859248619,,,,,,,2017-02-23 14:14:08.619,8.399828817943353,27.001657466201504,1.8398972907660118,0.2943520707823367,8.219767954731788
6.762,1487859253718,,,,,,,2017-02-23 14:14:13.718,7.964238543844401,27.001657466201504,1.578543126306641,0.18378007507668329,8.219767954731788
7.522,1487859258848,,,,,,,2017-02-23 14:14:18.848,8.114023610371987,27.001657466201504,1.6684141662231924,0.21923356062963678,8.219767954731788
7.208,1487859279237,,,,,,,2017-02-23 14:14:39.237,8.036249543292016,27.001657466201504,1.6217497259752092,0.20048873580708038,8.219767954731788
8.605,1487859304967,,,,,,,2017-02-23 14:15:04.967,7.782458649560271,26.994408836907635,1.4694751897361624,0.14436986104705127,8.22078276283293
7.522,1487859310688,,,,,,,2017-02-23 14:15:10.688,7.912036919417442,26.994408836907635,1.5472221516504652,0.172056815517581,8.22078276283293
7.246,1487859321419,,,,,,,2017-02-23 14:15:21.419,8.206606012239286,26.994408836907635,1.7239636073435713,0.24249375749711952,8.22078276283293
6.801,1487859326458,,,,,,,2017-02-23 14:15:26.458,7.670418599995927,26.994408836907635,1.4022511599975565,0.12205454915277383,8.22078276283293
9.074,1487859331539,,,,,,,2017-02-23 14:15:31.539,7.987663874905034,26.994408836907635,1.5925983249430204,0.18914714977690944,8.22078276283293
6.801,1487859341739,,,,,,,2017-02-23 14:15:41.739,8.303222853409858,26.994408836907635,1.7819337120459149,0.26786434792088815,8.22078276283293
7.83,1487859346849,,,,,,,2017-02-23 14:15:46.849,7.9492638179746145,26.994408836907635,1.5695582907847685,0.18038365538010132,8.22078276283293
10.464,1487859352009,,,,,,,2017-02-23 14:15:52.009,7.543632171545371,26.994408836907635,1.3261793029272229,0.09861895948942977,8.22078276283293
7.353,1487859357179,,,,,,,2017-02-23 14:15:57.179,8.253347868592721,26.994408836907635,1.7520087211556326,0.2546278140647398,8.22078276283293
6.916,1487859362308,,,,,,,2017-02-23 14:16:02.308,7.910490743937573,26.987112717665127,1.5462944463625439,0.17171456700876794,8.22180421952688
10.31,1487859372488,,,,,,,2017-02-23 14:16:12.488,7.718402343182727,26.987112717665127,1.4310414059096361,0.13142717803789136,8.22180421952688
6.839,1487859377609,,,,,,,2017-02-23 14:16:17.609,7.794742388763856,26.987112717665127,1.4768454332583136,0.1469080754114367,8.22180421952688
6.662,1487859382718,,,,,,,2017-02-23 14:16:22.718,8.069705716112205,26.987112717665127,1.641823429667323,0.20846325934955448,8.22180421952688
7.346,1487859387829,,,,,,,2017-02-23 14:16:27.829,8.340066816676416,26.987112717665127,1.8040400900058493,0.2778342278571943,8.22180421952688
8.298,1487859403118,,,,,,,2017-02-23 14:16:43.118,8.212973307576872,26.987112717665127,1.7277839845461234,0.2441312651422484,8.22180421952688
10.003,1487859408229,,,,,,,2017-02-23 14:16:48.229,8.077878235893753,26.987112717665127,1.6467269415362515,0.21043165190490598,8.22180421952688
7.361,1487859413319,,,,,,,2017-02-23 14:16:53.319,8.08890361212301,26.987112717665127,1.6533421672738062,0.2130998691474495,8.22180421952688
7.031,1487859418429,,,,,,,2017-02-23 14:16:58.429,8.190045217262556,26.987112717665127,1.7140271303575334,0.2382575214811753,8.22180421952688
9.381,1487859428608,,,,,,,2017-02-23 14:17:08.608,7.77448621374776,26.979769247381565,1.4646917282486562,0.14273218965686965,8.22283230536658
6.562,1487859459247,,,,,,,2017-02-23 14:17:39.247,8.161443505926393,26.979769247381565,1.6968661035558354,0.23101873371127138,8.22283230536658
6.524,1487859464357,,,,,,,2017-02-23 14:17:44.357,7.631793089711785,26.979769247381565,1.3790758538270709,0.11471057654017369,8.22283230536658
7.369,1487859469526,,,,,,,2017-02-23 14:17:49.526,8.37112204966249,26.979769247381565,1.8226732297974944,0.28636421006643914,8.22283230536658
6.778,1487859474557,,,,,,,2017-02-23 14:17:54.557,8.281387120460044,26.979769247381565,1.7688322722760264,0.26203253464037796,8.22283230536658
7.208,1487859479748,,,,,,,2017-02-23 14:17:59.748,7.7543088069779404,26.979769247381565,1.4525852841867644,0.13862149295859838,8.22283230536658
6.562,1487859490857,,,,,,,2017-02-23 14:18:10.857,8.272662335637545,26.972378565866048,1.7635974013825269,0.25971834682442974,8.223867000778753
6.747,1487859500227,,,,,,,2017-02-23 14:18:20.227,7.7839711598421495,26.972378565866048,1.4703826959052897,0.14468141667017545,8.223867000778753
7.369,1487859505247,,,,,,,2017-02-23 14:18:25.247,7.766785016957926,26.972378565866048,1.4600710101747558,0.14115747763315778,8.223867000778753
6.754,1487859515528,,,,,,,2017-02-23 14:18:35.528,8.37890147455422,26.972378565866048,1.8273408847325325,0.288519121741741,8.223867000778753
6.678,1487859520628,,,,,,,2017-02-23 14:18:40.628,7.9766929736835905,26.972378565866048,1.5860157842101543,0.18662536294313586,8.223867000778753
7.522,1487859525738,,,,,,,2017-02-23 14:18:45.738,8.125394858507525,26.972378565866048,1.6752369151045148,0.22203503940615307,8.223867000778753
9.227,1487859536008,,,,,,,2017-02-23 14:18:56.008,7.952775873473168,26.972378565866048,1.571665524083901,0.18117780973334843,8.223867000778753
7.1,1487859546218,,,,,,,2017-02-23 14:19:06.218,7.772217249977544,26.96494081382649,1.4633303499865264,0.14226750086725778,8.22490828606429
6.87,1487859556519,,,,,,,2017-02-23 14:19:16.519,8.02366642092772,26.96494081382649,1.6141998525566317,0.19752421562400266,8.22490828606429
7.062,1487859561629,,,,,,,2017-02-23 14:19:21.629,8.367331392999226,26.96494081382649,1.8203988357995358,0.2853168243127856,8.22490828606429
9.381,1487859566788,,,,,,,2017-02-23 14:19:26.788,7.688957882056197,26.96494081382649,1.4133747292337184,0.12564306058513577,8.22490828606429
7.522,1487859571829,,,,,,,2017-02-23 14:19:31.829,7.766510875969821,26.96494081382649,1.4599065255818928,0.14110155348742137,8.22490828606429
6.801,1487859582109,,,,,,,2017-02-23 14:19:42.109,7.603395386780486,26.96494081382649,1.3620372320682914,0.10942544288669273,8.22490828606429
6.847,1487859587209,,,,,,,2017-02-23 14:19:47.209,8.170463974343786,26.96494081382649,1.7022783846062715,0.23329112004070307,8.22490828606429
6.923,1487859592304,,,,,,,2017-02-23 14:19:52.304,7.95208518677019,26.96494081382649,1.571251112062114,0.18102151309029493,8.22490828606429
6.678,1487859597415,,,,,,,2017-02-23 14:19:57.415,8.170748049333065,26.96494081382649,1.702448829599839,0.23336284122633397,8.22490828606429
6.916,1487859602502,,,,,,,2017-02-23 14:20:02.502,7.508054073451314,26.957456132866973,1.3048324440707884,0.09238919271957555,8.225956141398623
9.074,1487859607581,,,,,,,2017-02-23 14:20:07.581,8.22782835050226,26.957456132866973,1.7366970103013564,0.24797052275407938,8.225956141398623
6.862,1487859612707,,,,,,,2017-02-23 14:20:12.707,8.155160982358435,26.957456132866973,1.693096589415061,0.229441843733943,8.225956141398623
6.854,1487859617791,,,,,,,2017-02-23 14:20:17.791,8.148732226567768,26.957456132866973,1.6892393359406608,0.22783315307691054,8.225956141398623
7.83,1487859628055,,,,,,,2017-02-23 14:20:28.055,8.066322322486947,26.957456132866973,1.6397933934921682,0.20765069784457543,8.225956141398623
6.977,1487859633192,,,,,,,2017-02-23 14:20:33.192,7.642770440562554,26.957456132866973,1.3856622643375325,0.11677951969866486,8.225956141398623
7.369,1487859644048,,,,,,,2017-02-23 14:20:44.048,7.884809995060828,26.957456132866973,1.530885997036497,0.16607204308838533,8.225956141398623
7.208,1487859655067,,,,,,,2017-02-23 14:20:55.067,8.27039477597738,26.957456132866973,1.7622368655864278,0.2591183881193036,8.225956141398623
6.793,1487859660839,,,,,,,2017-02-23 14:21:00.839,7.984341490666992,26.949924665485035,1.5906048944001951,0.18838193716961407,8.227010546832094
7.676,1487859666329,,,,,,,2017-02-23 14:21:06.329,7.6945024928565875,26.949924665485035,1.4167014957139525,0.12672430195497866,8.227010546832094
6.977,1487859681699,,,,,,,2017-02-23 14:21:21.699,8.392933172266876,26.949924665485035,1.8357599033601253,0.29242428463797776,8.227010546832094
6.816,1487859686899,,,,,,,2017-02-23 14:21:26.899,7.874391473221955,26.949924665485035,1.5246348839331731,0.16380547190745465,8.227010546832094
7.269,1487859691938,,,,,,,2017-02-23 14:21:31.938,7.700109690457064,26.949924665485035,1.4200658142742386,0.1278215000515044,8.227010546832094
6.731,1487859702218,,,,,,,2017-02-23 14:21:42.218,7.971074787992012,26.949924665485035,1.582644872795207,0.18533955088752915,8.227010546832094
6.578,1487859707377,,,,,,,2017-02-23 14:21:47.377,7.906771803235159,26.949924665485035,1.5440630819410956,0.1708925481508784,8.227010546832094
6.801,1487859712469,,,,,,,2017-02-23 14:21:52.469,8.382144346780217,26.949924665485035,1.8292866080681303,0.28941954655957514,8.227010546832094
6.87,1487859722718,,,,,,,2017-02-23 14:22:02.718,7.765271942723346,26.94234655506896,1.4591631656340076,0.1408489263641886,8.228071482290344
6.885,1487859727829,,,,,,,2017-02-23 14:22:07.829,7.682427103474417,26.94234655506896,1.4094562620846502,0.12437424068252369,8.228071482290344
7.522,1487859738008,,,,,,,2017-02-23 14:22:18.008,7.6540219469736925,26.94234655506896,1.3924131681842156,0.11891514048844914,8.228071482290344
8.912,1487859743128,,,,,,,2017-02-23 14:22:23.128,7.794192722161677,26.94234655506896,1.4765156332970062,0.1467941096781823,8.228071482290344
10.464,1487859748229,,,,,,,2017-02-23 14:22:28.229,7.555408365330915,26.94234655506896,1.3332450191985488,0.10071444405383599,8.228071482290344
7.522,1487859758539,,,,,,,2017-02-23 14:22:38.539,8.24093505206471,26.94234655506896,1.7445610312388262,0.25137991403781823,8.228071482290344
9.381,1487859763609,,,,,,,2017-02-23 14:22:43.609,7.8122922716717795,26.94234655506896,1.4873753630030677,0.15056585850430132,8.228071482290344
7.369,1487859773828,,,,,,,2017-02-23 14:22:53.828,7.789715898104085,26.94234655506896,1.4738295388624507,0.14586725257075792,8.228071482290344
6.701,1487859778867,,,,,,,2017-02-23 14:22:58.867,8.17554812788384,26.94234655506896,1.7053288767303036,0.23457619438126204,8.228071482290344
6.754,1487859794298,,,,,,,2017-02-23 14:23:14.298,7.962485898733579,26.93472194589504,1.5774915392401474,0.18338116697382,8.229138927574693
6.701,1487859799426,,,,,,,2017-02-23 14:23:19.426,7.734591597351891,26.93472194589504,1.4407549584111343,0.13465174779741187,8.229138927574693
7.369,1487859804498,,,,,,,2017-02-23 14:23:24.498,8.016113469182878,26.93472194589504,1.6096680815097268,0.1957539034837742,8.229138927574693
6.516,1487859809627,,,,,,,2017-02-23 14:23:29.627,8.028701404848123,26.93472194589504,1.6172208429088737,0.19870815216317986,8.229138927574693
6.555,1487859819847,,,,,,,2017-02-23 14:23:39.847,8.370581559306192,26.93472194589504,1.8223489355837152,0.28621476328490514,8.229138927574693
7.369,1487859824957,,,,,,,2017-02-23 14:23:44.957,8.187002284140496,26.93472194589504,1.7122013704842973,0.23748272117702077,8.229138927574693
7.2,1487859830127,,,,,,,2017-02-23 14:23:50.127,7.893881184638779,26.93472194589504,1.5363287107832675,0.16805610701461693,8.229138927574693
6.762,1487859835147,,,,,,,2017-02-23 14:23:55.147,7.7502293135631755,26.93472194589504,1.4501375881379053,0.13779632449484405,8.229138927574693
8.452,1487859840267,,,,,,,2017-02-23 14:24:00.267,8.207386437244626,26.927050983124843,1.7244318623467754,0.24269420150193435,8.23021286236252
6.816,1487859845408,,,,,,,2017-02-23 14:24:05.408,7.966121429362318,26.927050983124843,1.5796728576173908,0.184209037064965,8.23021286236252
8.605,1487859850498,,,,,,,2017-02-23 14:24:10.498,8.306021565754534,26.927050983124843,1.7836129394527205,0.2686159551774634,8.23021286236252
7.261,1487859855899,,,,,,,2017-02-23 14:24:15.899,8.226363274751641,26.927050983124843,1.7358179648509846,0.24759069967175798,8.23021286236252
7.522,1487859861628,,,,,,,2017-02-23 14:24:21.628,7.648040022980805,26.927050983124843,1.3888240137884829,0.11777783485694786,8.23021286236252
8.759,1487859872338,,,,,,,2017-02-23 14:24:32.338,8.211850137012052,26.927050983124843,1.727110082207231,0.2438420606199175,8.23021286236252
7.016,1487859877449,,,,,,,2017-02-23 14:24:37.449,8.195705475134375,26.927050983124843,1.7174232850806248,0.23970170821102926,8.23021286236252
7.522,1487859882538,,,,,,,2017-02-23 14:24:42.538,8.37647955306205,26.927050983124843,1.8258877318372295,0.2878474675428235,8.23021286236252
6.685,1487859887628,,,,,,,2017-02-23 14:24:47.628,8.391928814523613,26.927050983124843,1.8351572887141678,0.29214397670871134,8.23021286236252
6.839,1487859892738,,,,,,,2017-02-23 14:24:52.738,7.950720444141277,26.927050983124843,1.570432266484766,0.18071285151831426,8.23021286236252
7.046,1487859908519,,,,,,,2017-02-23 14:25:08.519,8.009584220493643,26.91933381280245,1.6057505322961858,0.19422905059147347,8.231293266207656
6.555,1487859914477,,,,,,,2017-02-23 14:25:14.477,8.158326363304951,26.91933381280245,1.6949958179829707,0.23023575052579098,8.231293266207656
6.993,1487859919927,,,,,,,2017-02-23 14:25:19.927,7.6167494857764355,26.91933381280245,1.3700496914658613,0.11189873809929064,8.231293266207656
9.688,1487859925027,,,,,,,2017-02-23 14:25:25.027,7.702657724994108,26.91933381280245,1.4215946349964645,0.1283213379089738,8.231293266207656
7.676,1487859935238,,,,,,,2017-02-23 14:25:35.238,7.805976924521305,26.91933381280245,1.483586154712783,0.14924534371803547,8.231293266207656
7.83,1487859945407,,,,,,,2017-02-23 14:25:45.407,8.242314496844447,26.91933381280245,1.7453886981066682,0.25173994219077034,8.231293266207656
7.231,1487859950518,,,,,,,2017-02-23 14:25:50.518,8.112129583374195,26.91933381280245,1.6672777500245166,0.21876844595087339,8.231293266207656
9.849,1487859960889,,,,,,,2017-02-23 14:26:00.889,8.029589583416424,26.911570581851652,1.6177537500498544,0.19891731595941586,8.232380118540767
7.83,1487859965919,,,,,,,2017-02-23 14:26:05.919,7.990020826974718,26.911570581851652,1.594012496184831,0.18969080689179077,8.232380118540767
6.693,1487859976388,,,,,,,2017-02-23 14:26:16.388,7.692481645798306,26.911570581851652,1.4154889874789838,0.12632979411546216,8.232380118540767
6.778,1487859987519,,,,,,,2017-02-23 14:26:27.519,8.005308175954172,26.911570581851652,1.603184905572503,0.19323318742528545,8.232380118540767
6.716,1487860003719,,,,,,,2017-02-23 14:26:43.719,7.997885848295821,26.911570581851652,1.5987315089774927,0.19150978498287624,8.232380118540767
6.47,1487860015038,,,,,,,2017-02-23 14:26:55.038,7.62593685216388,26.911570581851652,1.375562111298328,0.11361274401616421,8.232380118540767
7.423,1487860026418,,,,,,,2017-02-23 14:27:06.418,8.082845244979108,26.903761438073182,1.6497071469874647,0.21163189691209194,8.233473398669753
9.074,1487860031518,,,,,,,2017-02-23 14:27:11.518,7.757905481331558,26.903761438073182,1.4547432887989347,0.1393506570270797,8.233473398669753
6.993,1487860041739,,,,,,,2017-02-23 14:27:21.739,7.526641404624804,26.903761438073182,1.3159848427748821,0.09562490746188917,8.233473398669753
7.83,1487860046849,,,,,,,2017-02-23 14:27:26.849,7.806023191855929,26.903761438073182,1.4836139151135574,0.14925500063644126,8.233473398669753
7.138,1487860051938,,,,,,,2017-02-23 14:27:31.938,7.7762087179641775,26.903761438073182,1.4657252307785065,0.1430853748426034,8.233473398669753
9.535,1487860057098,,,,,,,2017-02-23 14:27:37.098,7.724206303412282,26.903761438073182,1.434523782047369,0.13257959217630047,8.233473398669753
6.877,1487860062208,,,,,,,2017-02-23 14:27:42.208,8.163058036557432,26.903761438073182,1.6978348219344592,0.2314247398784822,8.233473398669753
6.885,1487860067299,,,,,,,2017-02-23 14:27:47.299,7.705810678201914,26.903761438073182,1.4234864069211484,0.1289409187664451,8.233473398669753
7.016,1487860077499,,,,,,,2017-02-23 14:27:57.499,8.164740453439158,26.903761438073182,1.698844272063495,0.2318481502178451,8.233473398669753
6.685,1487860087628,,,,,,,2017-02-23 14:28:07.628,8.256941262500536,26.89590653014188,1.7541647575003219,0.2555715016426466,8.234573085780136
6.785,1487860092737,,,,,,,2017-02-23 14:28:12.737,8.279256479787046,26.89590653014188,1.7675538878722274,0.26146655420077786,8.234573085780136
7.023,1487860097849,,,,,,,2017-02-23 14:28:17.849,8.029341950118903,26.89590653014188,1.6176051700713419,0.19885898942979235,8.234573085780136
9.227,1487860108118,,,,,,,2017-02-23 14:28:28.118,8.354288930151192,26.89590653014188,1.8125733580907153,0.2817262705567371,8.234573085780136
6.877,1487860113229,,,,,,,2017-02-23 14:28:33.229,8.105087449577272,26.89590653014188,1.6630524697463636,0.21704289062544657,8.234573085780136
6.801,1487860118329,,,,,,,2017-02-23 14:28:38.329,7.537650767261981,26.89590653014188,1.3225904603571887,0.09756098678558574,8.234573085780136
6.9,1487860123439,,,,,,,2017-02-23 14:28:43.439,7.523468737837689,26.89590653014188,1.3140812427026134,0.09506966980742416,8.234573085780136
7.522,1487860128538,,,,,,,2017-02-23 14:28:48.538,7.649145378042987,26.89590653014188,1.3894872268257923,0.11798766565088892,8.234573085780136
6.916,1487860133708,,,,,,,2017-02-23 14:28:53.708,7.827221168405371,26.89590653014188,1.4963327010432228,0.15370646254887846,8.234573085780136
6.693,1487860138837,,,,,,,2017-02-23 14:28:58.837,7.79049628411506,26.89590653014188,1.4742977704690357,0.1460286463328697,8.234573085780136
6.762,1487860164338,,,,,,,2017-02-23 14:29:24.338,8.151413451141881,26.888006007603867,1.6908480706851285,0.2285034826561181,8.235679158935458
8.145,1487860185140,,,,,,,2017-02-23 14:29:45.140,8.038828643402425,26.888006007603867,1.6232971860414551,0.20109870508227104,8.235679158935458
7.522,1487860190233,,,,,,,2017-02-23 14:29:50.233,7.777447106532834,26.888006007603867,1.4664682639197002,0.14333951613905388,8.235679158935458
7.691,1487860195325,,,,,,,2017-02-23 14:29:55.325,8.210926906334677,26.888006007603867,1.7265561438008064,0.24360445185860022,8.235679158935458
6.801,1487860205521,,,,,,,2017-02-23 14:30:05.521,8.330284186390886,26.880060020873707,1.7981705118345315,0.2751711898694788,8.23679159707768
6.839,1487860215723,,,,,,,2017-02-23 14:30:15.723,8.065750947616342,26.880060020873707,1.6394505685698053,0.20751361107373822,8.23679159707768
7.192,1487860231105,,,,,,,2017-02-23 14:30:31.105,8.319966420898266,26.880060020873707,1.7919798525389599,0.27237492027854465,8.23679159707768
8.452,1487860236468,,,,,,,2017-02-23 14:30:36.468,7.53164713903749,26.880060020873707,1.3189882834224942,0.09650340039900385,8.23679159707768
7.0,1487860241608,,,,,,,2017-02-23 14:30:41.608,8.134668152670182,26.880060020873707,1.680800891602109,0.2243311421000982,8.23679159707768
6.693,1487860252008,,,,,,,2017-02-23 14:30:52.008,7.869281509920551,26.880060020873707,1.5215689059523307,0.16269854972048695,8.23679159707768
10.617,1487860262498,,,,,,,2017-02-23 14:31:02.498,7.6095260144091865,26.872068721231532,1.365715608645512,0.11055823134832178,8.237910379027586
9.535,1487860272958,,,,,,,2017-02-23 14:31:12.958,8.237302269149238,26.872068721231532,1.7423813614895427,0.2504328684592258,8.237910379027586
10.31,1487860278118,,,,,,,2017-02-23 14:31:18.118,8.054098252590936,26.872068721231532,1.6324589515545618,0.2047263918571008,8.237910379027586
6.854,1487860283289,,,,,,,2017-02-23 14:31:23.289,7.629679910672624,26.872068721231532,1.3778079464035744,0.1143139573896149,8.237910379027586
8.759,1487860288428,,,,,,,2017-02-23 14:31:28.428,8.345340780447101,26.872068721231532,1.8072044682682606,0.27927467634211617,8.237910379027586
7.676,1487860298615,,,,,,,2017-02-23 14:31:38.615,7.823753806420853,26.872068721231532,1.4942522838525116,0.15297464633470614,8.237910379027586
6.962,1487860303699,,,,,,,2017-02-23 14:31:43.699,7.9069777834389745,26.872068721231532,1.5441866700633846,0.17093803372427768,8.237910379027586
9.227,1487860334213,,,,,,,2017-02-23 14:32:14.213,7.894193518796073,26.864032260820167,1.5365161112776438,0.16812459704857438,8.239035483485175
6.969,1487860349522,,,,,,,2017-02-23 14:32:29.522,8.100517915770846,26.864032260820167,1.6603107494625076,0.21592638754229113,8.239035483485175
6.685,1487860354642,,,,,,,2017-02-23 14:32:34.642,8.359346050670673,26.864032260820167,1.815607630402404,0.28311605880355284,8.239035483485175
6.808,1487860359798,,,,,,,2017-02-23 14:32:39.798,7.846723875711077,26.864032260820167,1.508034325426646,0.15784955338159185,8.239035483485175
9.227,1487860364874,,,,,,,2017-02-23 14:32:44.874,7.7083752048514045,26.864032260820167,1.4250251229108426,0.12944574879425347,8.239035483485175
6.586,1487860375082,,,,,,,2017-02-23 14:32:55.082,8.006966197855759,26.864032260820167,1.6041797187134552,0.19361906957728997,8.239035483485175
6.455,1487860380229,,,,,,,2017-02-23 14:33:00.229,7.75854648757745,26.855950792642233,1.4551278925464701,0.13948077303763967,8.240166889030087
7.208,1487860385252,,,,,,,2017-02-23 14:33:05.252,7.936838580265425,26.855950792642233,1.5621031481592549,0.1775859125181518,8.240166889030087
6.747,1487860390363,,,,,,,2017-02-23 14:33:10.363,7.807401561410497,26.855950792642233,1.4844409368462983,0.14954281176006223,8.240166889030087
6.9,1487860395503,,,,,,,2017-02-23 14:33:15.503,7.646883318959069,26.855950792642233,1.3881299913754412,0.11755841342426572,8.240166889030087
7.522,1487860400628,,,,,,,2017-02-23 14:33:20.628,7.728092101909054,26.855950792642233,1.4368552611454324,0.1333534019455547,8.240166889030087
9.227,1487860405719,,,,,,,2017-02-23 14:33:25.719,7.872896602556096,26.855950792642233,1.5237379615336573,0.16348132821152117,8.240166889030087
7.676,1487860410811,,,,,,,2017-02-23 14:33:30.811,8.138144362418958,26.855950792642233,1.6828866174513744,0.22519452397328657,8.240166889030087
7.676,1487860415853,,,,,,,2017-02-23 14:33:35.853,7.57239668802084,26.855950792642233,1.3434380128125039,0.10376670716576765,8.240166889030087
7.522,1487860431234,,,,,,,2017-02-23 14:33:51.234,8.217184714320572,26.855950792642233,1.7303108285923432,0.24521700573044328,8.240166889030087
6.962,1487860436343,,,,,,,2017-02-23 14:33:56.343,7.880971267575979,26.855950792642233,1.5285827605455873,0.16523540442617524,8.240166889030087
6.87,1487860441436,,,,,,,2017-02-23 14:34:01.436,8.060316549010212,26.847824470557242,1.636189929406127,0.20621172453543923,8.241304574121985
6.993,1487860461833,,,,,,,2017-02-23 14:34:21.833,7.938635882693519,26.847824470557242,1.5631815296161111,0.17798945807846459,8.241304574121985
7.008,1487860472012,,,,,,,2017-02-23 14:34:32.012,8.326627970900581,26.847824470557242,1.795976782540349,0.2741788391314128,8.241304574121985
9.688,1487860482213,,,,,,,2017-02-23 14:34:42.213,7.815720687333148,26.847824470557242,1.489432412399889,0.15128473136590845,8.241304574121985
7.0,1487860487252,,,,,,,2017-02-23 14:34:47.252,7.534780253580971,26.847824470557242,1.3208681521485826,0.0970547835782764,8.241304574121985
6.778,1487860492344,,,,,,,2017-02-23 14:34:52.344,7.576488695104276,26.847824470557242,1.3458932170625655,0.10450708678666074,8.241304574121985
7.046,1487860497431,,,,,,,2017-02-23 14:34:57.431,7.856084145527483,26.847824470557242,1.5136504873164895,0.15985422815248929,8.241304574121985
6.885,1487860502543,,,,,,,2017-02-23 14:35:02.543,8.092310753559559,26.839653449278646,1.6553864521357355,0.21392737133918174,8.24244851710099
7.83,1487860517829,,,,,,,2017-02-23 14:35:17.829,7.88989321703863,26.839653449278646,1.5339359302231776,0.1671826365722082,8.24244851710099
10.779,1487860522926,,,,,,,2017-02-23 14:35:22.926,8.079344322790174,26.839653449278646,1.6476065936741042,0.21078561418086222,8.24244851710099
9.849,1487860533121,,,,,,,2017-02-23 14:35:33.121,8.331443805042817,26.839653449278646,1.7988662830256898,0.2754862625240091,8.24244851710099
6.77,1487860538233,,,,,,,2017-02-23 14:35:38.233,8.07817604211332,26.839653449278646,1.646905625267992,0.21050353138392044,8.24244851710099
7.369,1487860543341,,,,,,,2017-02-23 14:35:43.341,8.382566242437806,26.839653449278646,1.8295397454626832,0.28953678403674976,8.24244851710099
7.092,1487860548475,,,,,,,2017-02-23 14:35:48.475,7.958875847161658,26.839653449278646,1.5753255082969948,0.18256066829830495,8.24244851710099
8.759,1487860553615,,,,,,,2017-02-23 14:35:53.615,7.804617252619635,26.839653449278646,1.482770351571781,0.14896166768618926,8.24244851710099
10.157,1487860558723,,,,,,,2017-02-23 14:35:58.723,7.9329772963439495,26.839653449278646,1.5597863778063696,0.1767202553201183,8.24244851710099
6.547,1487860563858,,,,,,,2017-02-23 14:36:03.858,7.574029110028999,26.831437884370914,1.3444174660173993,0.10406182547288893,8.243598696188071
6.555,1487860569110,,,,,,,2017-02-23 14:36:09.110,7.661247418120583,26.831437884370914,1.3967484508723498,0.12029459970777352,8.243598696188071
8.605,1487860579249,,,,,,,2017-02-23 14:36:19.249,7.501501401364405,26.831437884370914,1.300900840818643,0.0912583762870411,8.243598696188071
6.678,1487860594540,,,,,,,2017-02-23 14:36:34.540,7.565731520336891,26.831437884370914,1.3394389122021348,0.10256505946389327,8.243598696188071
8.912,1487860604640,,,,,,,2017-02-23 14:36:44.640,8.372178277184332,26.831437884370914,1.8233069663105992,0.2866563605072389,8.243598696188071
6.609,1487860609757,,,,,,,2017-02-23 14:36:49.757,7.523545890706583,26.831437884370914,1.3141275344239496,0.0950831577396822,8.243598696188071
7.522,1487860614932,,,,,,,2017-02-23 14:36:54.932,8.038327726571445,26.831437884370914,1.6229966359428674,0.2009801734420235,8.243598696188071
7.208,1487860625141,,,,,,,2017-02-23 14:37:05.141,8.365551720203666,26.82317793224656,1.8193310321221992,0.28482568269588193,8.244755089485482
6.9,1487860630229,,,,,,,2017-02-23 14:37:10.229,8.190637806810823,26.82317793224656,1.7143826840864937,0.23840853758324942,8.244755089485482
6.547,1487860635257,,,,,,,2017-02-23 14:37:15.257,7.6653275536554375,26.82317793224656,1.3991965321932625,0.12107633122859675,8.244755089485482
10.617,1487860640412,,,,,,,2017-02-23 14:37:20.412,8.110211742450701,26.82317793224656,1.6661270454704207,0.2182979219390039,8.244755089485482
6.893,1487860645534,,,,,,,2017-02-23 14:37:25.534,7.917225346083032,26.82317793224656,1.5503352076498191,0.17320737889112783,8.244755089485482
6.731,1487860650719,,,,,,,2017-02-23 14:37:30.719,7.830857457267673,26.82317793224656,1.4985144743606036,0.1544754820718175,8.244755089485482
7.338,1487860655833,,,,,,,2017-02-23 14:37:35.833,7.858932357182168,26.82317793224656,1.5153594143093005,0.16046631165727365,8.244755089485482
6.724,1487860660922,,,,,,,2017-02-23 14:37:40.922,8.32681783279772,26.82317793224656,1.7960906996786323,0.2742303309591472,8.244755089485482
6.778,1487860671212,,,,,,,2017-02-23 14:37:51.212,7.943080337865392,26.82317793224656,1.565848202719235,0.178989029261022,8.244755089485482
6.808,1487860681320,,,,,,,2017-02-23 14:38:01.320,8.36060195722082,26.81487375016316,1.8163611743324926,0.28346168036831965,8.245917674977157
10.31,1487860686414,,,,,,,2017-02-23 14:38:06.414,7.860507881670755,26.81487375016316,1.516304729002453,0.160805311612174,8.245917674977157
9.688,1487860696613,,,,,,,2017-02-23 14:38:16.613,7.90404317643536,26.81487375016316,1.542425905861216,0.1702904796523205,8.245917674977157
9.381,1487860701719,,,,,,,2017-02-23 14:38:21.719,8.271787534483554,26.81487375016316,1.7630725206901325,0.2594868158342235,8.245917674977157
7.046,1487860706834,,,,,,,2017-02-23 14:38:26.834,7.71527616671864,26.81487375016316,1.429165700031184,0.1308081303530304,8.245917674977157
7.522,1487860717051,,,,,,,2017-02-23 14:38:37.051,7.975053768586938,26.81487375016316,1.5850322611521628,0.18624981317987246,8.245917674977157
7.522,1487860732331,,,,,,,2017-02-23 14:38:52.331,7.906311905707581,26.81487375016316,1.5437871434245483,0.17079100966488742,8.245917674977157
6.962,1487860737413,,,,,,,2017-02-23 14:38:57.413,8.147504461462606,26.81487375016316,1.688502676877564,0.2275264890284071,8.245917674977157
6.655,1487860742507,,,,,,,2017-02-23 14:39:02.507,7.9829913230965355,26.806525496220377,1.589794793857921,0.1880713446637966,8.247086430529146
6.854,1487860747541,,,,,,,2017-02-23 14:39:07.541,8.38504730253242,26.806525496220377,1.8310283815194524,0.2902266596987712,8.247086430529146
6.854,1487860752635,,,,,,,2017-02-23 14:39:12.635,7.752340219035422,26.806525496220377,1.4514041314212531,0.13822305284266329,8.247086430529146
7.369,1487860762901,,,,,,,2017-02-23 14:39:22.901,8.156130684083564,26.806525496220377,1.6936784104501386,0.229684926138131,8.247086430529146
7.369,1487860768010,,,,,,,2017-02-23 14:39:28.010,8.38168020115617,26.806525496220377,1.829008120693702,0.2892905932255084,8.247086430529146
7.054,1487860778230,,,,,,,2017-02-23 14:39:38.230,7.506051528793709,26.806525496220377,1.3036309172762253,0.09204306021256237,8.247086430529146
6.969,1487860783338,,,,,,,2017-02-23 14:39:43.338,7.9647354797915675,26.806525496220377,1.5788412878749405,0.18389324649477554,8.247086430529146
7.983,1487860788429,,,,,,,2017-02-23 14:39:48.429,7.657345928300742,26.806525496220377,1.3944075569804455,0.11954896413689704,8.247086430529146
6.847,1487860793518,,,,,,,2017-02-23 14:39:53.518,7.7751831273623795,26.806525496220377,1.4651098764174277,0.14287504312142565,8.247086430529146
7.261,1487860798609,,,,,,,2017-02-23 14:39:58.609,8.385553085856888,26.806525496220377,1.8313318515141326,0.2903673868396241,8.247086430529146
7.522,1487860803699,,,,,,,2017-02-23 14:40:03.699,7.652702590583848,26.798133329356936,1.391621554350309,0.118663930450683,8.248261333890028
9.849,1487860814128,,,,,,,2017-02-23 14:40:14.128,8.23082069489976,26.798133329356936,1.7384924169398563,0.24874709280838492,8.248261333890028
6.57,1487860824293,,,,,,,2017-02-23 14:40:24.293,8.169594239406086,26.798133329356936,1.7017565436436515,0.2330715959045957,8.248261333890028
7.208,1487860839650,,,,,,,2017-02-23 14:40:39.650,8.132696379111747,26.798133329356936,1.6796178274670486,0.22384205969568755,8.248261333890028
6.463,1487860844738,,,,,,,2017-02-23 14:40:44.738,8.016617174116337,26.798133329356936,1.6099703044698024,0.19587175222352707,8.248261333890028
6.57,1487860849831,,,,,,,2017-02-23 14:40:49.831,7.857247148932988,26.798133329356936,1.5143482893597926,0.1601040411417188,8.248261333890028
6.731,1487860854942,,,,,,,2017-02-23 14:40:54.942,7.928731923874567,26.798133329356936,1.5572391543247401,0.1757705546593768,8.248261333890028
6.662,1487860860031,,,,,,,2017-02-23 14:41:00.031,7.788834694315853,26.78969740934759,1.473300816589512,0.14568509626075873,8.249442362691337
6.601,1487860865062,,,,,,,2017-02-23 14:41:05.062,7.5038666981112945,26.78969740934759,1.3023200188667767,0.0916659691563997,8.249442362691337
6.547,1487860870215,,,,,,,2017-02-23 14:41:10.215,8.283397716992583,26.78969740934759,1.77003863019555,0.26256712630207585,8.249442362691337
9.688,1487860875240,,,,,,,2017-02-23 14:41:15.240,7.633224919674233,26.78969740934759,1.3799349518045398,0.11497961893730044,8.249442362691337
9.227,1487860895634,,,,,,,2017-02-23 14:41:35.634,8.145750944971525,26.78969740934759,1.6874505669829147,0.2270888195109993,8.249442362691337
10.464,1487860900739,,,,,,,2017-02-23 14:41:40.739,8.00143361225844,26.78969740934759,1.600860167355064,0.19233272135860455,8.249442362691337
7.231,1487860905952,,,,,,,2017-02-23 14:41:45.952,7.712944886952793,26.78969740934759,1.427766932171676,0.13034725204864073,8.249442362691337
6.739,1487860911021,,,,,,,2017-02-23 14:41:51.021,7.886350085071173,26.78969740934759,1.531810051042704,0.166408197926312,8.249442362691337
9.381,1487860916106,,,,,,,2017-02-23 14:41:56.106,8.333476342381854,26.78969740934759,1.800085805429112,0.27603889968829276,8.249442362691337
7.522,1487860921142,,,,,,,2017-02-23 14:42:01.142,8.195937143676804,26.781217896800094,1.7175622862060826,0.23976089918935217,8.250629494447987
7.522,1487860926233,,,,,,,2017-02-23 14:42:06.233,8.083922244356144,26.781217896800094,1.6503533466136862,0.21189253727649168,8.250629494447987
10.464,1487860931395,,,,,,,2017-02-23 14:42:11.395,8.159124183455237,26.781217896800094,1.6954745100731423,0.23043604090723274,8.250629494447987
7.369,1487860936429,,,,,,,2017-02-23 14:42:16.429,8.229010409573673,26.781217896800094,1.737406245744204,0.24827716108267833,8.250629494447987
7.83,1487860941523,,,,,,,2017-02-23 14:42:21.523,8.184076493227057,26.781217896800094,1.710445895936234,0.2367387957502034,8.250629494447987
6.739,1487860951946,,,,,,,2017-02-23 14:42:31.946,8.377896603707791,26.781217896800094,1.8267379622246747,0.2882403626458406,8.250629494447987
9.688,1487860957110,,,,,,,2017-02-23 14:42:37.110,7.956631423273905,26.781217896800094,1.5739788539643427,0.1820513402063807,8.250629494447987
9.688,1487860962211,,,,,,,2017-02-23 14:42:42.211,7.800817537396884,26.781217896800094,1.4804905224381302,0.14817008788059555,8.250629494447987
8.605,1487860972411,,,,,,,2017-02-23 14:42:52.411,7.869142312858033,26.781217896800094,1.5214853877148196,0.16266844064011232,8.250629494447987
10.003,1487860977523,,,,,,,2017-02-23 14:42:57.523,7.523524558340124,26.781217896800094,1.314114735004074,0.09507942832520713,8.250629494447987
7.522,1487860982623,,,,,,,2017-02-23 14:43:02.623,7.514476054616024,26.77269495315215,1.3086856327696144,0.09350245476339088,8.251822706558698
7.054,1487860987769,,,,,,,2017-02-23 14:43:07.769,8.116449088422101,26.77269495315215,1.6698694530532605,0.21982981192558773,8.251822706558698
9.074,1487860992902,,,,,,,2017-02-23 14:43:12.902,8.076715837679817,26.77269495315215,1.6460295026078904,0.21015119352677256,8.251822706558698
6.708,1487860998027,,,,,,,2017-02-23 14:43:18.027,7.505491082792216,26.77269495315215,1.3032946496753295,0.09194627535967499,8.251822706558698
6.778,1487861003125,,,,,,,2017-02-23 14:43:23.125,8.214263362954899,26.77269495315215,1.7285580177729392,0.24446362752782108,8.251822706558698
10.464,1487861008214,,,,,,,2017-02-23 14:43:28.214,7.6424267863080155,26.77269495315215,1.3854560717848092,0.11671453061246043,8.251822706558698
7.676,1487861023504,,,,,,,2017-02-23 14:43:43.504,7.641620233528803,26.77269495315215,1.3849721401172819,0.1165620575996393,8.251822706558698
7.676,1487861033700,,,,,,,2017-02-23 14:43:53.700,7.629694944263205,26.77269495315215,1.3778169665579232,0.11431677712731746,8.251822706558698
6.716,1487861038754,,,,,,,2017-02-23 14:43:58.754,7.71272444991054,26.77269495315215,1.4276346699463238,0.13030370687999732,8.251822706558698
6.716,1487861048963,,,,,,,2017-02-23 14:44:08.963,7.753263057991616,26.76412874066832,1.4519578347949698,0.13840977656715392,8.253021976306435
6.555,1487861054051,,,,,,,2017-02-23 14:44:14.051,7.5459527046582275,26.76412874066832,1.3275716227949366,0.09903056426513952,8.253021976306435
7.983,1487861059147,,,,,,,2017-02-23 14:44:19.147,7.510508294540468,26.76412874066832,1.306304976724281,0.0928140521162095,8.253021976306435
7.208,1487861064230,,,,,,,2017-02-23 14:44:24.230,7.5445825134390105,26.76412874066832,1.3267495080634064,0.0987874483417822,8.253021976306435
8.452,1487861069296,,,,,,,2017-02-23 14:44:29.296,8.173955764639896,26.76412874066832,1.7043734587839374,0.23417337387954287,8.253021976306435
6.562,1487861074365,,,,,,,2017-02-23 14:44:34.365,7.736735853742183,26.76412874066832,1.4420415122453099,0.1350811987104779,8.253021976306435
7.369,1487861079523,,,,,,,2017-02-23 14:44:39.523,8.179916767841965,26.76412874066832,1.7079500607051787,0.2356828927403778,8.253021976306435
6.731,1487861084560,,,,,,,2017-02-23 14:44:44.560,8.074805392791118,26.76412874066832,1.644883235674671,0.2096906019349775,8.253021976306435
7.369,1487861094832,,,,,,,2017-02-23 14:44:54.832,8.257384258042816,26.76412874066832,1.7544305548256893,0.2556879472432283,8.253021976306435
9.074,1487861099872,,,,,,,2017-02-23 14:44:59.872,7.927841238554034,26.76412874066832,1.5567047431324204,0.17557158055574087,8.253021976306435
7.369,1487861104964,,,,,,,2017-02-23 14:45:04.964,7.758136753919881,26.755519422436933,1.4548820523519284,0.13939759669767707,8.254227280858828
6.586,1487861120283,,,,,,,2017-02-23 14:45:20.283,7.763377703288906,26.755519422436933,1.4580266219733438,0.14046303384107628,8.254227280858828
7.261,1487861130604,,,,,,,2017-02-23 14:45:30.604,8.233394488834463,26.755519422436933,1.740036693300678,0.24941590065469355,8.254227280858828
7.008,1487861135719,,,,,,,2017-02-23 14:45:35.719,7.769599575017204,26.755519422436933,1.4617597450103224,0.1417321627539265,8.254227280858828
6.946,1487861140817,,,,,,,2017-02-23 14:45:40.817,8.029208376020778,26.755519422436933,1.6175250256124665,0.19882753099060668,8.254227280858828
7.353,1487861151012,,,,,,,2017-02-23 14:45:51.012,7.682279270014369,26.755519422436933,1.4093675620086217,0.12434557837908983,8.254227280858828
6.685,1487861156103,,,,,,,2017-02-23 14:45:56.103,7.899142064784,26.755519422436933,1.5394852388704,0.16921129841565008,8.254227280858828
6.678,1487861161204,,,,,,,2017-02-23 14:46:01.204,8.145515268027411,26.746867162367007,1.6873091608164468,0.22703002377610482,8.255438597268618
7.046,1487861171443,,,,,,,2017-02-23 14:46:11.443,7.952249098156786,26.746867162367007,1.5713494588940715,0.18105859968998475,8.255438597268618
7.369,1487861176526,,,,,,,2017-02-23 14:46:16.526,7.798188371430207,26.746867162367007,1.4789130228581242,0.1476233781773676,8.255438597268618
6.754,1487861186720,,,,,,,2017-02-23 14:46:26.720,7.632617981191622,26.746867162367007,1.379570788714973,0.11486554450107947,8.255438597268618
6.693,1487861202024,,,,,,,2017-02-23 14:46:42.024,7.551528372611106,26.746867162367007,1.3309170235666634,0.10002219048014713,8.255438597268618
9.688,1487861207166,,,,,,,2017-02-23 14:46:47.166,8.12779549125505,26.746867162367007,1.6766772947530297,0.22262845522627872,8.255438597268618
7.522,1487861212234,,,,,,,2017-02-23 14:46:52.234,7.581719699888034,26.746867162367007,1.3490318199328206,0.10545647494172933,8.255438597268618
6.824,1487861222503,,,,,,,2017-02-23 14:47:02.503,7.869528326988251,26.7381721251851,1.5217169961929509,0.16275194330878345,8.256655902474085
9.849,1487861227622,,,,,,,2017-02-23 14:47:07.622,8.271289402058239,26.7381721251851,1.762773641234943,0.25935501765765834,8.256655902474085
7.031,1487861237834,,,,,,,2017-02-23 14:47:17.834,7.756568303849597,26.7381721251851,1.453940982309758,0.13907938593454616,8.256655902474085
9.535,1487861243031,,,,,,,2017-02-23 14:47:23.031,8.097154840109251,26.7381721251851,1.6582929040655507,0.21510626668274557,8.256655902474085
6.801,1487861253165,,,,,,,2017-02-23 14:47:33.165,8.38367884825502,26.7381721251851,1.8302073089530118,0.28984606031106247,8.256655902474085
6.916,1487861258231,,,,,,,2017-02-23 14:47:38.231,7.708825516139978,26.7381721251851,1.4252953096839867,0.1295344745475439,8.256655902474085
7.522,1487861268438,,,,,,,2017-02-23 14:47:48.438,8.118529273879844,26.7381721251851,1.6711175643279064,0.22034174286611274,8.256655902474085
6.893,1487861273549,,,,,,,2017-02-23 14:47:53.549,8.016916541618054,26.7381721251851,1.6101499249708322,0.19594180781820741,8.256655902474085
7.039,1487861278704,,,,,,,2017-02-23 14:47:58.704,7.960976076861653,26.7381721251851,1.5765856461169916,0.1830378218265299,8.256655902474085
7.054,1487861288851,,,,,,,2017-02-23 14:48:08.851,7.555571777745949,26.729434476432182,1.3333430666475694,0.10074363912121395,8.257879173299493
7.215,1487861293967,,,,,,,2017-02-23 14:48:13.967,8.083076837125448,26.729434476432182,1.6498461022752688,0.2116879318651101,8.257879173299493
6.847,1487861299130,,,,,,,2017-02-23 14:48:19.130,7.58084213504447,26.729434476432182,1.3485052810266822,0.10529697427556181,8.257879173299493
6.701,1487861304210,,,,,,,2017-02-23 14:48:24.210,8.309445618323872,26.729434476432182,1.7856673709943234,0.26953677889312905,8.257879173299493
8.912,1487861309275,,,,,,,2017-02-23 14:48:29.275,8.381461023010582,26.729434476432182,1.828876613806349,0.2892297080630318,8.257879173299493
9.074,1487861314365,,,,,,,2017-02-23 14:48:34.365,8.110544937850387,26.729434476432182,1.666326962710232,0.21837963657835044,8.257879173299493
9.074,1487861319452,,,,,,,2017-02-23 14:48:39.452,7.7156023226312875,26.729434476432182,1.4293613935787726,0.13087266118402183,8.257879173299493
7.208,1487861324630,,,,,,,2017-02-23 14:48:44.630,7.687179014114764,26.729434476432182,1.4123074084688585,0.12529694942723793,8.257879173299493
7.369,1487861329818,,,,,,,2017-02-23 14:48:49.818,7.635337587000863,26.729434476432182,1.3812025522005178,0.1153770407114614,8.257879173299493
8.298,1487861334930,,,,,,,2017-02-23 14:48:54.930,8.237503211106045,26.729434476432182,1.742501926663627,0.25048521149374336,8.257879173299493
6.778,1487861345144,,,,,,,2017-02-23 14:49:05.144,7.500417470109098,26.720654382460495,1.3002504820654588,0.09107181531564237,8.25910838645553
6.386,1487861350232,,,,,,,2017-02-23 14:49:10.232,8.001373919502134,26.720654382460495,1.6008243517012803,0.192318862583783,8.25910838645553
7.208,1487861355241,,,,,,,2017-02-23 14:49:15.241,8.279395161795822,26.720654382460495,1.7676370970774933,0.26150337692272557,8.25910838645553
7.983,1487861360341,,,,,,,2017-02-23 14:49:20.341,7.704985481276346,26.720654382460495,1.4229912887658074,0.12877864563157715,8.25910838645553
7.208,1487861365446,,,,,,,2017-02-23 14:49:25.446,8.071029969618143,26.720654382460495,1.642617981770886,0.20878166834644651,8.25910838645553
6.824,1487861370541,,,,,,,2017-02-23 14:49:30.541,7.982485611311977,26.720654382460495,1.589491366787186,0.1879550670530455,8.25910838645553
6.862,1487861380809,,,,,,,2017-02-23 14:49:40.809,8.229919509472474,26.720654382460495,1.7379517056834843,0.24851310504777768,8.25910838645553
10.31,1487861396107,,,,,,,2017-02-23 14:49:56.107,8.374654190921163,26.720654382460495,1.8247925145526978,0.2873417180601973,8.25910838645553
6.754,1487861401223,,,,,,,2017-02-23 14:50:01.223,8.312552462786828,26.71183201043037,1.7875314776720965,0.2703735138861907,8.260343518539747
7.522,1487861406341,,,,,,,2017-02-23 14:50:06.341,7.96744007193441,26.71183201043037,1.5804640431606463,0.1845097056237214,8.260343518539747
7.83,1487861416545,,,,,,,2017-02-23 14:50:16.545,7.55363233779422,26.71183201043037,1.3321794026765317,0.10039734776004218,8.260343518539747
6.893,1487861421649,,,,,,,2017-02-23 14:50:21.649,8.091723199774039,26.71183201043037,1.6550339198644233,0.21378457107018436,8.260343518539747
6.801,1487861426755,,,,,,,2017-02-23 14:50:26.755,8.272420552926402,26.71183201043037,1.763452331755841,0.25965434573832885,8.260343518539747
6.762,1487861431906,,,,,,,2017-02-23 14:50:31.906,7.8482823394856265,26.71183201043037,1.5089694036913759,0.15818259767138265,8.260343518539747
7.83,1487861437014,,,,,,,2017-02-23 14:50:37.014,7.868034209129898,26.71183201043037,1.5208205254779388,0.16242883471573463,8.260343518539747
6.731,1487861447143,,,,,,,2017-02-23 14:50:47.143,8.254795291156283,26.71183201043037,1.7528771746937695,0.2550077459719825,8.260343518539747
6.77,1487861457344,,,,,,,2017-02-23 14:50:57.344,8.083295133121723,26.71183201043037,1.6499770798730338,0.2117407556363457,8.260343518539747
6.77,1487861462501,,,,,,,2017-02-23 14:51:02.501,8.299145227748081,26.702967528307056,1.7794871366488487,0.2667709648746219,8.261584546037012
6.616,1487861467618,,,,,,,2017-02-23 14:51:07.618,7.775806328681912,26.702967528307056,1.4654837972091472,0.1430028363897486,8.261584546037012
6.67,1487861477814,,,,,,,2017-02-23 14:51:17.814,7.505877653678605,26.702967528307056,1.3035265922071633,0.09201302924148608,8.261584546037012
7.522,1487861482921,,,,,,,2017-02-23 14:51:22.921,8.18765638967239,26.702967528307056,1.7125938338034343,0.23764917763908724,8.261584546037012
7.676,1487861498303,,,,,,,2017-02-23 14:51:38.303,7.860223265681202,26.702967528307056,1.516133959408721,0.1607440497654485,8.261584546037012
7.522,1487861503413,,,,,,,2017-02-23 14:51:43.413,7.907887249682396,26.702967528307056,1.5447323498094376,0.17113892745258033,8.261584546037012
6.67,1487861508451,,,,,,,2017-02-23 14:51:48.451,8.155537522977866,26.702967528307056,1.6933225137867196,0.22953622059411039,8.261584546037012
6.793,1487861513615,,,,,,,2017-02-23 14:51:53.615,8.12013171155776,26.702967528307056,1.6720790269346555,0.22073645476870796,8.261584546037012
6.432,1487861534035,,,,,,,2017-02-23 14:52:14.035,8.363263491497053,26.69406110485751,1.8179580948982315,0.28419475188259397,8.262831445319948
6.478,1487861544249,,,,,,,2017-02-23 14:52:24.249,7.885267610802386,26.69406110485751,1.5311605664814318,0.1661718969740132,8.262831445319948
6.77,1487861559940,,,,,,,2017-02-23 14:52:39.940,7.6982029178373255,26.69406110485751,1.4189217507023952,0.12744796566637376,8.262831445319948
6.547,1487861565032,,,,,,,2017-02-23 14:52:45.032,7.574498528465735,26.69406110485751,1.3446991170794411,0.1041467487407201,8.262831445319948
7.092,1487861570106,,,,,,,2017-02-23 14:52:50.106,8.202146172306291,26.69406110485751,1.7212877033837746,0.2413496964737446,8.262831445319948
9.381,1487861575233,,,,,,,2017-02-23 14:52:55.233,8.21785880207349,26.69406110485751,1.7307152812440938,0.24539098953950342,8.262831445319948
9.535,1487861580286,,,,,,,2017-02-23 14:53:00.286,8.044591467197417,26.685112909647202,1.6267548803184502,0.20246452432660988,8.26408419264939
7.676,1487861585413,,,,,,,2017-02-23 14:53:05.413,8.234823000213877,26.685112909647202,1.7408938001283265,0.24978744653538634,8.26408419264939
9.535,1487861600739,,,,,,,2017-02-23 14:53:20.739,7.63527081660431,26.685112909647202,1.3811624899625858,0.11536447208542909,8.26408419264939
8.145,1487861621232,,,,,,,2017-02-23 14:53:41.232,8.198237675606377,26.685112909647202,1.718942605363826,0.24034903130246857,8.26408419264939
7.054,1487861626346,,,,,,,2017-02-23 14:53:46.346,7.6358012138549185,26.685112909647202,1.381480728312951,0.11546432696411414,8.26408419264939
7.062,1487861636940,,,,,,,2017-02-23 14:53:56.940,8.386937728913507,26.685112909647202,1.8321626373481041,0.2907528014713382,8.26408419264939
9.535,1487861642329,,,,,,,2017-02-23 14:54:02.329,7.6461592747880465,26.676123113036862,1.387695564872828,0.11742114727993808,8.26534276417484
6.647,1487861648199,,,,,,,2017-02-23 14:54:08.199,8.126878468336177,26.676123113036862,1.676127081001706,0.22240169339763305,8.26534276417484
9.381,1487861653733,,,,,,,2017-02-23 14:54:13.733,8.237384147753163,26.676123113036862,1.7424304886518978,0.2504541962950036,8.26534276417484
6.655,1487861659354,,,,,,,2017-02-23 14:54:19.354,7.9508545491314075,26.676123113036862,1.5705127294788443,0.18074317191895117,8.26534276417484
8.605,1487861664638,,,,,,,2017-02-23 14:54:24.638,7.6471510393320905,26.676123113036862,1.3882906235992543,0.11760918446771043,8.26534276417484
6.662,1487861670450,,,,,,,2017-02-23 14:54:30.450,7.813086223884327,26.676123113036862,1.4878517343305964,0.15073220952327315,8.26534276417484
7.676,1487861676320,,,,,,,2017-02-23 14:54:36.320,7.634200356452108,26.676123113036862,1.3805202138712647,0.1151630454500749,8.26534276417484
6.808,1487861692299,,,,,,,2017-02-23 14:54:52.299,8.300805052852752,26.676123113036862,1.7804830317116511,0.2672157930511433,8.26534276417484
7.369,1487861697430,,,,,,,2017-02-23 14:54:57.430,7.516491602583101,26.676123113036862,1.3098949615498605,0.09385287402163892,8.26534276417484
7.169,1487861707609,,,,,,,2017-02-23 14:55:07.609,7.55122694857577,26.667091886179268,1.3307361691454618,0.09996848717065546,8.266607135934901
6.778,1487861717780,,,,,,,2017-02-23 14:55:17.780,8.031241256873084,26.667091886179268,1.6187447541238504,0.19930653256241615,8.266607135934901
6.854,1487861722920,,,,,,,2017-02-23 14:55:22.920,8.327723857991991,26.667091886179268,1.7966343147951944,0.2744761106799712,8.266607135934901
7.676,1487861728029,,,,,,,2017-02-23 14:55:28.029,8.39627813888458,26.667091886179268,1.8377668833307483,0.29335871002269237,8.266607135934901
7.522,1487861733120,,,,,,,2017-02-23 14:55:33.120,8.104617602500252,26.667091886179268,1.662770561500151,0.21692797434523242,8.266607135934901
6.77,1487861743339,,,,,,,2017-02-23 14:55:43.339,8.103701161316966,26.667091886179268,1.6622206967901796,0.21670390527704536,8.266607135934901
6.701,1487861748440,,,,,,,2017-02-23 14:55:48.440,8.014307909184229,26.667091886179268,1.6085847455105373,0.19533171790665457,8.266607135934901
6.562,1487861753848,,,,,,,2017-02-23 14:55:53.848,7.667605931994521,26.667091886179268,1.4005635591967125,0.12151372520944269,8.266607135934901
7.208,1487861759417,,,,,,,2017-02-23 14:55:59.417,7.993756609105091,26.667091886179268,1.5962539654630548,0.19055387210817315,8.266607135934901
6.586,1487861764959,,,,,,,2017-02-23 14:56:04.959,8.299595809284835,26.658019401015956,1.7797574855709009,0.2668916866905438,8.267877283857766
6.754,1487861776189,,,,,,,2017-02-23 14:56:16.189,8.21853942270268,26.658019401015956,1.7311236536216077,0.24556671482353493,8.267877283857766
6.793,1487861781940,,,,,,,2017-02-23 14:56:21.940,7.781784882560382,26.658019401015956,1.4690709295362292,0.14423116300275984,8.267877283857766
7.023,1487861787712,,,,,,,2017-02-23 14:56:27.712,7.930576905702896,26.658019401015956,1.5583461434217376,0.17618301608437897,8.267877283857766
7.407,1487861798340,,,,,,,2017-02-23 14:56:38.340,8.163859014433106,26.658019401015956,1.6983154086598633,0.23162627794513985,8.267877283857766
6.9,1487861803499,,,,,,,2017-02-23 14:56:43.499,7.918158248194422,26.658019401015956,1.5508949489166532,0.17341459792142233,8.267877283857766
7.023,1487861813720,,,,,,,2017-02-23 14:56:53.720,7.681343483419609,26.658019401015956,1.4088060900517656,0.12416420668689829,8.267877283857766
9.074,1487861818752,,,,,,,2017-02-23 14:56:58.752,8.197197654207775,26.658019401015956,1.718318592524665,0.24008307066570678,8.267877283857766
7.208,1487861823939,,,,,,,2017-02-23 14:57:03.939,8.11980451307829,26.648905830273964,1.6718827078469736,0.22065583431539873,8.269153183761643
6.516,1487861829018,,,,,,,2017-02-23 14:57:09.018,8.18043772253576,26.648905830273964,1.7082626335214561,0.23581501793112994,8.269153183761643
6.754,1487861834127,,,,,,,2017-02-23 14:57:14.127,8.386583747229597,26.648905830273964,1.8319502483377583,0.2906542489745912,8.269153183761643
9.227,1487861839191,,,,,,,2017-02-23 14:57:19.191,7.545658301234534,26.648905830273964,1.3273949807407202,0.09897830864063722,8.269153183761643
6.539,1487861844350,,,,,,,2017-02-23 14:57:24.350,7.7465935604222524,26.648905830273964,1.4479561362533515,0.13706259543513083,8.269153183761643
6.962,1487861849457,,,,,,,2017-02-23 14:57:29.457,8.298496536205851,26.648905830273964,1.7790979217235108,0.266597207327371,8.269153183761643
7.208,1487861854548,,,,,,,2017-02-23 14:57:34.548,7.878592065303659,26.648905830273964,1.5271552391821952,0.16471775234688268,8.269153183761643
6.793,1487861859640,,,,,,,2017-02-23 14:57:39.640,8.13420048897845,26.648905830273964,1.6805202933870702,0.22421509971752385,8.269153183761643
8.759,1487861864747,,,,,,,2017-02-23 14:57:44.747,7.710689990859757,26.648905830273964,1.4264139945158543,0.12990209476278733,8.269153183761643
6.555,1487861869849,,,,,,,2017-02-23 14:57:49.849,7.691321574686467,26.648905830273964,1.4147929448118801,0.12610354754250286,8.269153183761643
7.054,1487861874959,,,,,,,2017-02-23 14:57:54.959,8.07848019337876,26.648905830273964,1.6470881160272564,0.21057695330903858,8.269153183761643
6.555,1487861880039,,,,,,,2017-02-23 14:58:00.039,7.776535048789211,26.639751347462546,1.4659210292735265,0.14315232638427536,8.270434811355242
7.208,1487861885957,,,,,,,2017-02-23 14:58:05.957,8.33116080643994,26.639751347462546,1.7986964838639636,0.275409355877383,8.270434811355242
6.486,1487861890239,,,,,,,2017-02-23 14:58:10.239,8.357443822115716,26.639751347462546,1.8144662932694295,0.2825929318889676,8.270434811355242
7.208,1487861900468,,,,,,,2017-02-23 14:58:20.468,8.08874984179279,26.639751347462546,1.6532499050756742,0.21306255536102203,8.270434811355242
6.716,1487861905590,,,,,,,2017-02-23 14:58:25.590,7.981913127776467,26.639751347462546,1.5891478766658804,0.18782347374095024,8.270434811355242
10.157,1487861910621,,,,,,,2017-02-23 14:58:30.621,7.594270885810243,26.639751347462546,1.3565625314861456,0.10774781235404864,8.270434811355242
6.877,1487861915790,,,,,,,2017-02-23 14:58:35.790,7.738032208610329,26.639751347462546,1.4428193251661972,0.13534109982113118,8.270434811355242
7.4,1487861926159,,,,,,,2017-02-23 14:58:46.159,8.188786458295635,26.639751347462546,1.7132718749773808,0.23793687793473586,8.270434811355242
7.0,1487861931290,,,,,,,2017-02-23 14:58:51.290,7.6496501290241605,26.639751347462546,1.3897900774144962,0.11808353185917249,8.270434811355242
9.535,1487861936329,,,,,,,2017-02-23 14:58:56.329,7.90922545786028,26.639751347462546,1.5455352747161677,0.17143470727362545,8.270434811355242
6.946,1487861941439,,,,,,,2017-02-23 14:59:01.439,7.58868611253349,26.630556126869855,1.353211667520094,0.10672592494913848,8.27172214223822
7.676,1487861951719,,,,,,,2017-02-23 14:59:11.719,8.284352535310042,26.630556126869855,1.7706115211860252,0.2628211700521646,8.27172214223822
7.016,1487861967000,,,,,,,2017-02-23 14:59:27.000,8.042369599035222,26.630556126869855,1.6254217594211333,0.2019374579515159,8.27172214223822
6.739,1487861977129,,,,,,,2017-02-23 14:59:37.129,7.931314006835966,26.630556126869855,1.5587884041015796,0.17634791552535992,8.27172214223822
6.808,1487861997510,,,,,,,2017-02-23 14:59:57.510,8.107486480237531,26.630556126869855,1.6644918881425186,0.21763006402113844,8.27172214223822
9.688,1487862002802,,,,,,,2017-02-23 15:00:02.802,8.308876565910781,26.621320343559642,1.7853259395464685,0.2693836472694314,8.27301515190165
7.676,1487862028409,,,,,,,2017-02-23 15:00:28.409,8.339405276812753,26.621320343559642,1.803643166087652,0.27765378073625935,8.27301515190165
7.023,1487862033521,,,,,,,2017-02-23 15:00:33.521,8.14460838417873,26.621320343559642,1.6867650305072377,0.2268038402159523,8.27301515190165
7.522,1487862043799,,,,,,,2017-02-23 15:00:43.799,8.2461265164043,26.621320343559642,1.7476759098425796,0.2527360475304364,8.27301515190165
7.208,1487862048848,,,,,,,2017-02-23 15:00:48.848,8.008572953977595,26.621320343559642,1.605143772386557,0.19399333505519611,8.27301515190165
7.369,1487862053948,,,,,,,2017-02-23 15:00:53.948,7.839389149866663,26.621320343559642,1.5036334899199977,0.156286033479899,8.27301515190165
8.605,1487862059068,,,,,,,2017-02-23 15:00:59.068,7.641552488299739,26.621320343559642,1.3849314929798435,0.11654925440418602,8.27301515190165
7.208,1487862069248,,,,,,,2017-02-23 15:01:09.248,8.373257721558613,26.612044173367906,1.8239546329351675,0.28695507100378576,8.274313815728492
6.701,1487862074337,,,,,,,2017-02-23 15:01:14.337,7.908883859055968,26.612044173367906,1.545330315433581,0.17135918436941658,8.274313815728492
6.77,1487862079437,,,,,,,2017-02-23 15:01:19.437,7.93645467087965,26.612044173367906,1.56187280252779,0.1774997641752596,8.274313815728492
7.062,1487862084527,,,,,,,2017-02-23 15:01:24.527,8.334601375239144,26.612044173367906,1.8007608251434863,0.276345003874197,8.274313815728492
10.003,1487862094738,,,,,,,2017-02-23 15:01:34.738,8.146133327734532,26.612044173367906,1.687679996640719,0.22718422900289748,8.274313815728492
6.77,1487862099838,,,,,,,2017-02-23 15:01:39.838,7.551488373181097,26.612044173367906,1.330893023908658,0.10001506334151879,8.274313815728492
6.539,1487862115138,,,,,,,2017-02-23 15:01:55.138,7.979897037212099,26.612044173367906,1.5879382223272596,0.18736036037997816,8.274313815728492
6.731,1487862120248,,,,,,,2017-02-23 15:02:00.248,8.036724800490843,26.602727792899554,1.6220348802945057,0.20060107637214109,8.275618108994061
6.862,1487862125309,,,,,,,2017-02-23 15:02:05.309,8.370583460161866,26.602727792899554,1.8223500760971194,0.2862152888142854,8.275618108994061
7.208,1487862130397,,,,,,,2017-02-23 15:02:10.397,7.605510243466374,26.602727792899554,1.3633061460798244,0.10981570656479633,8.275618108994061
6.993,1487862135529,,,,,,,2017-02-23 15:02:15.529,7.8675305523499315,26.602727792899554,1.5205183314099588,0.16231997741882695,8.275618108994061
6.993,1487862140628,,,,,,,2017-02-23 15:02:20.628,7.587571817247538,26.602727792899554,1.3525430903485227,0.10652248195713868,8.275618108994061
7.069,1487862145729,,,,,,,2017-02-23 15:02:25.729,7.534634046342919,26.602727792899554,1.3207804278057516,0.09702902700094714,8.275618108994061
7.522,1487862150839,,,,,,,2017-02-23 15:02:30.839,7.934380754526065,26.602727792899554,1.5606284527156387,0.17703468817264112,8.275618108994061
6.662,1487862155929,,,,,,,2017-02-23 15:02:35.929,7.597263967879421,26.602727792899554,1.3583583807276525,0.10829701924211935,8.275618108994061
7.269,1487862161018,,,,,,,2017-02-23 15:02:41.018,8.240135951735285,26.602727792899554,1.7440815710411708,0.25117145732153473,8.275618108994061
6.747,1487862166188,,,,,,,2017-02-23 15:02:46.188,8.275435527983811,26.602727792899554,1.7652613167902866,0.26045292629678746,8.275618108994061
10.157,1487862171218,,,,,,,2017-02-23 15:02:51.218,7.507621024578558,26.602727792899554,1.3045726147471348,0.09231430102844963,8.275618108994061
7.522,1487862181429,,,,,,,2017-02-23 15:03:01.429,8.224967058194602,26.593371379525042,1.7349802349167613,0.24722896813751177,8.276928006866493
8.145,1487862186549,,,,,,,2017-02-23 15:03:06.549,8.173471629188972,26.593371379525042,1.7040829775133832,0.23405096233985012,8.276928006866493
9.381,1487862202119,,,,,,,2017-02-23 15:03:22.119,8.244948173894507,26.593371379525042,1.746968904336704,0.2524279528171808,8.276928006866493
6.778,1487862207199,,,,,,,2017-02-23 15:03:27.199,7.678926043133645,26.593371379525042,1.407355625880187,0.12369615115367469,8.276928006866493
7.522,1487862217418,,,,,,,2017-02-23 15:03:37.418,8.021056079409094,26.593371379525042,1.6126336476454566,0.1969116119317148,8.276928006866493
6.678,1487862222509,,,,,,,2017-02-23 15:03:42.509,8.065383439209192,26.593371379525042,1.6392300635255155,0.20742545754390196,8.276928006866493
6.762,1487862232708,,,,,,,2017-02-23 15:03:52.708,8.354152146692737,26.593371379525042,1.812491288015642,0.28168872261313943,8.276928006866493
6.808,1487862242909,,,,,,,2017-02-23 15:04:02.909,8.293242462982146,26.583975111376994,1.7759454777892878,0.26519171993760804,8.27824348440722
6.816,1487862248019,,,,,,,2017-02-23 15:04:08.019,7.823972610304422,26.583975111376994,1.494383566182653,0.15302078410600817,8.27824348440722
6.993,1487862253129,,,,,,,2017-02-23 15:04:13.129,8.122662092557835,26.583975111376994,1.673597255534701,0.2213603648104578,8.27824348440722
7.392,1487862268488,,,,,,,2017-02-23 15:04:28.488,8.374473638152928,26.583975111376994,1.8246841828917568,0.28729171439176865,8.27824348440722
6.939,1487862273689,,,,,,,2017-02-23 15:04:33.689,7.8853454131905645,26.583975111376994,1.5312072479143386,0.16618887631679752,8.27824348440722
6.839,1487862278732,,,,,,,2017-02-23 15:04:38.732,7.999409610405493,26.583975111376994,1.599645766243296,0.19186305052766683,8.27824348440722
9.381,1487862283838,,,,,,,2017-02-23 15:04:43.838,8.207989298679184,26.583975111376994,1.7247935792075104,0.24284909019547427,8.27824348440722
6.578,1487862288947,,,,,,,2017-02-23 15:04:48.947,8.351437081282612,26.583975111376994,1.810862248769567,0.28094388418359234,8.27824348440722
7.369,1487862294098,,,,,,,2017-02-23 15:04:54.098,8.029606355236648,26.583975111376994,1.617763813141989,0.19892126659112633,8.27824348440722
6.616,1487862299157,,,,,,,2017-02-23 15:04:59.157,8.243097135259223,26.583975111376994,1.7458582811555337,0.2519443084104142,8.27824348440722
7.369,1487862304338,,,,,,,2017-02-23 15:05:04.338,7.897432381135588,26.574539167346806,1.5384594286813529,0.16883551940982738,8.279564516571446
6.501,1487862309417,,,,,,,2017-02-23 15:05:09.417,7.846666952670163,26.574539167346806,1.5080001716020979,0.1578373944236851,8.279564516571446
7.522,1487862314538,,,,,,,2017-02-23 15:05:14.538,8.341174133399404,26.574539167346806,1.8047044800396423,0.27813638630671184,8.279564516571446
7.223,1487862324748,,,,,,,2017-02-23 15:05:24.748,7.601399713152356,26.574539167346806,1.3608398278914133,0.10905766477184797,8.279564516571446
7.369,1487862334857,,,,,,,2017-02-23 15:05:34.857,8.391393934594353,26.574539167346806,1.8348363607566118,0.29199474554812477,8.279564516571446
6.77,1487862340148,,,,,,,2017-02-23 15:05:40.148,8.281634619058574,26.574539167346806,1.7689807714351442,0.2620983151407252,8.279564516571446
9.849,1487862345849,,,,,,,2017-02-23 15:05:45.849,7.811847908819329,26.574539167346806,1.4871087452915976,0.150472787411024,8.279564516571446
8.912,1487862362319,,,,,,,2017-02-23 15:06:02.319,7.850235683483834,26.565063727081263,1.5101414100903001,0.15860043959834266,8.280891078208622
7.983,1487862367429,,,,,,,2017-02-23 15:06:07.429,8.077052911522534,26.565063727081263,1.6462317469135204,0.21023250454367384,8.280891078208622
9.227,1487862382639,,,,,,,2017-02-23 15:06:22.639,8.29443596227776,26.565063727081263,1.7766615773666556,0.26551069540138605,8.280891078208622
10.31,1487862387698,,,,,,,2017-02-23 15:06:27.698,7.689367217454273,26.565063727081263,1.4136203304725639,0.12572275798491742,8.280891078208622
6.939,1487862392818,,,,,,,2017-02-23 15:06:32.818,8.268993809949052,26.565063727081263,1.7613962859694312,0.2587480240956344,8.280891078208622
8.452,1487862413228,,,,,,,2017-02-23 15:06:53.228,8.085078347325803,26.565063727081263,1.6510470083954818,0.21217247609060771,8.280891078208622
7.522,1487862418329,,,,,,,2017-02-23 15:06:58.329,7.852326372477442,26.565063727081263,1.5113958234864655,0.1590481684307069,8.280891078208622
10.003,1487862423438,,,,,,,2017-02-23 15:07:03.438,7.5569071769905785,26.55554897097908,1.334144306194347,0.10098234004996172,8.282223144062929
7.446,1487862428599,,,,,,,2017-02-23 15:07:08.599,7.867981336766511,26.55554897097908,1.5207888020599065,0.162417405776348,8.282223144062929
6.547,1487862443927,,,,,,,2017-02-23 15:07:23.927,7.975611283221938,26.55554897097908,1.5853667699331628,0.18637750627785446,8.282223144062929
9.688,1487862448957,,,,,,,2017-02-23 15:07:28.957,8.188142673788931,26.55554897097908,1.712885604273359,0.23777296026105896,8.282223144062929
6.778,1487862454138,,,,,,,2017-02-23 15:07:34.138,8.02058919331912,26.55554897097908,1.612353515991472,0.19680212774292777,8.282223144062929
7.208,1487862459248,,,,,,,2017-02-23 15:07:39.248,7.732427802452092,26.55554897097908,1.439456681471255,0.1342189430229223,8.282223144062929
6.639,1487862464337,,,,,,,2017-02-23 15:07:44.337,7.811864514054008,26.55554897097908,1.487118708432405,0.15047626492485797,8.282223144062929
7.522,1487862469447,,,,,,,2017-02-23 15:07:49.447,8.116671657412889,26.55554897097908,1.6700029944477333,0.21988456105839846,8.282223144062929
6.509,1487862474537,,,,,,,2017-02-23 15:07:54.537,7.807047634024933,26.55554897097908,1.4842285804149598,0.14946888802590702,8.282223144062929
7.676,1487862479627,,,,,,,2017-02-23 15:07:59.627,7.753772252811155,26.55554897097908,1.452263351686693,0.13851284886132956,8.282223144062929
7.208,1487862489818,,,,,,,2017-02-23 15:08:09.818,7.660877881899871,26.545995080187495,1.3965267291399224,0.12022389725985308,8.28356068877375
7.83,1487862494868,,,,,,,2017-02-23 15:08:14.868,8.298603147263968,26.545995080187495,1.7791618883583808,0.26662576053859743,8.28356068877375
6.731,1487862500027,,,,,,,2017-02-23 15:08:20.027,8.008455405999674,26.545995080187495,1.6050732435998047,0.19396594382536164,8.28356068877375
6.562,1487862510217,,,,,,,2017-02-23 15:08:30.217,7.92268798515679,26.545995080187495,1.5536127910940738,0.17442224141472223,8.28356068877375
6.801,1487862515327,,,,,,,2017-02-23 15:08:35.327,7.609977106405642,26.545995080187495,1.3659862638433853,0.11064176013777197,8.28356068877375
6.931,1487862520358,,,,,,,2017-02-23 15:08:40.358,7.547056212474173,26.545995080187495,1.3282337274845037,0.09922652577350262,8.28356068877375
6.939,1487862525518,,,,,,,2017-02-23 15:08:45.518,8.33009946623526,26.545995080187495,1.7980596797411565,0.27512101562310876,8.28356068877375
6.854,1487862530618,,,,,,,2017-02-23 15:08:50.618,8.06738859216726,26.545995080187495,1.6404331553003562,0.20790662672406152,8.28356068877375
6.862,1487862535738,,,,,,,2017-02-23 15:08:55.738,8.102118405601168,26.545995080187495,1.6612710433607005,0.21631716022522238,8.28356068877375
7.83,1487862545928,,,,,,,2017-02-23 15:09:05.928,7.715936501462764,26.536402236598825,1.4295619008776583,0.1309387926114341,8.284903686876163
8.759,1487862556209,,,,,,,2017-02-23 15:09:16.209,8.24076255800114,26.536402236598825,1.7444575348006843,0.2513349100163798,8.284903686876163
6.885,1487862566339,,,,,,,2017-02-23 15:09:26.339,8.194126324278557,26.536402236598825,1.7164757945671338,0.23929840901929933,8.284903686876163
7.292,1487862571438,,,,,,,2017-02-23 15:09:31.438,8.239961669201012,26.536402236598825,1.7439770015206073,0.25112600341577895,8.284903686876163
6.969,1487862576549,,,,,,,2017-02-23 15:09:36.549,8.072767704486353,26.536402236598825,1.6436606226918116,0.20919981576980662,8.284903686876163
6.977,1487862581709,,,,,,,2017-02-23 15:09:41.709,7.701610150643738,26.536402236598825,1.4209660903862429,0.1281157450812784,8.284903686876163
6.808,1487862586818,,,,,,,2017-02-23 15:09:46.818,7.691948154637284,26.536402236598825,1.4151688927823707,0.12622572824173245,8.284903686876163
7.522,1487862591939,,,,,,,2017-02-23 15:09:51.939,7.862952476502532,26.536402236598825,1.5177714859015188,0.16133189597039468,8.284903686876163
7.83,1487862597088,,,,,,,2017-02-23 15:09:57.088,8.245770898637623,26.536402236598825,1.7474625391825738,0.25264304856095726,8.284903686876163
7.323,1487862602108,,,,,,,2017-02-23 15:10:02.108,8.136041782782192,26.526770622846982,1.681625069669315,0.22467213560522192,8.28625211280142
7.0,1487862612309,,,,,,,2017-02-23 15:10:12.309,7.7851800614446205,26.526770622846982,1.4711080368667724,0.1449306306152082,8.28625211280142
6.931,1487862622558,,,,,,,2017-02-23 15:10:22.558,8.059868701069313,26.526770622846982,1.6359212206415874,0.20610459433014414,8.28625211280142
6.839,1487862627899,,,,,,,2017-02-23 15:10:27.899,7.504975157959134,26.526770622846982,1.3029850947754802,0.0918572123007741,8.28625211280142
6.808,1487862632948,,,,,,,2017-02-23 15:10:32.948,7.898826356976582,26.526770622846982,1.5392958141859494,0.1691418811811249,8.28625211280142
7.522,1487862638158,,,,,,,2017-02-23 15:10:38.158,7.885726289863317,26.526770622846982,1.5314357739179902,0.16627200809799378,8.28625211280142
9.535,1487862643230,,,,,,,2017-02-23 15:10:43.230,8.3336079239649,26.526770622846982,1.8001647543789399,0.27607469317578703,8.28625211280142
6.946,1487862648339,,,,,,,2017-02-23 15:10:48.339,7.779615082761828,26.526770622846982,1.467769049657097,0.1437848699055087,8.28625211280142
6.985,1487862658688,,,,,,,2017-02-23 15:10:58.688,7.7899090808245175,26.526770622846982,1.4739454484947105,0.14590719841048802,8.28625211280142
6.632,1487862663808,,,,,,,2017-02-23 15:11:03.808,7.666807802889174,26.517100422304004,1.4000846817335044,0.12136043268322079,8.28760594087744
6.624,1487862668857,,,,,,,2017-02-23 15:11:08.857,8.079724276159617,26.517100422304004,1.6478345656957698,0.21087738968158154,8.28760594087744
6.785,1487862673948,,,,,,,2017-02-23 15:11:13.948,8.222339021145043,26.517100422304004,1.7334034126870257,0.24654873132507416,8.28760594087744
9.074,1487862684328,,,,,,,2017-02-23 15:11:24.328,7.985025445345464,26.517100422304004,1.5910152672072781,0.18853935755737372,8.28760594087744
6.678,1487862689437,,,,,,,2017-02-23 15:11:29.437,8.192734145386947,26.517100422304004,1.715640487232168,0.23894310877765385,8.28760594087744
6.747,1487862694557,,,,,,,2017-02-23 15:11:34.557,8.220743867788928,26.517100422304004,1.7324463206733565,0.24613624863701616,8.28760594087744
7.208,1487862709857,,,,,,,2017-02-23 15:11:49.857,8.024122311591173,26.517100422304004,1.6144733869547037,0.19763128944414218,8.28760594087744
6.593,1487862715017,,,,,,,2017-02-23 15:11:55.017,7.994076100237464,26.517100422304004,1.5964456601424786,0.19062776081039554,8.28760594087744
7.369,1487862720127,,,,,,,2017-02-23 15:12:00.127,7.602239163803595,26.507391819076574,1.3613434982821568,0.1092123069711338,8.288965145329279
6.609,1487862725148,,,,,,,2017-02-23 15:12:05.148,8.051374441258469,26.507391819076574,1.6308246647550813,0.204077230364842,8.288965145329279
6.647,1487862740438,,,,,,,2017-02-23 15:12:20.438,7.527357440551622,26.507391819076574,1.3164144643309732,0.09575038554809115,8.288965145329279
6.923,1487862745528,,,,,,,2017-02-23 15:12:25.528,7.529066857461116,26.507391819076574,1.3174401144766694,0.09605019241547179,8.288965145329279
7.123,1487862755729,,,,,,,2017-02-23 15:12:35.729,7.762286904888271,26.507391819076574,1.457372142932963,0.14024101286933485,8.288965145329279
7.522,1487862760838,,,,,,,2017-02-23 15:12:40.838,7.887852059970378,26.507391819076574,1.5327112359822266,0.16673630754030092,8.288965145329279
6.9,1487862776219,,,,,,,2017-02-23 15:12:56.219,8.108100433227476,26.507391819076574,1.6648602599364852,0.2177804427286124,8.288965145329279
9.381,1487862786398,,,,,,,2017-02-23 15:13:06.398,8.247113396365425,26.497644998002503,1.7482680378192548,0.2529942097965739,8.29032970027965
7.0,1487862812419,,,,,,,2017-02-23 15:13:32.419,8.379818306196794,26.497644998002503,1.8278909837180766,0.28877356378098845,8.29032970027965
9.535,1487862822708,,,,,,,2017-02-23 15:13:42.708,7.686002745733236,26.497644998002503,1.4116016474399418,0.1250682935513348,8.29032970027965
7.676,1487862827799,,,,,,,2017-02-23 15:13:47.799,8.155028580033152,26.497644998002503,1.6930171480198912,0.22940866220531697,8.29032970027965
7.522,1487862832838,,,,,,,2017-02-23 15:13:52.838,8.088144955560153,26.497644998002503,1.652886973336092,0.21291580168139768,8.29032970027965
7.369,1487862837929,,,,,,,2017-02-23 15:13:57.929,8.35000914667007,26.497644998002503,1.8100054880020418,0.28055250619261884,8.29032970027965
9.535,1487862843038,,,,,,,2017-02-23 15:14:03.038,7.700949821846304,26.487860144647215,1.4205698931077826,0.12798621921156805,8.29169957974939
6.946,1487862848198,,,,,,,2017-02-23 15:14:08.198,8.021408290366967,26.487860144647215,1.61284497422018,0.19699422225892252,8.29169957974939
7.077,1487862853308,,,,,,,2017-02-23 15:14:13.308,7.954289263825612,26.487860144647215,1.5725735582953673,0.1815204774916383,8.29169957974939
6.655,1487862878838,,,,,,,2017-02-23 15:14:38.838,7.526745839936006,26.487860144647215,1.3160475039616037,0.09564320486622602,8.29169957974939
9.074,1487862889018,,,,,,,2017-02-23 15:14:49.018,7.700075854261206,26.487860144647215,1.4200455125567235,0.12781486778042847,8.29169957974939
8.298,1487862894027,,,,,,,2017-02-23 15:14:54.027,8.29117226761865,26.487860144647215,1.7747033605711902,0.26463884345333816,8.29169957974939
9.688,1487862899127,,,,,,,2017-02-23 15:14:59.127,8.131573729544627,26.487860144647215,1.678944237726776,0.2235638040327304,8.29169957974939
7.522,1487862909267,,,,,,,2017-02-23 15:15:09.267,7.7498316265714795,26.478037445300206,1.4498989759428877,0.13771599026841555,8.29307475765797
7.522,1487862919527,,,,,,,2017-02-23 15:15:19.527,8.14622167098786,26.478037445300206,1.6877330025927157,0.2272062742931724,8.29307475765797
7.522,1487862924567,,,,,,,2017-02-23 15:15:24.567,7.725740189289374,26.478037445300206,1.4354441135736242,0.1328848305413964,8.29307475765797
8.912,1487862934817,,,,,,,2017-02-23 15:15:34.817,7.804908475532458,26.478037445300206,1.4829450853194748,0.14902240849867443,8.29307475765797
7.676,1487862945018,,,,,,,2017-02-23 15:15:45.018,8.16975265284711,26.478037445300206,1.7018515917082664,0.23311157324944753,8.29307475765797
8.298,1487862955207,,,,,,,2017-02-23 15:15:55.207,8.092705734152178,26.478037445300206,1.6556234404913066,0.21402339151198688,8.29307475765797
7.83,1487862971009,,,,,,,2017-02-23 15:16:11.009,8.056899063625153,26.468177086971522,1.6341394381750916,0.2053948329675206,8.294455207823987
7.522,1487862976108,,,,,,,2017-02-23 15:16:16.108,7.848759024123982,26.468177086971522,1.5092554144743893,0.15828452356379968,8.294455207823987
7.108,1487862986319,,,,,,,2017-02-23 15:16:26.319,8.335152887077257,26.468177086971522,1.8010917322463542,0.27649511726489684,8.294455207823987
7.499,1487862996508,,,,,,,2017-02-23 15:16:36.508,8.395700477670559,26.468177086971522,1.8374202866023353,0.2931972429012922,8.294455207823987
10.464,1487863001599,,,,,,,2017-02-23 15:16:41.599,8.383635560486683,26.468177086971522,1.8301813362920096,0.28983402462910635,8.294455207823987
7.676,1487863006689,,,,,,,2017-02-23 15:16:46.689,8.056129418529716,26.468177086971522,1.6336776511178295,0.20521105579636317,8.294455207823987
7.254,1487863011808,,,,,,,2017-02-23 15:16:51.808,8.378224884263009,26.468177086971522,1.8269349305578053,0.2883314169335641,8.294455207823987
8.912,1487863017209,,,,,,,2017-02-23 15:16:57.209,8.376443064086807,26.468177086971522,1.825865838452084,0.28783735369808305,8.294455207823987
9.849,1487863022309,,,,,,,2017-02-23 15:17:02.309,8.20614030393198,26.458279257388167,1.7236841823591877,0.24237418000652944,8.295840903965656
10.31,1487863027419,,,,,,,2017-02-23 15:17:07.419,8.073783827884405,26.458279257388167,1.644270296730643,0.20944449126461853,8.295840903965656
7.522,1487863037619,,,,,,,2017-02-23 15:17:17.619,7.775049315323873,26.458279257388167,1.4650295891943237,0.142847609787314,8.295840903965656
6.923,1487863047848,,,,,,,2017-02-23 15:17:27.848,7.567035431647781,26.458279257388167,1.3402212589886688,0.10279971918919066,8.295840903965656
6.931,1487863053009,,,,,,,2017-02-23 15:17:33.009,7.561252404158086,26.458279257388167,1.3367514424948517,0.10176052493609955,8.295840903965656
9.074,1487863058038,,,,,,,2017-02-23 15:17:38.038,8.207217211750693,26.458279257388167,1.724330327050416,0.2426507314969048,8.295840903965656
6.87,1487863063198,,,,,,,2017-02-23 15:17:43.198,8.381438386203802,26.458279257388167,1.8288630317222814,0.2892234201474678,8.295840903965656
7.108,1487863073348,,,,,,,2017-02-23 15:17:53.348,7.67485753545108,26.458279257388167,1.4049145212706482,0.12291000555982735,8.295840903965656
7.369,1487863093848,,,,,,,2017-02-23 15:18:13.848,8.095688387191489,26.44834414499055,1.657413032314893,0.21474908187502384,8.297231819701322
7.522,1487863098957,,,,,,,2017-02-23 15:18:18.957,7.671639285272779,26.44834414499055,1.4029835711636671,0.12228955972185493,8.297231819701322
6.586,1487863114257,,,,,,,2017-02-23 15:18:34.257,7.702653507538828,26.44834414499055,1.4215921045232967,0.12832050994374575,8.297231819701322
7.676,1487863119437,,,,,,,2017-02-23 15:18:39.437,8.272438088854091,26.44834414499055,1.7634628533124548,0.2596589873496574,8.297231819701322
6.893,1487863124557,,,,,,,2017-02-23 15:18:44.557,7.606243440228218,26.44834414499055,1.363746064136931,0.10995113183474518,8.297231819701322
7.522,1487863129648,,,,,,,2017-02-23 15:18:49.648,7.884261550657113,26.44834414499055,1.5305569303942679,0.16595240307182801,8.297231819701322
6.708,1487863134717,,,,,,,2017-02-23 15:18:54.717,7.663626302086469,26.44834414499055,1.3981757812518816,0.1207501379629423,8.297231819701322
7.054,1487863139838,,,,,,,2017-02-23 15:18:59.838,8.059926556150234,26.44834414499055,1.6359559336901404,0.20611843255477597,8.297231819701322
8.605,1487863144947,,,,,,,2017-02-23 15:19:04.947,8.360734670914782,26.438371938928892,1.8164408025488692,0.2834982138202293,8.298627928549955
6.847,1487863155217,,,,,,,2017-02-23 15:19:15.217,7.906315622634675,26.438371938928892,1.5437893735808048,0.17079183020498429,8.298627928549955
9.227,1487863160327,,,,,,,2017-02-23 15:19:20.327,7.7286456552856935,26.438371938928892,1.437187393171416,0.13346378285000074,8.298627928549955
7.353,1487863165419,,,,,,,2017-02-23 15:19:25.419,8.217576588695689,26.438371938928892,1.7305459532174132,0.245318142894307,8.298627928549955
7.837,1487863175609,,,,,,,2017-02-23 15:19:35.609,8.06294396662568,26.438371938928892,1.6377663799754076,0.20684071683323216,8.298627928549955
10.157,1487863185799,,,,,,,2017-02-23 15:19:45.799,8.172063232421,26.438371938928892,1.7032379394525996,0.23369501527874167,8.298627928549955
6.824,1487863201109,,,,,,,2017-02-23 15:20:01.109,8.046571134957345,26.42836282905962,1.627942680974407,0.202934635546777,8.300029203931652
7.83,1487863206219,,,,,,,2017-02-23 15:20:06.219,7.746070213663212,26.42836282905962,1.4476421281979273,0.13695710975320802,8.300029203931652
7.146,1487863221599,,,,,,,2017-02-23 15:20:21.599,7.937593455874817,26.42836282905962,1.56255607352489,0.1777553563679364,8.300029203931652
6.954,1487863231778,,,,,,,2017-02-23 15:20:31.778,7.9720340946890795,26.42836282905962,1.5832204568134478,0.18555883547945803,8.300029203931652
9.535,1487863236849,,,,,,,2017-02-23 15:20:36.849,7.965919814639425,26.42836282905962,1.5795518887836548,0.18416308453839922,8.300029203931652
6.969,1487863262433,,,,,,,2017-02-23 15:21:02.433,8.342552519325539,26.418317005941756,1.8055315115953232,0.27851271819330137,8.301435619168153
6.908,1487863267532,,,,,,,2017-02-23 15:21:07.532,8.295459984610892,26.418317005941756,1.777275990766535,0.265784512580103,8.301435619168153
6.954,1487863272644,,,,,,,2017-02-23 15:21:12.644,8.394455645899303,26.418317005941756,1.8366733875395815,0.2928494252435484,8.301435619168153
6.931,1487863277789,,,,,,,2017-02-23 15:21:17.789,8.29126032683935,26.418317005941756,1.7747561961036098,0.26466235050616305,8.301435619168153
10.464,1487863282823,,,,,,,2017-02-23 15:21:22.823,8.283994462444785,26.418317005941756,1.7703966774668707,0.2627258865691482,8.301435619168153
9.535,1487863287931,,,,,,,2017-02-23 15:21:27.931,7.922999772495502,26.418317005941756,1.5537998634973014,0.17449168932110118,8.301435619168153
7.83,1487863293026,,,,,,,2017-02-23 15:21:33.026,8.135537895669287,26.418317005941756,1.6813227374015725,0.22454702306502222,8.301435619168153
7.676,1487863298132,,,,,,,2017-02-23 15:21:38.132,8.336784971102194,26.418317005941756,1.8020709826613164,0.2769395603013274,8.301435619168153
8.298,1487863303293,,,,,,,2017-02-23 15:21:43.293,8.054213347551066,26.418317005941756,1.6325280085306395,0.2047538418550089,8.301435619168153
6.839,1487863308719,,,,,,,2017-02-23 15:21:48.719,8.011878972619048,26.418317005941756,1.6071273835714286,0.19476438824704814,8.301435619168153
7.369,1487863318960,,,,,,,2017-02-23 15:21:58.960,7.920336566931955,26.418317005941756,1.5522019401591733,0.1738988592823049,8.301435619168153
7.208,1487863329156,,,,,,,2017-02-23 15:22:09.156,8.117609100171608,26.408234660833294,1.6705654601029645,0.2201152252664035,8.302847147483337
9.849,1487863334260,,,,,,,2017-02-23 15:22:14.260,7.664866702859603,26.408234660833294,1.398920021715762,0.1209879346745596,8.302847147483337
10.003,1487863349561,,,,,,,2017-02-23 15:22:29.561,8.241300576510133,26.408234660833294,1.7447803459060798,0.2514752918437982,8.302847147483337
7.522,1487863360047,,,,,,,2017-02-23 15:22:40.047,8.145854347811534,26.408234660833294,1.6875126086869203,0.2271146181388076,8.302847147483337
7.2,1487863365217,,,,,,,2017-02-23 15:22:45.217,7.731176474948923,26.408234660833294,1.438705884969354,0.13396890744540343,8.302847147483337
6.724,1487863375388,,,,,,,2017-02-23 15:22:55.388,7.583315724434056,26.408234660833294,1.3499894346604333,0.10574679519893587,8.302847147483337
6.808,1487863390768,,,,,,,2017-02-23 15:23:10.768,8.001377950148806,26.39811598568755,1.6008267700892833,0.19231979835931964,8.304263762003742
7.3,1487863395908,,,,,,,2017-02-23 15:23:15.908,7.618735876411088,26.39811598568755,1.3712415258466526,0.11226846324353364,8.304263762003742
9.688,1487863400998,,,,,,,2017-02-23 15:23:20.998,7.7825952028773715,26.39811598568755,1.469557121726423,0.14439797781626607,8.304263762003742
7.092,1487863406108,,,,,,,2017-02-23 15:23:26.108,8.10553695096922,26.39811598568755,1.6633221705815324,0.21715285550605196,8.304263762003742
10.31,1487863411239,,,,,,,2017-02-23 15:23:31.239,8.002622657068832,26.39811598568755,1.601573594241299,0.19260886913977504,8.304263762003742
9.227,1487863416329,,,,,,,2017-02-23 15:23:36.329,8.129556400005521,26.39811598568755,1.6777338400033126,0.22306417644822435,8.304263762003742
6.977,1487863421439,,,,,,,2017-02-23 15:23:41.439,7.852694696404999,26.39811598568755,1.5116168178429994,0.1591271007139927,8.304263762003742
7.676,1487863426598,,,,,,,2017-02-23 15:23:46.598,7.907644569375821,26.39811598568755,1.5445867416254924,0.17108531162913707,8.304263762003742
6.893,1487863431708,,,,,,,2017-02-23 15:23:51.708,7.777342891965678,26.39811598568755,1.4664057351794069,0.14331812220152979,8.304263762003742
7.023,1487863436806,,,,,,,2017-02-23 15:23:56.806,8.217972844346694,26.39811598568755,1.730783706608016,0.24542042954078822,8.304263762003742
6.831,1487863446993,,,,,,,2017-02-23 15:24:06.993,8.157679816507237,26.387961173149513,1.6946078899043422,0.2300734929017043,8.305685435759067
9.688,1487863457221,,,,,,,2017-02-23 15:24:17.221,8.333086795983288,26.387961173149513,1.7998520775899727,0.27593294548762753,8.305685435759067
7.676,1487863462364,,,,,,,2017-02-23 15:24:22.364,8.352515943354241,26.387961173149513,1.8115095660125449,0.28123974827731985,8.305685435759067
7.83,1487863467401,,,,,,,2017-02-23 15:24:27.401,8.355471243436341,26.387961173149513,1.8132827460618044,0.2820509167718418,8.305685435759067
8.298,1487863472519,,,,,,,2017-02-23 15:24:32.519,7.764475558167449,26.387961173149513,1.4586853349004696,0.1406866352568803,8.305685435759067
7.522,1487863477603,,,,,,,2017-02-23 15:24:37.603,7.96353196069394,26.387961173149513,1.578119176416364,0.1836192099544438,8.305685435759067
7.238,1487863482738,,,,,,,2017-02-23 15:24:42.738,8.137978879921734,26.387961173149513,1.6827873279530405,0.22515339042010968,8.305685435759067
9.381,1487863487835,,,,,,,2017-02-23 15:24:47.835,7.908402563868065,26.387961173149513,1.545041538320839,0.1712528002357477,8.305685435759067
7.415,1487863497934,,,,,,,2017-02-23 15:24:57.934,8.39384114087287,26.387961173149513,1.8363046845237223,0.29267779533714866,8.305685435759067
7.177,1487863503037,,,,,,,2017-02-23 15:25:03.037,8.26301766324723,26.377770416552178,1.7578105979483376,0.25717079534415915,8.307112141682694
7.83,1487863513223,,,,,,,2017-02-23 15:25:13.223,8.19863198651467,26.377770416552178,1.7191791919088018,0.24044990083540924,8.307112141682694
7.031,1487863518332,,,,,,,2017-02-23 15:25:18.332,8.17770965968009,26.377770416552178,1.706625795808054,0.23512348443439773,8.307112141682694
7.676,1487863523433,,,,,,,2017-02-23 15:25:23.433,7.520197101774282,26.377770416552178,1.3121182610645692,0.09449837688038135,8.307112141682694
7.522,1487863538838,,,,,,,2017-02-23 15:25:38.838,7.552518023956555,26.377770416552178,1.331510814373933,0.10019858869094556,8.307112141682694
7.208,1487863543950,,,,,,,2017-02-23 15:25:43.950,7.618780301536987,26.377770416552178,1.371268180922192,0.11227673746635476,8.307112141682694
7.208,1487863549051,,,,,,,2017-02-23 15:25:49.051,7.933354448905914,26.377770416552178,1.560012669343548,0.17680472991501006,8.307112141682694
7.369,1487863554151,,,,,,,2017-02-23 15:25:54.151,7.552703956501778,26.377770416552178,1.331622373901067,0.10023174294016238,8.307112141682694
6.778,1487863559332,,,,,,,2017-02-23 15:25:59.332,7.88753468102201,26.377770416552178,1.532520808613206,0.1666669528754756,8.307112141682694
6.601,1487863569550,,,,,,,2017-02-23 15:26:09.550,7.818063238601301,26.367543909912857,1.4908379431607806,0.15177673046439666,8.3085438526122
7.208,1487863579747,,,,,,,2017-02-23 15:26:19.747,7.816684149194201,26.367543909912857,1.490010489516521,0.151487004682454,8.3085438526122
7.522,1487863600222,,,,,,,2017-02-23 15:26:40.222,7.989030108266065,26.367543909912857,1.593418064959639,0.18946220542920636,8.3085438526122
8.298,1487863610335,,,,,,,2017-02-23 15:26:50.335,8.317930553177268,26.367543909912857,1.790758331906361,0.27182467853574244,8.3085438526122
7.346,1487863615392,,,,,,,2017-02-23 15:26:55.392,8.231445939040258,26.367543909912857,1.7388675634241548,0.24890949121923345,8.3085438526122
6.993,1487863620518,,,,,,,2017-02-23 15:27:00.518,7.825038189926822,26.357281847929503,1.495022913956093,0.15324555816206767,8.30998054128987
6.793,1487863630689,,,,,,,2017-02-23 15:27:10.689,7.785143125090928,26.357281847929503,1.471085875054557,0.14492301362283694,8.30998054128987
7.039,1487863645974,,,,,,,2017-02-23 15:27:25.974,8.108879273133098,26.357281847929503,1.6653275638798588,0.2179712731339583,8.30998054128987
7.676,1487863651125,,,,,,,2017-02-23 15:27:31.125,7.919251417491758,26.357281847929503,1.5515508504950546,0.17365754887271323,8.30998054128987
6.923,1487863656242,,,,,,,2017-02-23 15:27:36.242,7.551776593193704,26.357281847929503,1.3310659559162226,0.10006642296548192,8.30998054128987
7.062,1487863661343,,,,,,,2017-02-23 15:27:41.343,7.641658526975961,26.357281847929503,1.3849951161855767,0.11656929493576527,8.30998054128987
6.985,1487863666423,,,,,,,2017-02-23 15:27:46.423,8.330641786164579,26.357281847929503,1.798385071698747,0.27526833383566846,8.30998054128987
7.83,1487863671542,,,,,,,2017-02-23 15:27:51.542,7.934146003244117,26.357281847929503,1.5604876019464702,0.1769820776859586,8.30998054128987
9.227,1487863676659,,,,,,,2017-02-23 15:27:56.659,7.822228379999151,26.357281847929503,1.4933370279994906,0.15265314909246666,8.30998054128987
7.046,1487863681799,,,,,,,2017-02-23 15:28:01.799,7.881075642923564,26.346984425976974,1.5286453857541384,0.16525812932062953,8.311422180363223
7.023,1487863692131,,,,,,,2017-02-23 15:28:12.131,8.106483070699081,26.346984425976974,1.6638898424194486,0.21738439106291715,8.311422180363223
6.839,1487863697234,,,,,,,2017-02-23 15:28:17.234,8.357171142259325,26.346984425976974,1.814302685355595,0.28251797849593335,8.311422180363223
7.676,1487863702333,,,,,,,2017-02-23 15:28:22.333,7.9581932285904164,26.346984425976974,1.5749159371542498,0.1824056974011182,8.311422180363223
6.77,1487863712604,,,,,,,2017-02-23 15:28:32.604,7.963074235364397,26.346984425976974,1.5778445412186382,0.18351503333017558,8.311422180363223
8.298,1487863717627,,,,,,,2017-02-23 15:28:37.627,7.844742500447449,26.346984425976974,1.5068455002684693,0.15742655357384677,8.311422180363223
7.899,1487863727819,,,,,,,2017-02-23 15:28:47.819,7.8011255143859755,26.346984425976974,1.4806753086315854,0.1482341829992409,8.311422180363223
6.939,1487863732926,,,,,,,2017-02-23 15:28:52.926,8.119086525990973,26.346984425976974,1.6714519155945835,0.2204789700702616,8.311422180363223
7.676,1487863738021,,,,,,,2017-02-23 15:28:58.021,7.922288572775501,26.346984425976974,1.5533731436653004,0.1743332928391923,8.311422180363223
7.676,1487863748249,,,,,,,2017-02-23 15:29:08.249,7.739946915076155,26.33665184010335,1.443968149045693,0.1357253407163725,8.31286874238553
8.759,1487863753398,,,,,,,2017-02-23 15:29:13.398,8.111263907481835,26.33665184010335,1.6667583444891008,0.21855600596227323,8.31286874238553
8.912,1487863758439,,,,,,,2017-02-23 15:29:18.439,8.311467508368333,26.33665184010335,1.7868805050209997,0.2700811824676038,8.31286874238553
7.676,1487863763529,,,,,,,2017-02-23 15:29:23.529,8.373974090300678,26.33665184010335,1.8243844541804064,0.28715338616273034,8.31286874238553
6.885,1487863769467,,,,,,,2017-02-23 15:29:29.467,7.7885759545181035,26.33665184010335,1.473145572710862,0.14563162906867588,8.31286874238553
6.724,1487863778837,,,,,,,2017-02-23 15:29:38.837,7.703447468540856,26.33665184010335,1.4220684811245135,0.12847641693636813,8.31286874238553
9.535,1487863783948,,,,,,,2017-02-23 15:29:43.948,8.016752858283875,26.33665184010335,1.6100517149703246,0.19590350261749967,8.31286874238553
6.516,1487863789057,,,,,,,2017-02-23 15:29:49.057,7.689099223728139,26.33665184010335,1.4134595342368832,0.12567057746611496,8.31286874238553
7.522,1487863794218,,,,,,,2017-02-23 15:29:54.218,7.562313416065921,26.33665184010335,1.3373880496395525,0.10195088527264666,8.31286874238553
6.609,1487863799327,,,,,,,2017-02-23 15:29:59.327,8.024665851465379,26.33665184010335,1.6147995108792272,0.1977589817936786,8.31286874238553
6.57,1487863819747,,,,,,,2017-02-23 15:30:19.747,7.55634910202584,26.326284287026162,1.333809461215504,0.10088255882639163,8.314320199816336
6.57,1487863824840,,,,,,,2017-02-23 15:30:24.840,7.980129285305388,26.326284287026162,1.588077571183233,0.1874136849089985,8.314320199816336
9.849,1487863835100,,,,,,,2017-02-23 15:30:35.100,7.591186362868162,26.326284287026162,1.354711817720897,0.10718295157971126,8.314320199816336
6.593,1487863840262,,,,,,,2017-02-23 15:30:40.262,7.854945674403681,26.326284287026162,1.5129674046422088,0.15960984190410624,8.314320199816336
7.039,1487863845354,,,,,,,2017-02-23 15:30:45.354,8.025461098106625,26.326284287026162,1.615276658863975,0.19794587081174475,8.314320199816336
7.123,1487863860739,,,,,,,2017-02-23 15:31:00.739,7.539737052378478,26.315881964128682,1.3238422314270868,0.09792951500900204,8.315776525021985
7.031,1487863865882,,,,,,,2017-02-23 15:31:05.882,7.832827486508619,26.315881964128682,1.4996964919051714,0.1548927758260212,8.315776525021985
7.062,1487863871033,,,,,,,2017-02-23 15:31:11.033,8.1413307248663,26.315881964128682,1.68479843491978,0.2259871905964557,8.315776525021985
7.676,1487863876145,,,,,,,2017-02-23 15:31:16.145,7.822865048682697,26.315881964128682,1.4937190292096183,0.15278729875307676,8.315776525021985
9.849,1487863881302,,,,,,,2017-02-23 15:31:21.302,7.803821580858537,26.315881964128682,1.4822929485151224,0.14879576508739129,8.315776525021985
6.923,1487863886411,,,,,,,2017-02-23 15:31:26.411,8.336117433751047,26.315881964128682,1.8016704602506284,0.2767577403865264,8.315776525021985
6.839,1487863896613,,,,,,,2017-02-23 15:31:36.613,8.328458515572395,26.315881964128682,1.797075109343437,0.27467547539991694,8.315776525021985
7.115,1487863917091,,,,,,,2017-02-23 15:31:57.091,7.53885395234982,26.315881964128682,1.323312371409892,0.09777345758096116,8.315776525021985
6.762,1487863922193,,,,,,,2017-02-23 15:32:02.193,8.238310026538825,26.305445069456145,1.7429860159232948,0.25069542628194347,8.317237690276139
6.893,1487863927244,,,,,,,2017-02-23 15:32:07.244,7.982704895788316,26.305445069456145,1.5896229374729898,0.188005483060671,8.317237690276139
7.069,1487863942633,,,,,,,2017-02-23 15:32:22.633,7.76545412499535,26.305445069456145,1.4592724749972101,0.14088606304782306,8.317237690276139
6.862,1487863952842,,,,,,,2017-02-23 15:32:32.842,8.079154560007069,26.305445069456145,1.6474927360042413,0.21073978458383477,8.317237690276139
6.77,1487863963107,,,,,,,2017-02-23 15:32:43.107,8.37815735718915,26.305445069456145,1.8268944143134895,0.2883126860756596,8.317237690276139
7.369,1487863968221,,,,,,,2017-02-23 15:32:48.221,7.804850855260801,26.305445069456145,1.4829105131564806,0.14901038974205227,8.317237690276139
10.003,1487863973343,,,,,,,2017-02-23 15:32:53.343,8.340156176051346,26.305445069456145,1.8040937056308077,0.2778586062902649,8.317237690276139
7.1,1487863978515,,,,,,,2017-02-23 15:32:58.515,8.187964014843981,26.305445069456145,1.7127784089063887,0.23772747969637978,8.317237690276139
9.381,1487863983732,,,,,,,2017-02-23 15:33:03.732,7.564888774048622,26.294973801711976,1.3389332644291734,0.10241350231621503,8.318703667760323
6.616,1487863988862,,,,,,,2017-02-23 15:33:08.862,8.148871779432888,26.294973801711976,1.6893230676597326,0.22786802123112088,8.318703667760323
6.616,1487863993951,,,,,,,2017-02-23 15:33:13.951,8.016846271913664,26.294973801711976,1.6101077631481986,0.19592536289661347,8.318703667760323
6.632,1487864014443,,,,,,,2017-02-23 15:33:34.443,8.392193564764444,26.294973801711976,1.8353161388586663,0.29221785455990956,8.318703667760323
7.039,1487864019552,,,,,,,2017-02-23 15:33:39.552,7.9464785000813345,26.294973801711976,1.5678871000488006,0.17975488507608223,8.318703667760323
9.074,1487864030333,,,,,,,2017-02-23 15:33:50.333,7.852504991080861,26.294973801711976,1.5115029946485163,0.15908644459012308,8.318703667760323
6.908,1487864035889,,,,,,,2017-02-23 15:33:55.889,7.715956372194131,26.294973801711976,1.4295738233164785,0.13094272529886553,8.318703667760323
6.993,1487864040999,,,,,,,2017-02-23 15:34:00.999,8.26903974551421,26.284468360254024,1.7614238473085257,0.2587601640392777,8.320174429564435
8.298,1487864056419,,,,,,,2017-02-23 15:34:16.419,7.899706275436811,26.284468360254024,1.5398237652620868,0.16933538577254564,8.320174429564435
7.522,1487864066639,,,,,,,2017-02-23 15:34:26.639,8.031643476311416,26.284468360254024,1.6189860857868497,0.1994013650798328,8.320174429564435
9.074,1487864071748,,,,,,,2017-02-23 15:34:31.748,7.963963279025797,26.284468360254024,1.578377967415478,0.18371739944949925,8.320174429564435
6.916,1487864076849,,,,,,,2017-02-23 15:34:36.849,8.07122226175372,26.284468360254024,1.6427333570522318,0.20882792136102188,8.320174429564435
9.227,1487864081969,,,,,,,2017-02-23 15:34:41.969,8.136923580321254,26.284468360254024,1.682154148192752,0.22489115464541026,8.320174429564435
7.676,1487864087049,,,,,,,2017-02-23 15:34:47.049,8.079159414205602,26.284468360254024,1.6474956485233612,0.21074095686714212,8.320174429564435
7.676,1487864092138,,,,,,,2017-02-23 15:34:52.138,8.344006794017314,26.284468360254024,1.8064040764103886,0.27891001667182125,8.320174429564435
10.31,1487864097299,,,,,,,2017-02-23 15:34:57.299,8.274258543117819,26.284468360254024,1.7645551258706913,0.2601410469117205,8.320174429564435
8.605,1487864102339,,,,,,,2017-02-23 15:35:02.339,7.63771762950953,26.27392894509075,1.3826305777057182,0.11582540100430266,8.321649947687295
7.83,1487864112529,,,,,,,2017-02-23 15:35:12.529,8.028360210721065,26.27392894509075,1.6170161264326388,0.19862782698041562,8.321649947687295
7.983,1487864117629,,,,,,,2017-02-23 15:35:17.629,7.887911845476784,26.27392894509075,1.53274710728607,0.16674937341367901,8.321649947687295
7.676,1487864127838,,,,,,,2017-02-23 15:35:27.838,8.37854325847562,26.27392894509075,1.827125955085372,0.2884197358785843,8.321649947687295
6.839,1487864132919,,,,,,,2017-02-23 15:35:32.919,7.685840208207781,26.27392894509075,1.4115041249246683,0.12503671079094095,8.321649947687295
7.83,1487864138029,,,,,,,2017-02-23 15:35:38.029,8.187894757214673,26.27392894509075,1.7127368543288037,0.23770985006112982,8.321649947687295
7.507,1487864143199,,,,,,,2017-02-23 15:35:43.199,7.642588180243292,26.27392894509075,1.3855529081459754,0.1167450503505519,8.321649947687295
7.676,1487864153319,,,,,,,2017-02-23 15:35:53.319,8.032139259807554,26.27392894509075,1.6192835558845324,0.19951828419661122,8.321649947687295
7.507,1487864163538,,,,,,,2017-02-23 15:36:03.538,7.979736015975967,26.26335575687742,1.5878416095855803,0.187323393449336,8.32313019403716
6.923,1487864178937,,,,,,,2017-02-23 15:36:18.937,8.312879320725964,26.26335575687742,1.7877275924355782,0.27046161056870005,8.32313019403716
6.578,1487864184050,,,,,,,2017-02-23 15:36:24.050,7.639348511695853,26.26335575687742,1.3836091070175116,0.11613302447439765,8.32313019403716
7.83,1487864189227,,,,,,,2017-02-23 15:36:29.227,7.73294700274147,26.26335575687742,1.4397682016448823,0.134322742836707,8.32313019403716
8.759,1487864204521,,,,,,,2017-02-23 15:36:44.521,7.687357628302385,26.26335575687742,1.412414576981431,0.12533168492099586,8.32313019403716
6.67,1487864209585,,,,,,,2017-02-23 15:36:49.585,7.941376431438957,26.26335575687742,1.5648258588633746,0.17860553546128802,8.32313019403716
9.849,1487864220058,,,,,,,2017-02-23 15:37:00.058,8.279218006988538,26.252748996912302,1.7675308041931226,0.26145633934693985,8.324615140432277
10.003,1487864225160,,,,,,,2017-02-23 15:37:05.160,8.243908984611442,26.252748996912302,1.7463453907668653,0.25215637999630575,8.324615140432277
6.993,1487864230332,,,,,,,2017-02-23 15:37:10.332,8.301150102551215,26.252748996912302,1.7806900615307293,0.26730830684787843,8.324615140432277
6.616,1487864240416,,,,,,,2017-02-23 15:37:20.416,7.957176419074865,26.252748996912302,1.5743058514449189,0.18217496077036377,8.324615140432277
10.617,1487864245524,,,,,,,2017-02-23 15:37:25.524,7.6578461570837275,26.252748996912302,1.3947076942502366,0.1196444635767672,8.324615140432277
7.676,1487864250600,,,,,,,2017-02-23 15:37:30.600,7.7122306731889045,26.252748996912302,1.4273384039133428,0.13020618730702452,8.324615140432277
8.912,1487864255699,,,,,,,2017-02-23 15:37:35.699,7.575706330891034,26.252748996912302,1.3454237985346205,0.10436537582547682,8.324615140432277
6.916,1487864260808,,,,,,,2017-02-23 15:37:40.808,8.171412405281652,26.252748996912302,1.702847443168991,0.23353061078640974,8.324615140432277
7.83,1487864265935,,,,,,,2017-02-23 15:37:45.935,8.030372603133594,26.252748996912302,1.6182235618801566,0.19910179362826058,8.324615140432277
6.993,1487864271102,,,,,,,2017-02-23 15:37:51.102,7.969335273727191,26.252748996912302,1.5816011642363148,0.18494220303095155,8.324615140432277
6.916,1487864281303,,,,,,,2017-02-23 15:38:01.303,7.6915118673967395,26.24210886713282,1.4149071204380437,0.12614064891346638,8.326104758601405
7.83,1487864286421,,,,,,,2017-02-23 15:38:06.421,8.37214223992141,26.24210886713282,1.8232853439528456,0.2866463904657903,8.326104758601405
7.522,1487864296663,,,,,,,2017-02-23 15:38:16.663,7.907071967410687,26.24210886713282,1.544243180446412,0.17095883359373457,8.326104758601405
6.754,1487864301639,,,,,,,2017-02-23 15:38:21.639,7.726636485991774,26.24210886713282,1.4359818915950644,0.13306332139754712,8.326104758601405
7.077,1487864306721,,,,,,,2017-02-23 15:38:26.721,8.321963110433362,26.24210886713282,1.7931778662600173,0.2729150562893356,8.326104758601405
10.31,1487864316994,,,,,,,2017-02-23 15:38:36.994,7.859040682466213,26.24210886713282,1.5154244094797276,0.1604896100841368,8.326104758601405
9.535,1487864322043,,,,,,,2017-02-23 15:38:42.043,7.7109142602299015,26.24210886713282,1.426548556137941,0.12994634226964266,8.326104758601405
6.754,1487864327203,,,,,,,2017-02-23 15:38:47.203,7.66091837087843,26.24210886713282,1.3965510225270579,0.12023164311626001,8.326104758601405
6.9,1487864337337,,,,,,,2017-02-23 15:38:57.337,7.8868288600356555,26.24210886713282,1.5320973160213933,0.16651275794352186,8.326104758601405
7.522,1487864342445,,,,,,,2017-02-23 15:39:02.445,7.640946815841099,26.2314355701117,1.3845680895046595,0.11643481261841374,8.327599020184362
6.9,1487864347521,,,,,,,2017-02-23 15:39:07.521,7.59397256345382,26.2314355701117,1.3563835380722922,0.10769313147498207,8.327599020184362
7.83,1487864363019,,,,,,,2017-02-23 15:39:23.019,7.632465390740572,26.2314355701117,1.3794792344443434,0.11483687199202158,8.327599020184362
7.676,1487864368122,,,,,,,2017-02-23 15:39:28.122,8.373402661255527,26.2314355701117,1.8240415967533163,0.28699519025724496,8.327599020184362
6.954,1487864378322,,,,,,,2017-02-23 15:39:38.322,8.21184546835693,26.2314355701117,1.7271072810141583,0.24384085880660988,8.327599020184362
7.108,1487864388534,,,,,,,2017-02-23 15:39:48.534,8.375303562961223,26.2314355701117,1.8251821377767339,0.2875215924692871,8.327599020184362
6.808,1487864393631,,,,,,,2017-02-23 15:39:53.631,8.01709182397694,26.2314355701117,1.6102550943861642,0.19598283098946173,8.327599020184362
6.977,1487864398723,,,,,,,2017-02-23 15:39:58.723,7.659984291350934,26.2314355701117,1.3959905748105605,0.12005299652110432,8.327599020184362
6.509,1487864403850,,,,,,,2017-02-23 15:40:03.850,7.903696491521739,26.22072930905314,1.5422178949130432,0.17021404797775677,8.32909789673256
8.145,1487864413972,,,,,,,2017-02-23 15:40:13.972,8.247884337696231,26.22072930905314,1.7487306026177385,0.25319596503803155,8.32909789673256
6.847,1487864424354,,,,,,,2017-02-23 15:40:24.354,7.818061322999028,26.22072930905314,1.4908367937994167,0.1517763278671063,8.32909789673256
7.369,1487864429552,,,,,,,2017-02-23 15:40:29.552,8.165941378721856,26.22072930905314,1.6995648272331134,0.2321505923337972,8.32909789673256
6.609,1487864434573,,,,,,,2017-02-23 15:40:34.573,8.344044393219217,26.22072930905314,1.8064266359315304,0.27892029189719325,8.32909789673256
6.532,1487864444808,,,,,,,2017-02-23 15:40:44.808,8.348405953813197,26.22072930905314,1.8090435722879181,0.28011338380381073,8.32909789673256
6.47,1487864449860,,,,,,,2017-02-23 15:40:49.860,8.087804849422648,26.22072930905314,1.6526829096535889,0.21283330656098237,8.32909789673256
6.639,1487864454962,,,,,,,2017-02-23 15:40:54.962,7.742853548315271,26.22072930905314,1.4457121289891623,0.13630948106598562,8.32909789673256
8.452,1487864465229,,,,,,,2017-02-23 15:41:05.229,7.659910512164758,26.20999028778891,1.3959463072988547,0.12003889040638606,8.330601359709553
7.522,1487864470265,,,,,,,2017-02-23 15:41:10.265,7.606104786352365,26.20999028778891,1.3636628718114188,0.10992551679381961,8.330601359709553
6.731,1487864475426,,,,,,,2017-02-23 15:41:15.426,7.539876014847175,26.20999028778891,1.3239256089083047,0.09795408034731957,8.330601359709553
6.816,1487864485603,,,,,,,2017-02-23 15:41:25.603,8.00371347181098,26.20999028778891,1.6022280830865885,0.19286235285252104,8.330601359709553
6.839,1487864495746,,,,,,,2017-02-23 15:41:35.746,8.22977404294835,26.20999028778891,1.73786442576901,0.24847534461278695,8.330601359709553
6.739,1487864500833,,,,,,,2017-02-23 15:41:40.833,7.765833590749135,26.20999028778891,1.4595001544494808,0.14096342748708587,8.330601359709553
10.617,1487864506005,,,,,,,2017-02-23 15:41:46.005,8.145943262261852,26.20999028778891,1.6875659573571111,0.2271368029927276,8.330601359709553
7.83,1487864511033,,,,,,,2017-02-23 15:41:51.033,8.358689413581741,26.20999028778891,1.8152136481490446,0.2829354296759008,8.330601359709553
9.381,1487864516194,,,,,,,2017-02-23 15:41:56.194,7.773276362960566,26.20999028778891,1.4639658177763395,0.1424843326623946,8.330601359709553
7.138,1487864526403,,,,,,,2017-02-23 15:42:06.403,7.906520578506418,26.1992187107745,1.543912347103851,0.17083707834805553,8.33210938049157
7.0,1487864536626,,,,,,,2017-02-23 15:42:16.626,8.196654665019022,26.1992187107745,1.717992799011413,0.2399442657208377,8.33210938049157
7.269,1487864552103,,,,,,,2017-02-23 15:42:32.103,8.062583715483818,26.1992187107745,1.6375502292902908,0.2067544252788714,8.33210938049157
7.522,1487864562625,,,,,,,2017-02-23 15:42:42.625,7.668129313016202,26.1992187107745,1.400877587809721,0.12161428979250472,8.33210938049157
7.83,1487864567712,,,,,,,2017-02-23 15:42:47.712,8.302275519237629,26.1992187107745,1.7813653115425772,0.26761014983495257,8.33210938049157
9.227,1487864588504,,,,,,,2017-02-23 15:43:08.504,7.731751445675868,26.188414783085207,1.4390508674055207,0.13408377261062054,8.33362193036807
7.208,1487864598855,,,,,,,2017-02-23 15:43:18.855,8.112693709535154,26.188414783085207,1.6676162257210927,0.21890693294228344,8.33362193036807
7.369,1487864603942,,,,,,,2017-02-23 15:43:23.942,8.292492975351779,26.188414783085207,1.7754957852110675,0.26499149871942096,8.33362193036807
7.33,1487864614102,,,,,,,2017-02-23 15:43:34.102,8.230171830516264,26.188414783085207,1.7381030983097583,0.24857860897356573,8.33362193036807
6.57,1487864619406,,,,,,,2017-02-23 15:43:39.406,8.03503528283936,26.188414783085207,1.6210211697036159,0.2002018338813495,8.33362193036807
7.369,1487864624460,,,,,,,2017-02-23 15:43:44.460,7.894173738365923,26.188414783085207,1.5365042430195541,0.16812025915998088,8.33362193036807
6.854,1487864629697,,,,,,,2017-02-23 15:43:49.697,7.763074144102885,26.188414783085207,1.4578444864617308,0.1404012331034241,8.33362193036807
6.731,1487864634689,,,,,,,2017-02-23 15:43:54.689,8.040890758638097,26.188414783085207,1.6245344551828582,0.20158697925255853,8.33362193036807
6.463,1487864639832,,,,,,,2017-02-23 15:43:59.832,7.779121014639227,26.188414783085207,1.467472608783536,0.14368332696674088,8.33362193036807
7.208,1487864644942,,,,,,,2017-02-23 15:44:04.942,8.34249050872167,26.17757871041224,1.8054943052330024,0.2784957829372934,8.335138980542286
8.912,1487864650045,,,,,,,2017-02-23 15:44:10.045,7.935880600435931,26.17757871041224,1.5615283602615588,0.17737097714516348,8.335138980542286
7.208,1487864655247,,,,,,,2017-02-23 15:44:15.247,7.551119682012038,26.17757871041224,1.3306718092072227,0.09994937861941124,8.335138980542286
6.601,1487864665335,,,,,,,2017-02-23 15:44:25.335,7.808265450183227,26.17757871041224,1.4849592701099363,0.14972331269811515,8.335138980542286
7.676,1487864670436,,,,,,,2017-02-23 15:44:30.436,7.848515490805057,26.17757871041224,1.509109294483034,0.15823244725833516,8.335138980542286
7.522,1487864685811,,,,,,,2017-02-23 15:44:45.811,7.915539447370468,26.17757871041224,1.5493236684222804,0.17283316688697764,8.335138980542286
7.522,1487864690904,,,,,,,2017-02-23 15:44:50.904,8.146482378720192,26.17757871041224,1.6878894272321152,0.22727133709961606,8.335138980542286
7.676,1487864695945,,,,,,,2017-02-23 15:44:55.945,8.201994903864787,26.17757871041224,1.7211969423188718,0.24131093416787114,8.335138980542286
10.31,1487864701302,,,,,,,2017-02-23 15:45:01.302,7.71234545960327,26.166710699058807,1.427407275761962,0.1302288547046099,8.336660502131766
9.688,1487864706347,,,,,,,2017-02-23 15:45:06.347,8.203586735880515,26.166710699058807,1.7221520415283091,0.24171897626586852,8.336660502131766
6.954,1487864711790,,,,,,,2017-02-23 15:45:11.790,7.633956277791342,26.166710699058807,1.3803737666748055,0.11511713684169358,8.336660502131766
7.269,1487864716849,,,,,,,2017-02-23 15:45:16.849,7.751966519900567,26.166710699058807,1.4511799119403404,0.13814746905194578,8.336660502131766
7.676,1487864722303,,,,,,,2017-02-23 15:45:22.303,7.709926215333853,26.166710699058807,1.425955729200312,0.1297514499904865,8.336660502131766
6.862,1487864727423,,,,,,,2017-02-23 15:45:27.423,8.345545741969243,26.166710699058807,1.8073274451815458,0.2793307237244489,8.336660502131766
7.676,1487864732536,,,,,,,2017-02-23 15:45:32.536,8.211325284931043,26.166710699058807,1.7267951709586256,0.24370696866707312,8.336660502131766
6.877,1487864737709,,,,,,,2017-02-23 15:45:37.709,8.14716540932271,26.166710699058807,1.688299245593626,0.22744183442493604,8.336660502131766
7.522,1487864743020,,,,,,,2017-02-23 15:45:43.020,7.872001603432615,26.166710699058807,1.523200962059569,0.163287387367796,8.336660502131766
6.916,1487864748133,,,,,,,2017-02-23 15:45:48.133,7.730715555037061,26.166710699058807,1.4384293330222364,0.133876855506538,8.336660502131766
8.452,1487864758552,,,,,,,2017-02-23 15:45:58.552,8.20044029942959,26.166710699058807,1.7202641796577545,0.24091272828579055,8.336660502131766
7.115,1487864768765,,,,,,,2017-02-23 15:46:08.765,8.248077023987147,26.155810955936175,1.748846214392288,0.2532464021548373,8.338186466168935
6.624,1487864779054,,,,,,,2017-02-23 15:46:19.054,7.516697887924526,26.155810955936175,1.3100187327547155,0.09388876589068683,8.338186466168935
7.369,1487864784324,,,,,,,2017-02-23 15:46:24.324,7.654822609341858,26.155810955936175,1.392893565605115,0.1190676912286049,8.338186466168935
9.227,1487864809979,,,,,,,2017-02-23 15:46:49.979,7.948674264196001,26.155810955936175,1.5692045585176002,0.18025048916282146,8.338186466168935
9.688,1487864815078,,,,,,,2017-02-23 15:46:55.078,8.071855770166628,26.155810955936175,1.643113462099977,0.20898033378103217,8.338186466168935
7.323,1487864825324,,,,,,,2017-02-23 15:47:05.324,7.706234135295803,26.144879688559744,1.4237404811774819,0.12902422238455064,8.339716843601636
9.849,1487864835485,,,,,,,2017-02-23 15:47:15.485,7.869893507507061,26.144879688559744,1.5219361045042363,0.16283095570496697,8.339716843601636
7.192,1487864850933,,,,,,,2017-02-23 15:47:30.933,7.537184007091569,26.144879688559744,1.3223104042549414,0.09747860824275302,8.339716843601636
8.145,1487864856041,,,,,,,2017-02-23 15:47:36.041,8.07965200584638,26.144879688559744,1.6477912035078282,0.2108599318784814,8.339716843601636
10.464,1487864861190,,,,,,,2017-02-23 15:47:41.190,7.8284474664491555,26.144879688559744,1.4970684798694933,0.1539656285222669,8.339716843601636
10.779,1487864876625,,,,,,,2017-02-23 15:47:56.625,8.247897223045317,26.144879688559744,1.7487383338271902,0.2531993377381284,8.339716843601636
7.592,1487864881930,,,,,,,2017-02-23 15:48:01.930,8.120707974716984,26.133917105045082,1.6724247848301903,0.22087847504395683,8.341251605293687
8.091,1487864907149,,,,,,,2017-02-23 15:48:27.149,7.88372175418115,26.133917105045082,1.5302330525086898,0.1658346847970693,8.341251605293687
8.605,1487864917410,,,,,,,2017-02-23 15:48:37.410,7.996868742441845,26.133917105045082,1.5981212454651068,0.19127413653294176,8.341251605293687
8.452,1487864922509,,,,,,,2017-02-23 15:48:42.509,7.500065379832497,26.133917105045082,1.3000392278994983,0.09101124558766087,8.341251605293687
10.31,1487864932730,,,,,,,2017-02-23 15:48:52.730,7.778394638102885,26.133917105045082,1.4670367828617308,0.14353409222516236,8.341251605293687
8.605,1487864937819,,,,,,,2017-02-23 15:48:57.819,7.637457435789623,26.133917105045082,1.382474461473774,0.11577635175504675,8.341251605293687
8.605,1487864948030,,,,,,,2017-02-23 15:49:08.030,8.228001620161391,26.122923414103983,1.7368009720968347,0.24801546020521598,8.342790722025441
8.052,1487864953212,,,,,,,2017-02-23 15:49:13.212,7.520641537782176,26.122923414103983,1.3123849226693054,0.09457590888345499,8.342790722025441
8.759,1487864963450,,,,,,,2017-02-23 15:49:23.450,7.836106363144451,26.122923414103983,1.5016638178866708,0.15558834370161703,8.342790722025441
8.029,1487864968531,,,,,,,2017-02-23 15:49:28.531,7.913302211870791,26.122923414103983,1.5479813271224745,0.17233710354201334,8.342790722025441
7.883,1487864978700,,,,,,,2017-02-23 15:49:38.700,8.099395858355962,26.122923414103983,1.6596375150135771,0.21565261133808225,8.342790722025441
8.912,1487864983840,,,,,,,2017-02-23 15:49:43.840,8.20065491784517,26.122923414103983,1.7203929507071023,0.24096768470340674,8.342790722025441
7.753,1487864989121,,,,,,,2017-02-23 15:49:49.121,8.315550814904968,26.122923414103983,1.7893304889429809,0.27118212806518405,8.342790722025441
7.737,1487865004230,,,,,,,2017-02-23 15:50:04.230,8.22482892290654,26.111898825040473,1.7348973537439236,0.24719319278883597,8.344334164494333
8.052,1487865009348,,,,,,,2017-02-23 15:50:09.348,7.765020015117414,26.111898825040473,1.4590120090704484,0.14079757910496524,8.344334164494333
8.452,1487865014458,,,,,,,2017-02-23 15:50:14.458,7.869642470981393,26.111898825040473,1.521785482588836,0.16277663838999348,8.344334164494333
9.227,1487865019729,,,,,,,2017-02-23 15:50:19.729,8.258237833050316,26.111898825040473,1.7549426998301896,0.2559123839727847,8.344334164494333
8.452,1487865029863,,,,,,,2017-02-23 15:50:29.863,7.539542296908389,26.111898825040473,1.3237253781450335,0.09789509066293046,8.344334164494333
9.849,1487865040232,,,,,,,2017-02-23 15:50:40.232,7.637056653833304,26.111898825040473,1.3822339922999825,0.11570081604092727,8.344334164494333
8.605,1487865050446,,,,,,,2017-02-23 15:50:50.446,8.180615681119377,26.111898825040473,1.7083694086716263,0.23586015947566857,8.344334164494333
9.227,1487865055564,,,,,,,2017-02-23 15:50:55.564,7.914109637757372,26.111898825040473,1.5484657826544233,0.17251606521928053,8.344334164494333
11.086,1487865060702,,,,,,,2017-02-23 15:51:00.702,7.640254165858375,26.100843547746834,1.3841524995150247,0.11630399039007816,8.345881903315442
10.003,1487865066640,,,,,,,2017-02-23 15:51:06.640,8.133497569443884,26.100843547746834,1.6800985416663305,0.22404073217382667,8.345881903315442
8.075,1487865086398,,,,,,,2017-02-23 15:51:26.398,7.625235011305132,26.100843547746834,1.3751410067830792,0.1134814504278785,8.345881903315442
8.759,1487865096710,,,,,,,2017-02-23 15:51:36.710,8.298005872238278,26.100843547746834,1.7788035233429667,0.2664658123525903,8.345881903315442
8.759,1487865101749,,,,,,,2017-02-23 15:51:41.749,8.299514217296869,26.100843547746834,1.7797085303781213,0.26686982439465096,8.345881903315442
10.003,1487865106914,,,,,,,2017-02-23 15:51:46.914,7.7387547680630115,26.100843547746834,1.443252860837807,0.13548605046320736,8.345881903315442
8.106,1487865117234,,,,,,,2017-02-23 15:51:57.234,8.30758466416934,26.100843547746834,1.7845507985016043,0.2690361416252169,8.345881903315442
11.547,1487865127511,,,,,,,2017-02-23 15:52:07.511,7.9163914995009605,26.089757792699615,1.5498348997005764,0.17302225076556474,8.347433909022053
8.759,1487865137806,,,,,,,2017-02-23 15:52:17.806,8.103878470719213,26.089757792699615,1.6623270824315277,0.21674724940759516,8.347433909022053
10.003,1487865158306,,,,,,,2017-02-23 15:52:38.306,7.564269787057613,26.089757792699615,1.338561872234568,0.10230223970561535,8.347433909022053
8.759,1487865178948,,,,,,,2017-02-23 15:52:58.948,7.826292652517162,26.089757792699615,1.495775591510297,0.15351034993815293,8.347433909022053
8.605,1487865184062,,,,,,,2017-02-23 15:53:04.062,7.633368477094213,26.07864177095561,1.3800210862565279,0.11500660710115043,8.348990152066214
8.605,1487865189152,,,,,,,2017-02-23 15:53:09.152,8.218980146773513,26.07864177095561,1.7313880880641075,0.24568053233231188,8.348990152066214
7.853,1487865199644,,,,,,,2017-02-23 15:53:19.644,8.123968810155777,26.07864177095561,1.6743812860934661,0.22168285990962655,8.348990152066214
7.86,1487865204742,,,,,,,2017-02-23 15:53:24.742,8.14165909173035,26.07864177095561,1.68499545503821,0.22606894717763332,8.348990152066214
8.452,1487865215132,,,,,,,2017-02-23 15:53:35.132,7.9863919436870106,26.07864177095561,1.5918351662122063,0.18885404168718353,8.348990152066214
7.86,1487865225314,,,,,,,2017-02-23 15:53:45.314,8.360762011898053,26.07864177095561,1.816457207138832,0.2835057405140723,8.348990152066214
7.891,1487865230370,,,,,,,2017-02-23 15:53:50.370,7.900699170779792,26.07864177095561,1.5404195024678748,0.16955384690194092,8.348990152066214
8.321,1487865235504,,,,,,,2017-02-23 15:53:55.504,7.864542044694457,26.07864177095561,1.5187252268166742,0.16167468582844757,8.348990152066214
9.381,1487865240592,,,,,,,2017-02-23 15:54:00.592,7.873056734396032,26.067495694147848,1.5238340406376192,0.1635160379408114,8.3505506028193
8.168,1487865245909,,,,,,,2017-02-23 15:54:05.909,7.776297301183002,26.067495694147848,1.465778380709801,0.14310354772193692,8.3505506028193
8.106,1487865251024,,,,,,,2017-02-23 15:54:11.024,7.943808321806342,26.067495694147848,1.5662849930838054,0.1791529809409646,8.3505506028193
8.352,1487865256137,,,,,,,2017-02-23 15:54:16.137,7.577557786905274,26.067495694147848,1.3465346721431644,0.10470085196628576,8.3505506028193
8.383,1487865261237,,,,,,,2017-02-23 15:54:21.237,7.53991767137592,26.067495694147848,1.323950602825552,0.09796144470594283,8.3505506028193
8.145,1487865266322,,,,,,,2017-02-23 15:54:26.322,8.139316418761839,26.067495694147848,1.683589851257103,0.22548595302494398,8.3505506028193
8.667,1487865276551,,,,,,,2017-02-23 15:54:36.551,8.031994677298002,26.067495694147848,1.6191968063788011,0.19948418469566062,8.3505506028193
8.175,1487865281645,,,,,,,2017-02-23 15:54:41.645,8.093293073213449,26.067495694147848,1.6559758439280692,0.2141662088360967,8.3505506028193
8.237,1487865286741,,,,,,,2017-02-23 15:54:46.741,8.217723831822129,26.067495694147848,1.7306342990932773,0.24535614899933259,8.3505506028193
10.157,1487865291831,,,,,,,2017-02-23 15:54:51.831,7.609578944376236,26.067495694147848,1.3657473666257416,0.1105680311357492,8.3505506028193
9.227,1487865296938,,,,,,,2017-02-23 15:54:56.938,8.312389463823802,26.067495694147848,1.7874336782942812,0.2703295862336095,8.3505506028193
8.26,1487865307204,,,,,,,2017-02-23 15:55:07.204,7.506729265555404,26.056319774481565,1.3040375593332425,0.09216015065642447,8.35211523157258
11.086,1487865312339,,,,,,,2017-02-23 15:55:12.339,7.563482616362214,26.056319774481565,1.3380895698173285,0.10216081256911237,8.35211523157258
8.912,1487865322535,,,,,,,2017-02-23 15:55:22.535,8.15616626479752,26.056319774481565,1.6936997588785117,0.22969384756867312,8.35211523157258
10.31,1487865327700,,,,,,,2017-02-23 15:55:27.700,7.9746707027809025,26.056319774481565,1.5848024216685415,0.18616209744302617,8.35211523157258
8.098,1487865332819,,,,,,,2017-02-23 15:55:32.819,8.260993083513474,26.056319774481565,1.7565958501080847,0.25663743875363837,8.35211523157258
8.805,1487865337934,,,,,,,2017-02-23 15:55:37.934,7.877966128173697,26.056319774481565,1.5267796769042183,0.1645816776886729,8.35211523157258
8.912,1487865343041,,,,,,,2017-02-23 15:55:43.041,8.347215990479208,26.056319774481565,1.808329594287525,0.2797876464338438,8.35211523157258
8.605,1487865358340,,,,,,,2017-02-23 15:55:58.340,8.313645373996355,26.056319774481565,1.788187224397813,0.2706681320049132,8.35211523157258
8.121,1487865363429,,,,,,,2017-02-23 15:56:03.429,7.9450994595427,26.045114224730163,1.5670596757256199,0.1794439187744566,8.353684008537776
8.214,1487865368520,,,,,,,2017-02-23 15:56:08.520,8.012227438524787,26.045114224730163,1.6073364631148723,0.19484573635292332,8.353684008537776
8.191,1487865373680,,,,,,,2017-02-23 15:56:13.680,7.879239107665408,26.045114224730163,1.527543464599245,0.16485846456542155,8.353684008537776
8.022,1487865378800,,,,,,,2017-02-23 15:56:18.800,7.709147291032662,26.045114224730163,1.425488374619597,0.12959788941839587,8.353684008537776
8.022,1487865383937,,,,,,,2017-02-23 15:56:23.937,7.644367598902346,26.045114224730163,1.3866205593414078,0.1170817472279733,8.353684008537776
8.759,1487865394175,,,,,,,2017-02-23 15:56:34.175,8.010464841602106,26.045114224730163,1.6062789049612636,0.19443441402627404,8.353684008537776
8.759,1487865404372,,,,,,,2017-02-23 15:56:44.372,7.984446839901981,26.045114224730163,1.5906681039411885,0.18840618090460168,8.353684008537776
8.029,1487865409452,,,,,,,2017-02-23 15:56:49.452,7.859011363543624,26.045114224730163,1.5154068181261744,0.1604833040787105,8.353684008537776
7.906,1487865414559,,,,,,,2017-02-23 15:56:54.559,8.103758431683504,26.045114224730163,1.6622550590101024,0.21671790487929815,8.353684008537776
8.759,1487865419720,,,,,,,2017-02-23 15:56:59.720,7.925061295424561,26.045114224730163,1.5550367772547364,0.1749511691051048,8.353684008537776
7.929,1487865425612,,,,,,,2017-02-23 15:57:05.612,8.1974679313067,26.033879258231156,1.7184807587840205,0.24015217509682743,8.355256903847637
8.49,1487865435049,,,,,,,2017-02-23 15:57:15.049,8.006142779526703,26.033879258231156,1.603685667716022,0.193427388874614,8.355256903847637
7.999,1487865440161,,,,,,,2017-02-23 15:57:20.161,7.9777878180524535,26.033879258231156,1.586672690831472,0.1868763766497815,8.355256903847637
8.605,1487865446090,,,,,,,2017-02-23 15:57:26.090,8.040908903030612,26.033879258231156,1.6245453418183673,0.2015912778039321,8.355256903847637
8.912,1487865450319,,,,,,,2017-02-23 15:57:30.319,7.978458184888089,26.033879258231156,1.587074910932853,0.1870301418819355,8.355256903847637
7.999,1487865455417,,,,,,,2017-02-23 15:57:35.417,8.194661101173834,26.033879258231156,1.7167966607043001,0.239434952130942,8.355256903847637
8.759,1487865465660,,,,,,,2017-02-23 15:57:45.660,7.988345141462771,26.033879258231156,1.5930070848776627,0.18930422296301427,8.355256903847637
9.074,1487865470729,,,,,,,2017-02-23 15:57:50.729,7.720930221496877,26.033879258231156,1.432558132898126,0.1319286078637024,8.355256903847637
10.617,1487865475851,,,,,,,2017-02-23 15:57:55.851,7.784722498638237,26.033879258231156,1.4708334991829422,0.1448362838396248,8.355256903847637
10.932,1487865480949,,,,,,,2017-02-23 15:58:00.949,7.561874126475904,26.022615088882112,1.3371244758855423,0.10187205420548485,8.356833887556503
10.157,1487865486099,,,,,,,2017-02-23 15:58:06.099,7.734575803571718,26.022615088882112,1.4407454821430308,0.13464858667161453,8.356833887556503
10.464,1487865491409,,,,,,,2017-02-23 15:58:11.409,7.694605001859074,26.022615088882112,1.4167630011154444,0.12674432672467495,8.356833887556503
8.912,1487865506809,,,,,,,2017-02-23 15:58:26.809,7.544524098018736,26.022615088882112,1.3267144588112418,0.09877708857748557,8.356833887556503
8.39,1487865511900,,,,,,,2017-02-23 15:58:31.900,7.718771068344797,26.022615088882112,1.431262641006878,0.13150027057598848,8.356833887556503
10.932,1487865517019,,,,,,,2017-02-23 15:58:37.019,7.8261412776161805,26.022615088882112,1.4956847665697084,0.15347838772788994,8.356833887556503
8.244,1487865522189,,,,,,,2017-02-23 15:58:42.189,8.308049055423023,26.022615088882112,1.784829433253814,0.26916103409096237,8.356833887556503
11.086,1487865527321,,,,,,,2017-02-23 15:58:47.321,7.933227579937395,26.022615088882112,1.5599365479624367,0.1767763119103366,8.356833887556503
10.157,1487865542690,,,,,,,2017-02-23 15:59:02.690,7.9960653508662975,26.01132193113658,1.5976392105197785,0.19108809028880938,8.358414929640878
8.275,1487865547792,,,,,,,2017-02-23 15:59:07.792,8.098036871359128,26.01132193113658,1.6588221228154765,0.21532122784407076,8.358414929640878
8.344,1487865552829,,,,,,,2017-02-23 15:59:12.829,7.842511965482259,26.01132193113658,1.505507179289355,0.1569509248528597,8.358414929640878
8.298,1487865557920,,,,,,,2017-02-23 15:59:17.920,7.824429317428033,26.01132193113658,1.4946575904568196,0.1531171055180308,8.358414929640878
8.828,1487865563032,,,,,,,2017-02-23 15:59:23.032,7.761158444058772,26.01132193113658,1.4566950664352631,0.1400114763523007,8.358414929640878
8.482,1487865573259,,,,,,,2017-02-23 15:59:33.259,7.521728087781475,26.01132193113658,1.313036852668885,0.09476555768633206,8.358414929640878
8.168,1487865583500,,,,,,,2017-02-23 15:59:43.500,8.133165160923319,26.01132193113658,1.6798990965539913,0.22395829493923403,8.358414929640878
7.991,1487865594047,,,,,,,2017-02-23 15:59:54.047,7.728212803355583,26.01132193113658,1.4369276820133499,0.13337746719408514,8.358414929640878
7.976,1487865599147,,,,,,,2017-02-23 15:59:59.147,7.919358557403622,26.01132193113658,1.551615134442173,0.17368136785348176,8.358414929640878
9.227,1487865604241,,,,,,,2017-02-23 16:00:04.241,8.353940959632068,26.0,1.8123645757792406,0.2816307548089559,8.36
7.976,1487865619519,,,,,,,2017-02-23 16:00:19.519,8.179863993664076,26.0,1.7079183961984459,0.23566950990307323,8.36
10.157,1487865624663,,,,,,,2017-02-23 16:00:24.663,7.858636200875827,26.0,1.515181720525496,0.16040262202536099,8.36
8.759,1487865634762,,,,,,,2017-02-23 16:00:34.762,8.087509532107926,26.0,1.6525057192647559,0.21276168654162386,8.36
8.037,1487865639852,,,,,,,2017-02-23 16:00:39.852,8.021508599854455,26.0,1.612905159912673,0.1970177523582955,8.36
8.014,1487865655121,,,,,,,2017-02-23 16:00:55.121,8.157447694170903,26.0,1.694468616502542,0.23001525163163367,8.36
8.106,1487865660229,,,,,,,2017-02-23 16:01:00.229,7.768412364823254,25.988649511025628,1.4610474188939524,0.14148963860500038,8.36158906845641
7.991,1487865665284,,,,,,,2017-02-23 16:01:05.284,7.854460466241459,25.988649511025628,1.5126762797448756,0.15950573352121777,8.36158906845641
10.464,1487865675512,,,,,,,2017-02-23 16:01:15.512,7.994364122149103,25.988649511025628,1.596618473289462,0.19069438212574097,8.36158906845641
8.421,1487865685697,,,,,,,2017-02-23 16:01:25.697,7.70264775471796,25.988649511025628,1.421588652830776,0.12831938056102293,8.36158906845641
8.82,1487865696103,,,,,,,2017-02-23 16:01:36.103,7.8066906353944,25.988649511025628,1.48401438123664,0.14939433803815405,8.36158906845641
8.275,1487865706332,,,,,,,2017-02-23 16:01:46.332,7.538814449480367,25.988649511025628,1.3232886696882202,0.09776647899993098,8.36158906845641
8.759,1487865711603,,,,,,,2017-02-23 16:01:51.603,7.734164214848477,25.988649511025628,1.440498528909086,0.13456621772487418,8.36158906845641
10.003,1487865716709,,,,,,,2017-02-23 16:01:56.709,8.098558151608469,25.988649511025628,1.6591348909650812,0.2154483137280734,8.36158906845641
9.074,1487865726853,,,,,,,2017-02-23 16:02:06.853,7.5744310388254465,25.9772706803104,1.344658623295268,0.10413453745041493,8.363182104756543
8.221,1487865757425,,,,,,,2017-02-23 16:02:37.425,7.786170322963,25.9772706803104,1.4717021937777999,0.1451349027743208,8.363182104756543
9.074,1487865762533,,,,,,,2017-02-23 16:02:42.533,8.103503995448477,25.9772706803104,1.6621023972690865,0.21665571156847466,8.363182104756543
8.229,1487865767611,,,,,,,2017-02-23 16:02:47.611,7.585907884306106,25.9772706803104,1.3515447305836639,0.10621896597580738,8.363182104756543
9.074,1487865772724,,,,,,,2017-02-23 16:02:52.724,7.637222885244609,25.9772706803104,1.3823337311467652,0.11573214347616399,8.363182104756543
8.498,1487865777813,,,,,,,2017-02-23 16:02:57.813,8.142281231429237,25.9772706803104,1.6853687388575422,0.22622388262060425,8.363182104756543
9.227,1487865782912,,,,,,,2017-02-23 16:03:02.912,7.6170257952101545,25.965863724490866,1.3702154771260928,0.11195013898082075,8.364779078571278
8.697,1487865788101,,,,,,,2017-02-23 16:03:08.101,7.8146331416515435,25.965863724490866,1.4887798849909262,0.1510565411935967,8.364779078571278
10.464,1487865793227,,,,,,,2017-02-23 16:03:13.227,7.8784132495187835,25.965863724490866,1.5270479497112701,0.1646788741619127,8.364779078571278
9.227,1487865803426,,,,,,,2017-02-23 16:03:23.426,8.146170690635383,25.965863724490866,1.68770241438123,0.22719355247545842,8.364779078571278
9.535,1487865809378,,,,,,,2017-02-23 16:03:29.378,7.696570045991586,25.965863724490866,1.4179420275949517,0.12712843488942085,8.364779078571278
8.505,1487865818748,,,,,,,2017-02-23 16:03:38.748,8.39086469704792,25.965863724490866,1.8345188182287522,0.29184712239901933,8.364779078571278
8.091,1487865829037,,,,,,,2017-02-23 16:03:49.037,8.0998661837234,25.965863724490866,1.6599197102340397,0.21576734990291727,8.364779078571278
8.329,1487865834207,,,,,,,2017-02-23 16:03:54.207,8.197657816002843,25.965863724490866,1.718594689601706,0.2402007300462805,8.364779078571278
8.49,1487865844337,,,,,,,2017-02-23 16:04:04.337,8.13041897013606,25.95442886073901,1.6782513820816356,0.22327774753784677,8.366379959496538
8.068,1487865854557,,,,,,,2017-02-23 16:04:14.557,7.797732117314565,25.95442886073901,1.478639270388739,0.14752858899894203,8.366379959496538
9.074,1487865859647,,,,,,,2017-02-23 16:04:19.647,7.5880641951324135,25.95442886073901,1.3528385170794481,0.10661235971063432,8.366379959496538
9.381,1487865864738,,,,,,,2017-02-23 16:04:24.738,7.884424469184121,25.95442886073901,1.5306546815104727,0.16598793905011844,8.366379959496538
10.31,1487865869948,,,,,,,2017-02-23 16:04:29.948,8.083821535016748,25.95442886073901,1.6502929210100485,0.21186815910783932,8.366379959496538
8.759,1487865880148,,,,,,,2017-02-23 16:04:40.148,7.67458230699701,25.95442886073901,1.404749384198206,0.12285689571846964,8.366379959496538
8.083,1487865890357,,,,,,,2017-02-23 16:04:50.357,8.081243930879813,25.95442886073901,1.6487463585278879,0.21124462654240483,8.366379959496538
9.381,1487865900569,,,,,,,2017-02-23 16:05:00.569,7.71906332166033,25.942966306758166,1.4314379929961978,0.13155821565938813,8.367984717053856
8.352,1487865905629,,,,,,,2017-02-23 16:05:05.629,8.394623680403937,25.942966306758166,1.8367742082423621,0.29289636480184633,8.367984717053856
8.313,1487865910728,,,,,,,2017-02-23 16:05:10.728,7.779758011969971,25.942966306758166,1.4678548071819826,0.14381425077451843,8.367984717053856
8.336,1487865915818,,,,,,,2017-02-23 16:05:15.818,8.097302426860738,25.942966306758166,1.6583814561164427,0.21514222876807057,8.367984717053856
8.26,1487865920918,,,,,,,2017-02-23 16:05:20.918,8.364224633084902,25.942966306758166,1.8185347798509413,0.28445968987644715,8.367984717053856
8.375,1487865926019,,,,,,,2017-02-23 16:05:26.019,7.623419760718809,25.942966306758166,1.3740518564312854,0.11314214508378843,8.367984717053856
8.751,1487865931099,,,,,,,2017-02-23 16:05:31.099,7.7985341879048375,25.942966306758166,1.4791205127429026,0.14769524000051212,8.367984717053856
8.352,1487865936209,,,,,,,2017-02-23 16:05:36.209,7.823491422034457,25.942966306758166,1.4940948532206741,0.15291932659771912,8.367984717053856
10.932,1487865951589,,,,,,,2017-02-23 16:05:51.589,8.373997718275564,25.942966306758166,1.8243986309653386,0.2871599282364507,8.367984717053856
8.367,1487865961719,,,,,,,2017-02-23 16:06:01.719,8.375252373801269,25.931476280778824,1.8251514242807612,0.2875074113645036,8.369593320690964
10.31,1487865966809,,,,,,,2017-02-23 16:06:06.809,7.636176911055062,25.931476280778824,1.3817061466330374,0.11553507776774062,8.369593320690964
9.688,1487865971918,,,,,,,2017-02-23 16:06:11.918,7.963369243857654,25.931476280778824,1.5780215463145923,0.18358217331270937,8.369593320690964
8.406,1487865976949,,,,,,,2017-02-23 16:06:16.949,8.1830110231531,25.931476280778824,1.7098066138918595,0.23646813944725173,8.369593320690964
8.513,1487865987229,,,,,,,2017-02-23 16:06:27.229,7.9082416914933695,25.931476280778824,1.5449450148960215,0.1712172476572616,8.369593320690964
9.074,1487865992339,,,,,,,2017-02-23 16:06:32.339,8.37493699416438,25.931476280778824,1.8249621964986273,0.28742004762171713,8.369593320690964
8.267,1487865997429,,,,,,,2017-02-23 16:06:37.429,7.810548312243213,25.931476280778824,1.486328987345928,0.1502007249600592,8.369593320690964
9.227,1487866007609,,,,,,,2017-02-23 16:06:47.609,7.80727582001315,25.931476280778824,1.4843654920078897,0.14951654681614693,8.369593320690964
8.759,1487866017819,,,,,,,2017-02-23 16:06:57.819,8.23474928475974,25.931476280778824,1.740849570855844,0.24976826766597232,8.369593320690964
8.352,1487866022898,,,,,,,2017-02-23 16:07:02.898,7.880683383455603,25.91995900155453,1.5284100300733616,0.16517273226071602,8.371205739782365
8.375,1487866028009,,,,,,,2017-02-23 16:07:08.009,8.29282232993037,25.91995900155453,1.7756933979582221,0.265079475558197,8.371205739782365
8.982,1487866038209,,,,,,,2017-02-23 16:07:18.209,8.393100902803205,25.91995900155453,1.8358605416819231,0.29247110863742526,8.371205739782365
8.39,1487866043319,,,,,,,2017-02-23 16:07:23.319,7.746775990935837,25.91995900155453,1.4480655945615022,0.13709937382310583,8.371205739782365
8.398,1487866048429,,,,,,,2017-02-23 16:07:28.429,7.6807553128088655,25.91995900155453,1.4084531876853192,0.1240502627896427,8.371205739782365
9.074,1487866058719,,,,,,,2017-02-23 16:07:38.719,8.067012103830391,25.91995900155453,1.6402072622982349,0.20781624541223737,8.371205739782365
8.106,1487866063827,,,,,,,2017-02-23 16:07:43.827,7.754939641322148,25.91995900155453,1.4529637847932886,0.13874927155045733,8.371205739782365
8.145,1487866068937,,,,,,,2017-02-23 16:07:48.937,8.392312206957588,25.91995900155453,1.8353873241745524,0.2922509640778363,8.371205739782365
9.381,1487866079137,,,,,,,2017-02-23 16:07:59.137,7.577750943357872,25.91995900155453,1.346650566014723,0.1047358748091363,8.371205739782365
8.759,1487866084248,,,,,,,2017-02-23 16:08:04.248,8.06861249869256,25.908414688357674,1.6411674992155354,0.2082005601952839,8.372821943629924
9.074,1487866089357,,,,,,,2017-02-23 16:08:09.357,7.9072810614532925,25.908414688357674,1.5443686368719756,0.17100501435107757,8.372821943629924
8.413,1487866094457,,,,,,,2017-02-23 16:08:14.457,7.919656157362552,25.908414688357674,1.5517936944175312,0.17374753649109714,8.372821943629924
8.912,1487866099577,,,,,,,2017-02-23 16:08:19.577,8.154424440058785,25.908414688357674,1.6926546640352709,0.2292572845548862,8.372821943629924
10.779,1487866104748,,,,,,,2017-02-23 16:08:24.748,7.7484124358474284,25.908414688357674,1.449047461508457,0.13742946326277686,8.372821943629924
10.157,1487866109908,,,,,,,2017-02-23 16:08:29.908,7.8935693765423345,25.908414688357674,1.5361416259254006,0.16798774401439684,8.372821943629924
8.106,1487866120048,,,,,,,2017-02-23 16:08:40.048,7.995907568420472,25.908414688357674,1.5975445410522835,0.1910515607533236,8.372821943629924
8.252,1487866125149,,,,,,,2017-02-23 16:08:45.149,7.7432538910830075,25.908414688357674,1.4459523346498044,0.13639001659789873,8.372821943629924
10.157,1487866130247,,,,,,,2017-02-23 16:08:50.247,8.189135149160778,25.908414688357674,1.713481089496467,0.23802568088418477,8.372821943629924
9.074,1487866135338,,,,,,,2017-02-23 16:08:55.338,7.757806017965322,25.908414688357674,1.4546836107791932,0.13933047166398357,8.372821943629924
8.805,1487866145529,,,,,,,2017-02-23 16:09:05.529,7.938722318914198,25.896843560975334,1.563233391348519,0.1780088752400492,8.374441901463452
8.306,1487866150609,,,,,,,2017-02-23 16:09:10.609,7.965278335707189,25.896843560975334,1.579167001424313,0.18401690952234356,8.374441901463452
8.72,1487866155729,,,,,,,2017-02-23 16:09:15.729,8.234565501105157,25.896843560975334,1.7407393006630945,0.2497204547149193,8.374441901463452
11.239,1487866160819,,,,,,,2017-02-23 16:09:20.819,7.643204481903752,25.896843560975334,1.3859226891422514,0.11686162230568473,8.374441901463452
9.227,1487866165919,,,,,,,2017-02-23 16:09:25.919,7.9532100764787375,25.896843560975334,1.5719260458872424,0.18127609555965463,8.374441901463452
8.836,1487866181189,,,,,,,2017-02-23 16:09:41.189,7.582714427909459,25.896843560975334,1.3496286567456754,0.10563738219549032,8.374441901463452
9.381,1487866186329,,,,,,,2017-02-23 16:09:46.329,7.61965613025786,25.896843560975334,1.3717936781547158,0.11243990977484901,8.374441901463452
8.436,1487866191419,,,,,,,2017-02-23 16:09:51.419,7.730620513096348,25.896843560975334,1.4383723078578086,0.13385787751622116,8.374441901463452
8.836,1487866196519,,,,,,,2017-02-23 16:09:56.519,7.690756813830512,25.896843560975334,1.414454088298307,0.12599346170021414,8.374441901463452
8.39,1487866201638,,,,,,,2017-02-23 16:10:01.638,8.140141487740479,25.885245839705103,1.6840848926442873,0.22569120335095802,8.376065582441285
9.028,1487866206739,,,,,,,2017-02-23 16:10:06.739,8.115880845788796,25.885245839705103,1.6695285074732777,0.2196900584482443,8.376065582441285
9.074,1487866211829,,,,,,,2017-02-23 16:10:11.829,8.096246771635553,25.885245839705103,1.6577480629813315,0.2148850574824642,8.376065582441285
8.421,1487866216918,,,,,,,2017-02-23 16:10:16.918,7.63363748047653,25.885245839705103,1.380182488285918,0.11505718521325005,8.376065582441285
8.375,1487866227098,,,,,,,2017-02-23 16:10:27.098,7.928161257772542,25.885245839705103,1.5568967546635253,0.17564306009631916,8.376065582441285
8.628,1487866232209,,,,,,,2017-02-23 16:10:32.209,7.8324809031782845,25.885245839705103,1.4994885419069708,0.15481932840535984,8.376065582441285
9.074,1487866237318,,,,,,,2017-02-23 16:10:37.318,7.729881675683963,25.885245839705103,1.4379290054103777,0.1337103833065576,8.376065582441285
8.329,1487866242408,,,,,,,2017-02-23 16:10:42.408,8.184750867727097,25.885245839705103,1.7108505206362579,0.23691017430024133,8.376065582441285
9.688,1487866247498,,,,,,,2017-02-23 16:10:47.498,8.259879726305405,25.885245839705103,1.7559278357832429,0.2563443448315283,8.376065582441285
11.393,1487866252548,,,,,,,2017-02-23 16:10:52.548,8.170556298661344,25.885245839705103,1.7023337791968065,0.23331442835021526,8.376065582441285
8.383,1487866257718,,,,,,,2017-02-23 16:10:57.718,8.327414662372327,25.885245839705103,1.796448797423396,0.27439222333856295,8.376065582441285
8.467,1487866262819,,,,,,,2017-02-23 16:11:02.819,7.962899396840446,25.87362174535087,1.5777396381042674,0.18347524735227164,8.377692955650877
8.36,1487866267928,,,,,,,2017-02-23 16:11:07.928,7.520791100544434,25.87362174535087,1.3124746603266604,0.09460200548535361,8.377692955650877
11.393,1487866273018,,,,,,,2017-02-23 16:11:13.018,7.694287729161496,25.87362174535087,1.4165726374968974,0.12668235271794112,8.377692955650877
8.467,1487866283298,,,,,,,2017-02-23 16:11:23.298,8.322522285389311,25.87362174535087,1.793513371233587,0.273066407684685,8.377692955650877
10.31,1487866293499,,,,,,,2017-02-23 16:11:33.499,7.599172076621217,25.87362174535087,1.3595032459727303,0.10864770322573124,8.377692955650877
9.381,1487866298539,,,,,,,2017-02-23 16:11:38.539,8.153010573170183,25.87362174535087,1.69180634390211,0.22890318710559465,8.377692955650877
8.36,1487866303628,,,,,,,2017-02-23 16:11:43.628,7.622323886618839,25.87362174535087,1.3733943319713036,0.1129374964926927,8.377692955650877
8.912,1487866313868,,,,,,,2017-02-23 16:11:53.868,7.684752466555705,25.87362174535087,1.4108514799334229,0.12482543268148623,8.377692955650877
8.759,1487866319027,,,,,,,2017-02-23 16:11:59.027,7.8080134675121275,25.87362174535087,1.4848080805072765,0.14967065418221662,8.377692955650877
10.617,1487866324097,,,,,,,2017-02-23 16:12:04.097,7.9445405180838025,25.86197149921864,1.5667243108502813,0.17931794544350693,8.37932399010939
8.759,1487866329238,,,,,,,2017-02-23 16:12:09.238,7.619957700140654,25.86197149921864,1.3719746200843925,0.11249611541357464,8.37932399010939
8.221,1487866334327,,,,,,,2017-02-23 16:12:14.327,7.742329626551899,25.86197149921864,1.4453977759311394,0.1362041146412136,8.37932399010939
8.49,1487866349638,,,,,,,2017-02-23 16:12:29.638,8.136727136166739,25.86197149921864,1.6820362817000434,0.22484235417654488,8.37932399010939
10.157,1487866354767,,,,,,,2017-02-23 16:12:34.767,7.510392261908293,25.86197149921864,1.3062353571449756,0.09279394899468059,8.37932399010939
10.157,1487866359987,,,,,,,2017-02-23 16:12:39.987,7.524982968569199,25.86197149921864,1.3149897811415192,0.09533451951701395,8.37932399010939
8.321,1487866364976,,,,,,,2017-02-23 16:12:44.976,8.204227367465844,25.86197149921864,1.7225364204795062,0.24188327830939751,8.37932399010939
8.229,1487866370077,,,,,,,2017-02-23 16:12:50.077,7.953688547495685,25.86197149921864,1.572213128497411,0.1813844280569825,8.37932399010939
8.605,1487866375167,,,,,,,2017-02-23 16:12:55.167,8.31588988791928,25.86197149921864,1.7895339327515678,0.27127363927465226,8.37932399010939
10.157,1487866380247,,,,,,,2017-02-23 16:13:00.247,7.546857820791429,25.850295323112306,1.3281146924748573,0.09919128449828504,8.380958654764276
9.074,1487866385338,,,,,,,2017-02-23 16:13:05.338,8.003690345666078,25.850295323112306,1.6022142073996466,0.19285697731359813,8.380958654764276
8.444,1487866395599,,,,,,,2017-02-23 16:13:15.599,7.585691812139436,25.850295323112306,1.3514150872836619,0.1061795768880475,8.380958654764276
8.513,1487866405819,,,,,,,2017-02-23 16:13:25.819,8.365612651211194,25.850295323112306,1.8193675907267162,0.2848424917245377,8.380958654764276
8.482,1487866416039,,,,,,,2017-02-23 16:13:36.039,7.789250574394077,25.850295323112306,1.4735503446364464,0.14577105248301953,8.380958654764276
10.157,1487866421128,,,,,,,2017-02-23 16:13:41.128,8.10844217282695,25.850295323112306,1.6650653036961696,0.21786416638669803,8.380958654764276
9.074,1487866426229,,,,,,,2017-02-23 16:13:46.229,8.049599608955555,25.850295323112306,1.6297597653733331,0.20365471655020143,8.380958654764276
8.912,1487866431357,,,,,,,2017-02-23 16:13:51.357,8.314601439335311,25.850295323112306,1.7887608636011865,0.2709259778637031,8.380958654764276
8.498,1487866441588,,,,,,,2017-02-23 16:14:01.588,7.5654918714668815,25.838593439329426,1.3392951228801289,0.10252195300599769,8.38259691849388
8.375,1487866446639,,,,,,,2017-02-23 16:14:06.639,7.748620955084419,25.838593439329426,1.4491725730506517,0.13747154703294548,8.38259691849388
8.859,1487866451729,,,,,,,2017-02-23 16:14:11.729,8.373906941415651,25.838593439329426,1.8243441648493905,0.2871347944587595,8.38259691849388
9.028,1487866456828,,,,,,,2017-02-23 16:14:16.828,8.112350435580245,25.838593439329426,1.667410261348147,0.2188226582771211,8.38259691849388
11.393,1487866472208,,,,,,,2017-02-23 16:14:32.208,8.252812347768392,25.838593439329426,1.7516874086610352,0.254487309673317,8.38259691849388
8.436,1487866482508,,,,,,,2017-02-23 16:14:42.508,8.296522724713762,25.838593439329426,1.7779136348282574,0.2660688157098933,8.38259691849388
10.464,1487866492728,,,,,,,2017-02-23 16:14:52.728,8.008733309737382,25.838593439329426,1.605239985842429,0.19403070410101075,8.38259691849388
8.567,1487866503008,,,,,,,2017-02-23 16:15:03.008,7.716670671653575,25.826866070657005,1.430002402992145,0.1310841263217036,8.384238750108018
8.628,1487866508119,,,,,,,2017-02-23 16:15:08.119,7.687471909759089,25.826866070657005,1.4124831458554534,0.1253539114954865,8.384238750108018
9.074,1487866513229,,,,,,,2017-02-23 16:15:13.229,7.576705720265209,25.826866070657005,1.3460234321591253,0.1045464099369002,8.384238750108018
10.31,1487866518399,,,,,,,2017-02-23 16:15:18.399,8.173674278201666,25.826866070657005,1.7042045669209998,0.23410219783731878,8.384238750108018
8.667,1487866523439,,,,,,,2017-02-23 16:15:23.439,7.890410790294753,25.826866070657005,1.534246474176852,0.16729589104141204,8.384238750108018
8.298,1487866528539,,,,,,,2017-02-23 16:15:28.539,7.823415446721036,25.826866070657005,1.4940492680326216,0.15290330990668424,8.384238750108018
8.912,1487866533708,,,,,,,2017-02-23 16:15:33.708,8.207415708140134,25.826866070657005,1.7244494248840805,0.24270172084750757,8.384238750108018
8.191,1487866538818,,,,,,,2017-02-23 16:15:38.818,7.721120695791296,25.826866070657005,1.4326724174747774,0.13196642140253645,8.384238750108018
8.475,1487866543877,,,,,,,2017-02-23 16:15:43.877,7.931541190591966,25.826866070657005,1.5589247143551797,0.17639875273247013,8.384238750108018
8.421,1487866549027,,,,,,,2017-02-23 16:15:49.027,7.6759595611424905,25.826866070657005,1.4055757366854942,0.12312275054595584,8.384238750108018
8.759,1487866554087,,,,,,,2017-02-23 16:15:54.087,7.969265067439262,25.826866070657005,1.5815590404635573,0.18492617381067966,8.384238750108018
9.074,1487866559227,,,,,,,2017-02-23 16:15:59.227,7.90921069858384,25.826866070657005,1.5455264191503042,0.17143144390654902,8.384238750108018
8.16,1487866569438,,,,,,,2017-02-23 16:16:09.438,7.681141574141983,25.815113440367234,1.4086849444851899,0.12412508694537923,8.385884118348587
8.221,1487866579627,,,,,,,2017-02-23 16:16:19.627,7.872262836466844,25.815113440367234,1.5233577018801066,0.16334398503715766,8.385884118348587
8.091,1487866584687,,,,,,,2017-02-23 16:16:24.687,7.649224080294685,25.815113440367234,1.389534448176811,0.1180026113790735,8.385884118348587
8.912,1487866589847,,,,,,,2017-02-23 16:16:29.847,8.106383485729543,25.815113440367234,1.6638300914377258,0.21736001545141206,8.385884118348587
8.206,1487866600048,,,,,,,2017-02-23 16:16:40.048,7.776651646617854,25.815113440367234,1.4659909879707123,0.14317625123285305,8.385884118348587
8.912,1487866605117,,,,,,,2017-02-23 16:16:45.117,8.001900368616514,25.815113440367234,1.6011402211699086,0.19244110220308405,8.385884118348587
9.227,1487866620489,,,,,,,2017-02-23 16:17:00.489,7.745381419264292,25.803335772213252,1.4472288515585752,0.13681832656866771,8.387532991890144
10.464,1487866625509,,,,,,,2017-02-23 16:17:05.509,7.849434142014039,25.803335772213252,1.5096604852084234,0.15842892560272,8.387532991890144
8.482,1487866630639,,,,,,,2017-02-23 16:17:10.639,8.079926047987893,25.803335772213252,1.6479556287927357,0.21092613352200898,8.387532991890144
10.617,1487866640989,,,,,,,2017-02-23 16:17:20.989,7.584208167164403,25.803335772213252,1.3505249002986415,0.10590926567730853,8.387532991890144
8.59,1487866651218,,,,,,,2017-02-23 16:17:31.218,8.245316752248096,25.803335772213252,1.7471900513488574,0.25252430505757145,8.387532991890144
9.074,1487866656348,,,,,,,2017-02-23 16:17:36.348,7.860893502906558,25.803335772213252,1.516536101743935,0.16088832972633796,8.387532991890144
9.227,1487866661519,,,,,,,2017-02-23 16:17:41.519,7.914631768677954,25.803335772213252,1.5487790612067724,0.1726318344284286,8.387532991890144
11.086,1487866666629,,,,,,,2017-02-23 16:17:46.629,8.113501783514328,25.803335772213252,1.668101070108597,0.2191053730669802,8.387532991890144
10.157,1487866671738,,,,,,,2017-02-23 16:17:51.738,7.812573065327737,25.803335772213252,1.4875438391966425,0.15062468250647354,8.387532991890144
8.82,1487866676899,,,,,,,2017-02-23 16:17:56.899,7.545156019165872,25.803335772213252,1.327093611499523,0.09888917926054451,8.387532991890144
8.398,1487866682019,,,,,,,2017-02-23 16:18:02.019,7.917770778185505,25.791533290424887,1.5506624669113032,0.17332851923425027,8.389185339340514
10.464,1487866687098,,,,,,,2017-02-23 16:18:07.098,7.881829876619391,25.791533290424887,1.5290979259716346,0.16542238205928605,8.389185339340514
10.464,1487866692208,,,,,,,2017-02-23 16:18:12.208,7.927052247513545,25.791533290424887,1.5562313485081272,0.17539540389871205,8.389185339340514
8.475,1487866697329,,,,,,,2017-02-23 16:18:17.329,7.786014118737722,25.791533290424887,1.471608471242633,0.14510267298992705,8.389185339340514
8.413,1487866717809,,,,,,,2017-02-23 16:18:37.809,8.14930685903992,25.791533290424887,1.6895841154239517,0.22797674358664327,8.389185339340514
8.659,1487866722918,,,,,,,2017-02-23 16:18:42.918,7.909425972816659,25.791533290424887,1.5456555836899954,0.1714790449574774,8.389185339340514
8.667,1487866728018,,,,,,,2017-02-23 16:18:48.018,7.629757935109052,25.791533290424887,1.3778547610654313,0.11432859214218287,8.389185339340514
9.074,1487866733129,,,,,,,2017-02-23 16:18:53.129,7.8847345298418,25.791533290424887,1.5308407179050798,0.16605557863994502,8.389185339340514
8.843,1487866738219,,,,,,,2017-02-23 16:18:58.219,8.093541459852759,25.791533290424887,1.6561248759116551,0.2142266189685231,8.389185339340514
8.429,1487866748448,,,,,,,2017-02-23 16:19:08.448,7.747144752953003,25.779706219704376,1.4482868517718015,0.1371737292426485,8.390841129241387
8.552,1487866758709,,,,,,,2017-02-23 16:19:18.709,7.623640553359593,25.779706219704376,1.3741843320157556,0.11318339436395393,8.390841129241387
10.31,1487866784337,,,,,,,2017-02-23 16:19:44.337,7.9212761981405535,25.779706219704376,1.552765718884332,0.17410792418736074,8.390841129241387
8.16,1487866789467,,,,,,,2017-02-23 16:19:49.467,7.795186378048289,25.779706219704376,1.4771118268289734,0.14700015689142173,8.390841129241387
8.229,1487866794567,,,,,,,2017-02-23 16:19:54.567,8.38094145151917,25.779706219704376,1.828564870911502,0.28908540012157946,8.390841129241387
8.912,1487866799647,,,,,,,2017-02-23 16:19:59.647,7.9897941126776635,25.779706219704376,1.5938764676065982,0.18963848374938014,8.390841129241387
8.175,1487866804737,,,,,,,2017-02-23 16:20:04.737,7.639543200033044,25.7678547852221,1.3837259200198264,0.11616976868621132,8.392500330068906
8.436,1487866815018,,,,,,,2017-02-23 16:20:15.018,8.242865399882346,25.7678547852221,1.7457192399294077,0.251883788920305,8.392500330068906
10.464,1487866820087,,,,,,,2017-02-23 16:20:20.087,7.894568427898361,25.7678547852221,1.5367410567390163,0.1682068242561691,8.392500330068906
8.145,1487866825318,,,,,,,2017-02-23 16:20:25.318,7.600332443703201,25.7678547852221,1.3601994662219208,0.10886117627251798,8.392500330068906
9.074,1487866835519,,,,,,,2017-02-23 16:20:35.519,7.534732850463528,25.7678547852221,1.3208397102781169,0.09704643253380614,8.392500330068906
8.513,1487866840688,,,,,,,2017-02-23 16:20:40.688,8.079421582899109,25.7678547852221,1.6476529497394652,0.2108042745024052,8.392500330068906
8.49,1487866845779,,,,,,,2017-02-23 16:20:45.779,7.897730798738576,25.7678547852221,1.5386384792431453,0.16890108467894857,8.392500330068906
9.227,1487866850898,,,,,,,2017-02-23 16:20:50.898,7.870869945313206,25.7678547852221,1.5225219671879238,0.16304230157406874,8.392500330068906
9.381,1487866855938,,,,,,,2017-02-23 16:20:55.938,8.161439782039555,25.7678547852221,1.6968638692237326,0.23101779762667538,8.392500330068906
10.464,1487866861038,,,,,,,2017-02-23 16:21:01.038,7.977942713965316,25.755979212612285,1.5867656283791893,0.18691190107198621,8.394162910234279
8.498,1487866866188,,,,,,,2017-02-23 16:21:06.188,8.099300927001096,25.755979212612285,1.6595805562006576,0.21562945551045085,8.394162910234279
8.797,1487866881518,,,,,,,2017-02-23 16:21:21.518,8.083365954289542,25.755979212612285,1.6500195725737252,0.21175789433525016,8.394162910234279
10.932,1487866886709,,,,,,,2017-02-23 16:21:26.709,7.9104013892921925,25.755979212612285,1.5462408335753155,0.17169479697823484,8.394162910234279
9.227,1487866891839,,,,,,,2017-02-23 16:21:31.839,7.853312987608369,25.755979212612285,1.5119877925650216,0.15925963790140463,8.394162910234279
8.767,1487866896929,,,,,,,2017-02-23 16:21:36.929,7.6670704979253,25.755979212612285,1.40024229875518,0.12141087871977205,8.394162910234279
10.779,1487866907199,,,,,,,2017-02-23 16:21:47.199,7.547405363014064,25.755979212612285,1.3284432178084382,0.09928855854496867,8.394162910234279
8.521,1487866912308,,,,,,,2017-02-23 16:21:52.308,7.771995985636853,25.755979212612285,1.4631975913821116,0.14222221850169242,8.394162910234279
8.659,1487866922699,,,,,,,2017-02-23 16:22:02.699,7.5653223175065225,25.744079727968717,1.3391933905039135,0.10249145892098725,8.395828838084379
8.406,1487866927809,,,,,,,2017-02-23 16:22:07.809,8.204924192403219,25.744079727968717,1.7229545154419312,0.2420620481154735,8.395828838084379
8.644,1487866932919,,,,,,,2017-02-23 16:22:12.919,8.037837634464793,25.744079727968717,1.622702580678876,0.20086423239074555,8.395828838084379
8.375,1487866938008,,,,,,,2017-02-23 16:22:18.008,8.390013263835291,25.744079727968717,1.8340079583011746,0.2916096979678349,8.395828838084379
8.598,1487866943118,,,,,,,2017-02-23 16:22:23.118,8.292372915273447,25.744079727968717,1.775423749164068,0.2649594316385693,8.395828838084379
9.074,1487866948229,,,,,,,2017-02-23 16:22:28.229,7.7899382243166695,25.744079727968717,1.4739629345900016,0.14591322501766135,8.395828838084379
10.932,1487866958439,,,,,,,2017-02-23 16:22:38.439,7.824340868358118,25.744079727968717,1.4946045210148708,0.15309844929083422,8.395828838084379
8.413,1487866968608,,,,,,,2017-02-23 16:22:48.608,8.302635293760321,25.744079727968717,1.7815811762561928,0.2677066754141584,8.395828838084379
9.373,1487866978748,,,,,,,2017-02-23 16:22:58.748,8.050994802613113,25.744079727968717,1.6305968815678678,0.20398682239985527,8.395828838084379
8.475,1487866983868,,,,,,,2017-02-23 16:23:03.868,8.22134857111195,25.732156557840433,1.7328091426671697,0.24629257989397044,8.397498081902338
8.344,1487866989007,,,,,,,2017-02-23 16:23:09.007,8.224451191238348,25.732156557840433,1.7346707147430087,0.24709537660219555,8.397498081902338
8.168,1487866994048,,,,,,,2017-02-23 16:23:14.048,7.963740932403013,25.732156557840433,1.5782445594418077,0.18366677951647922,8.397498081902338
9.535,1487866999167,,,,,,,2017-02-23 16:23:19.167,8.215580916267879,25.732156557840433,1.729348549760727,0.24480328046168173,8.397498081902338
10.464,1487867004318,,,,,,,2017-02-23 16:23:24.318,8.110646923874157,25.732156557840433,1.666388154324494,0.2184046508445732,8.397498081902338
8.498,1487867009448,,,,,,,2017-02-23 16:23:29.448,8.186423790187717,25.732156557840433,1.7118542741126306,0.2373355490964277,8.397498081902338
8.152,1487867019728,,,,,,,2017-02-23 16:23:39.728,8.244860639111115,25.732156557840433,1.7469163834666692,0.252405072228933,8.397498081902338
8.552,1487867025137,,,,,,,2017-02-23 16:23:45.137,7.797047773297321,25.732156557840433,1.4782286639783928,0.14738645978439308,8.397498081902338
8.912,1487867029947,,,,,,,2017-02-23 16:23:49.947,7.65062813137455,25.732156557840433,1.3903768788247297,0.11826936863410586,8.397498081902338
8.183,1487867035027,,,,,,,2017-02-23 16:23:55.027,8.287694674497475,25.732156557840433,1.772616804698485,0.2637112580274667,8.397498081902338
9.074,1487867050338,,,,,,,2017-02-23 16:24:10.338,7.705933178745298,25.7202099292274,1.4235599072471785,0.12896501519067974,8.399170609908163
8.912,1487867055458,,,,,,,2017-02-23 16:24:15.458,8.261180762038292,25.7202099292274,1.7567084572229748,0.2566868602204178,8.399170609908163
9.074,1487867070899,,,,,,,2017-02-23 16:24:30.899,8.28669250110471,25.7202099292274,1.772015500662826,0.26344421566767323,8.399170609908163
9.227,1487867086198,,,,,,,2017-02-23 16:24:46.198,8.216551480229901,25.7202099292274,1.7299308881379405,0.24505361602872272,8.399170609908163
9.535,1487867091299,,,,,,,2017-02-23 16:24:51.299,7.799400053958623,25.7202099292274,1.4796400323751737,0.1478752328195087,8.399170609908163
10.932,1487867101499,,,,,,,2017-02-23 16:25:01.499,7.955934806946424,25.708240069576213,1.5735608841678546,0.1818933796859014,8.400846390259328
8.475,1487867106609,,,,,,,2017-02-23 16:25:06.609,8.183915669513768,25.708240069576213,1.7103494017082608,0.236697933736756,8.400846390259328
8.459,1487867116809,,,,,,,2017-02-23 16:25:16.809,7.899371235560739,25.708240069576213,1.5396227413364434,0.16926169554404583,8.400846390259328
8.674,1487867121919,,,,,,,2017-02-23 16:25:21.919,7.596826433826343,25.708240069576213,1.3580958602958058,0.10821666811538262,8.400846390259328
9.381,1487867127029,,,,,,,2017-02-23 16:25:27.029,8.006167473115143,25.708240069576213,1.6037004838690858,0.19343313602619075,8.400846390259328
9.227,1487867137279,,,,,,,2017-02-23 16:25:37.279,8.021155843626449,25.708240069576213,1.6126935061758694,0.196935009904509,8.400846390259328
9.688,1487867142339,,,,,,,2017-02-23 16:25:42.339,8.365439965288616,25.708240069576213,1.8192639791731693,0.28479485404076754,8.400846390259328
8.49,1487867147498,,,,,,,2017-02-23 16:25:47.498,7.951463538846117,25.708240069576213,1.5708781233076698,0.1808808882959796,8.400846390259328
8.767,1487867152609,,,,,,,2017-02-23 16:25:52.609,7.573128530993551,25.708240069576213,1.3438771185961307,0.10389897425360728,8.400846390259328
8.413,1487867157699,,,,,,,2017-02-23 16:25:57.699,7.6056916550983376,25.708240069576213,1.3634149930590025,0.10984920823435962,8.400846390259328
8.39,1487867167848,,,,,,,2017-02-23 16:26:07.848,7.736058984984038,25.69624720677574,1.441635390990423,0.13494557608075625,8.402525391051395
8.444,1487867178099,,,,,,,2017-02-23 16:26:18.099,7.946848059201351,25.69624720677574,1.5681088355208104,0.17983825746335316,8.402525391051395
9.074,1487867183219,,,,,,,2017-02-23 16:26:23.219,7.678210900887657,25.69624720677574,1.4069265405325941,0.12355782246438841,8.402525391051395
8.36,1487867193509,,,,,,,2017-02-23 16:26:33.509,8.102318490320993,25.69624720677574,1.6613910941925958,0.2163660341621644,8.402525391051395
9.381,1487867198628,,,,,,,2017-02-23 16:26:38.628,8.129822335551319,25.69624720677574,1.6778934013307913,0.22313001217638598,8.402525391051395
10.932,1487867208818,,,,,,,2017-02-23 16:26:48.818,8.157602974776347,25.69624720677574,1.6945617848658086,0.23005421200761386,8.402525391051395
9.074,1487867213858,,,,,,,2017-02-23 16:26:53.858,7.776743320870405,25.69624720677574,1.4660459925222429,0.1431950631284924,8.402525391051395
8.674,1487867218957,,,,,,,2017-02-23 16:26:58.957,8.00170820330959,25.69624720677574,1.6010249219857542,0.1923964782453378,8.402525391051395
8.912,1487867229137,,,,,,,2017-02-23 16:27:09.137,7.512452817105929,25.684231569152804,1.3074716902635575,0.09315118890145227,8.404207580318607
10.617,1487867234258,,,,,,,2017-02-23 16:27:14.258,7.714505313072811,25.684231569152804,1.4287031878436867,0.1306556656087114,8.404207580318607
10.617,1487867239407,,,,,,,2017-02-23 16:27:19.407,8.272607806863602,25.684231569152804,1.7635646841181614,0.25970391217413474,8.404207580318607
9.074,1487867244597,,,,,,,2017-02-23 16:27:24.597,8.209490164241137,25.684231569152804,1.725694098544682,0.24323488583877048,8.404207580318607
8.912,1487867254758,,,,,,,2017-02-23 16:27:34.758,8.095715920871829,25.684231569152804,1.657429552523097,0.2147557858927648,8.404207580318607
10.31,1487867259877,,,,,,,2017-02-23 16:27:39.877,8.316592133312815,25.684231569152804,1.789955279987689,0.27146320966110665,8.404207580318607
8.214,1487867264987,,,,,,,2017-02-23 16:27:44.987,7.528656871469422,25.684231569152804,1.317194122881653,0.09597825486968545,8.404207580318607
9.074,1487867270117,,,,,,,2017-02-23 16:27:50.117,8.146169645051351,25.684231569152804,1.6877017870308109,0.22719329155997986,8.404207580318607
8.198,1487867275237,,,,,,,2017-02-23 16:27:55.237,8.08980942480072,25.684231569152804,1.653885654880432,0.21331973052074915,8.404207580318607
8.383,1487867285469,,,,,,,2017-02-23 16:28:05.469,7.541831327561057,25.672193385467825,1.325098796536634,0.098299979938433,8.405892926034504
10.779,1487867290548,,,,,,,2017-02-23 16:28:10.548,8.371251239231846,25.672193385467825,1.8227507435391075,0.28639993645965917,8.405892926034504
8.467,1487867295659,,,,,,,2017-02-23 16:28:15.659,8.37887575082548,25.672193385467825,1.8273254504952883,0.2885119842653258,8.405892926034504
10.617,1487867300788,,,,,,,2017-02-23 16:28:20.788,8.163992221746174,25.672193385467825,1.6983953330477042,0.2316598023727071,8.405892926034504
9.074,1487867305859,,,,,,,2017-02-23 16:28:25.859,8.313585790483687,25.672193385467825,1.7881514742902123,0.2706520662718122,8.405892926034504
9.074,1487867311008,,,,,,,2017-02-23 16:28:31.008,8.120178501944194,25.672193385467825,1.6721071011665163,0.22074798479082602,8.405892926034504
8.421,1487867326318,,,,,,,2017-02-23 16:28:46.318,7.540277792394229,25.672193385467825,1.3241666754365373,0.09802511832541656,8.405892926034504
8.375,1487867331409,,,,,,,2017-02-23 16:28:51.409,8.361201758107086,25.672193385467825,1.8167210548642516,0.2836268104844229,8.405892926034504
8.49,1487867336499,,,,,,,2017-02-23 16:28:56.499,7.867239808476905,25.672193385467825,1.5203438850861426,0.1622571516738368,8.405892926034504
10.003,1487867346718,,,,,,,2017-02-23 16:29:06.718,7.945328755480038,25.66013288491046,1.5671972532880225,0.1794956079700104,8.407581396112535
9.227,1487867356849,,,,,,,2017-02-23 16:29:16.849,7.839470519407363,25.66013288491046,1.5036823116444178,0.1563033433508687,8.407581396112535
9.849,1487867362009,,,,,,,2017-02-23 16:29:22.009,7.597087416705919,25.66013288491046,1.3582524500235513,0.10826459366237577,8.407581396112535
8.467,1487867367129,,,,,,,2017-02-23 16:29:27.129,7.846711539455488,25.66013288491046,1.508026923673293,0.1578469182818397,8.407581396112535
8.674,1487867372239,,,,,,,2017-02-23 16:29:32.239,7.768743811989538,25.66013288491046,1.4612462871937226,0.14155732985116057,8.407581396112535
8.705,1487867377329,,,,,,,2017-02-23 16:29:37.329,8.185137900596837,25.66013288491046,1.7110827403581021,0.2370085554727105,8.407581396112535
8.521,1487867392649,,,,,,,2017-02-23 16:29:52.649,7.9832816652468575,25.66013288491046,1.5899689991481143,0.188138116500286,8.407581396112535
8.697,1487867402829,,,,,,,2017-02-23 16:30:02.829,7.8014201104451075,25.64805029709527,1.4808520662670646,0.14829550397540295,8.409272958406662
8.72,1487867418208,,,,,,,2017-02-23 16:30:18.208,7.731939001017293,25.64805029709527,1.4391634006103755,0.1341212501865483,8.409272958406662
8.498,1487867423339,,,,,,,2017-02-23 16:30:23.339,7.840850800640408,25.64805029709527,1.5045104803842446,0.1565970938079826,8.409272958406662
8.383,1487867428548,,,,,,,2017-02-23 16:30:28.548,8.223335564698008,25.64805029709527,1.7340013388188047,0.24680657747747656,8.409272958406662
8.697,1487867433699,,,,,,,2017-02-23 16:30:33.699,8.054758539152541,25.64805029709527,1.6328551234915245,0.2048838909399967,8.409272958406662
9.112,1487867438763,,,,,,,2017-02-23 16:30:38.763,7.641299479495861,25.64805029709527,1.3847796876975165,0.11650144304763614,8.409272958406662
8.912,1487867443917,,,,,,,2017-02-23 16:30:43.917,7.556626187768435,25.64805029709527,1.333975712661061,0.100932095804642,8.409272958406662
9.535,1487867449027,,,,,,,2017-02-23 16:30:49.027,7.995634785773571,25.64805029709527,1.5973808714641424,0.19098841360518296,8.409272958406662
8.206,1487867464417,,,,,,,2017-02-23 16:31:04.417,8.293345840705529,25.6359458520573,1.7760075044233172,0.2652193419792367,8.410967580711977
9.074,1487867469527,,,,,,,2017-02-23 16:31:09.527,7.870789260556165,25.6359458520573,1.5224735563336993,0.16302483336028772,8.410967580711977
8.244,1487867474597,,,,,,,2017-02-23 16:31:14.597,8.232669254946048,25.6359458520573,1.7396015529676285,0.24922736607931203,8.410967580711977
10.003,1487867484927,,,,,,,2017-02-23 16:31:24.927,8.211314308504814,25.6359458520573,1.7267885851028886,0.24370414379184904,8.410967580711977
8.605,1487867500237,,,,,,,2017-02-23 16:31:40.237,7.73695285325909,25.6359458520573,1.4421717119554538,0.13512469004062086,8.410967580711977
8.298,1487867505317,,,,,,,2017-02-23 16:31:45.317,7.67355983159366,25.6359458520573,1.4041358989561958,0.12265967194267866,8.410967580711977
9.074,1487867510428,,,,,,,2017-02-23 16:31:50.428,7.757238611227727,25.6359458520573,1.4543431667366362,0.13921534331755128,8.410967580711977
8.367,1487867515559,,,,,,,2017-02-23 16:31:55.559,7.690626150481837,25.6359458520573,1.414375690289102,0.12596799763772734,8.410967580711977
8.544,1487867520698,,,,,,,2017-02-23 16:32:00.698,7.544797805799741,25.623819780247736,1.3268786834798445,0.09882563320182369,8.412665230765317
10.31,1487867525838,,,,,,,2017-02-23 16:32:05.838,7.7262784840979615,25.623819780247736,1.435767090458777,0.13299201640678968,8.412665230765317
8.398,1487867531018,,,,,,,2017-02-23 16:32:11.018,7.786164848723742,25.623819780247736,1.4716989092342454,0.14513377321918863,8.412665230765317
8.613,1487867536129,,,,,,,2017-02-23 16:32:16.129,8.058888479557115,25.623819780247736,1.6353330877342693,0.2058701984387237,8.412665230765317
9.227,1487867541289,,,,,,,2017-02-23 16:32:21.289,8.333804596591158,25.623819780247736,1.8002827579546945,0.2761281969314717,8.412665230765317
8.398,1487867547188,,,,,,,2017-02-23 16:32:27.188,7.6107047827127525,25.623819780247736,1.3664228696276515,0.11077655556152209,8.412665230765317
8.459,1487867551789,,,,,,,2017-02-23 16:32:31.789,7.770858955390074,25.623819780247736,1.4625153732340446,0.14198961474999292,8.412665230765317
10.464,1487867556919,,,,,,,2017-02-23 16:32:36.919,7.943647322580524,25.623819780247736,1.5661883935483147,0.1791167162938223,8.412665230765317
8.467,1487867562038,,,,,,,2017-02-23 16:32:42.038,8.30529101872418,25.623819780247736,1.783174611234508,0.26841967271082867,8.412665230765317
8.621,1487867567199,,,,,,,2017-02-23 16:32:47.199,8.194510325058845,25.623819780247736,1.7167061950353069,0.23939645140692187,8.412665230765317
8.582,1487867572319,,,,,,,2017-02-23 16:32:52.319,8.157664049072624,25.623819780247736,1.694598429443574,0.23006953652704717,8.412665230765317
10.932,1487867577499,,,,,,,2017-02-23 16:32:57.499,7.963078919021216,25.623819780247736,1.5778473514127294,0.1835160991861606,8.412665230765317
8.705,1487867582618,,,,,,,2017-02-23 16:33:02.618,8.302802931949087,25.61167231252951,1.781681759169452,0.26775165714800586,8.414365876245867
9.535,1487867592828,,,,,,,2017-02-23 16:33:12.828,7.722133677194627,25.61167231252951,1.4332802063167762,0.13216759471011624,8.414365876245867
8.413,1487867597929,,,,,,,2017-02-23 16:33:17.929,8.332792026812003,25.61167231252951,1.7996752160872016,0.27585278220696313,8.414365876245867
9.535,1487867602999,,,,,,,2017-02-23 16:33:22.999,7.519814740674832,25.61167231252951,1.311888844404899,0.09443169283295175,8.414365876245867
8.774,1487867608109,,,,,,,2017-02-23 16:33:28.109,7.836819201491143,25.61167231252951,1.5020915208946857,0.15573973312606448,8.414365876245867
8.421,1487867618278,,,,,,,2017-02-23 16:33:38.278,8.355384066653503,25.61167231252951,1.8132304399921018,0.2820269735534836,8.414365876245867
9.074,1487867623398,,,,,,,2017-02-23 16:33:43.398,8.334750117653051,25.61167231252951,1.8008500705918307,0.2763854857716318,8.414365876245867
11.239,1487867628498,,,,,,,2017-02-23 16:33:48.498,7.556563385082625,25.61167231252951,1.333938031049575,0.10092086722613182,8.414365876245867
8.475,1487867633608,,,,,,,2017-02-23 16:33:53.608,7.664417429934798,25.61167231252951,1.398650457960879,0.12090178342476716,8.414365876245867
8.636,1487867638699,,,,,,,2017-02-23 16:33:58.699,7.778588744567198,25.61167231252951,1.467153246740319,0.14357396538152978,8.414365876245867
8.805,1487867643858,,,,,,,2017-02-23 16:34:03.858,7.9106569216240805,25.599503680172894,1.5463941529744483,0.1717513369560078,8.416069484775793
8.505,1487867653977,,,,,,,2017-02-23 16:34:13.977,8.396078462291667,25.599503680172894,1.8376470773750002,0.29330289214914673,8.416069484775793
8.229,1487867659117,,,,,,,2017-02-23 16:34:19.117,8.235919632383375,25.599503680172894,1.7415517794300248,0.2500728390895774,8.416069484775793
8.912,1487867664238,,,,,,,2017-02-23 16:34:24.238,7.6026521144004295,25.599503680172894,1.3615912686402578,0.10928841107232663,8.416069484775793
8.912,1487867669338,,,,,,,2017-02-23 16:34:29.338,8.129346534637879,25.599503680172894,1.6776079207827272,0.22301222759735762,8.416069484775793
8.459,1487867674427,,,,,,,2017-02-23 16:34:34.427,8.290411346629528,25.599503680172894,1.7742468079777165,0.2644357574331209,8.416069484775793
9.074,1487867679477,,,,,,,2017-02-23 16:34:39.477,8.02972225403878,25.599503680172894,1.6178333524232684,0.1989485676801059,8.416069484775793
9.381,1487867684627,,,,,,,2017-02-23 16:34:44.627,8.00239421904173,25.599503680172894,1.6014365314250376,0.1925558027547704,8.416069484775793
8.214,1487867689647,,,,,,,2017-02-23 16:34:49.647,7.53294443070539,25.599503680172894,1.3197666584232342,0.09673156221219725,8.416069484775793
8.175,1487867699937,,,,,,,2017-02-23 16:34:59.937,8.103928638646888,25.599503680172894,1.6623571831881327,0.21675951388193776,8.416069484775793
9.074,1487867705057,,,,,,,2017-02-23 16:35:05.057,8.228264292058585,25.587314114851107,1.7369585752351506,0.24808359097933205,8.417776023920844
8.152,1487867710137,,,,,,,2017-02-23 16:35:10.137,7.991361366895242,25.587314114851107,1.594816820137145,0.19000031467861123,8.417776023920844
8.152,1487867720237,,,,,,,2017-02-23 16:35:20.237,7.783417144080844,25.587314114851107,1.4700502864485065,0.14456726543544174,8.417776023920844
8.912,1487867730457,,,,,,,2017-02-23 16:35:30.457,8.246367725409716,25.587314114851107,1.7478206352458292,0.2527991356624674,8.417776023920844
8.682,1487867735539,,,,,,,2017-02-23 16:35:35.539,8.311451167434122,25.587314114851107,1.786870700460473,0.2700767806264809,8.417776023920844
8.482,1487867740628,,,,,,,2017-02-23 16:35:40.628,8.383497730858029,25.587314114851107,1.830098638514817,0.289795704133458,8.417776023920844
9.22,1487867750829,,,,,,,2017-02-23 16:35:50.829,7.516228541335819,25.587314114851107,1.3097371248014913,0.09380711104299413,8.417776023920844
9.074,1487867755919,,,,,,,2017-02-23 16:35:55.919,8.32649526299045,25.587314114851107,1.7958971577942702,0.2741428504190967,8.417776023920844
9.688,1487867761039,,,,,,,2017-02-23 16:36:01.039,7.611044106640023,25.5751038486359,1.3666264639840136,0.11083943395925276,8.419485461190973
10.31,1487867766138,,,,,,,2017-02-23 16:36:06.138,7.5883969797125745,25.5751038486359,1.3530381878275448,0.10667312207190116,8.419485461190973
8.482,1487867771259,,,,,,,2017-02-23 16:36:11.259,8.081187355414455,25.5751038486359,1.648712413248673,0.21123094965690517,8.419485461190973
9.074,1487867776338,,,,,,,2017-02-23 16:36:16.338,8.03276638705242,25.5751038486359,1.6196598322314526,0.19966621996338982,8.419485461190973
9.074,1487867781499,,,,,,,2017-02-23 16:36:21.499,8.174122833553723,25.5751038486359,1.7044737001322336,0.23421562305435029,8.419485461190973
8.544,1487867786539,,,,,,,2017-02-23 16:36:26.539,8.027142688344389,25.5751038486359,1.6162856130066334,0.1983413072277319,8.419485461190973
8.636,1487867801828,,,,,,,2017-02-23 16:36:41.828,8.286130469117703,25.5751038486359,1.7716782814706216,0.26329450755675804,8.419485461190973
9.381,1487867812019,,,,,,,2017-02-23 16:36:52.019,7.716796805424004,25.5751038486359,1.4300780832544027,0.13110910182345198,8.419485461190973
9.074,1487867817108,,,,,,,2017-02-23 16:36:57.108,8.396492107856096,25.5751038486359,1.8378952647136575,0.2934185285181445,8.419485461190973
8.705,1487867822138,,,,,,,2017-02-23 16:37:02.138,8.140429668673047,25.56287311399315,1.684257801203828,0.2257629126427642,8.421197764040958
9.074,1487867827429,,,,,,,2017-02-23 16:37:07.429,7.7965998120560185,25.56287311399315,1.477959887233611,0.1472934545843351,8.421197764040958
8.713,1487867832519,,,,,,,2017-02-23 16:37:12.519,7.917945401176695,25.56287311399315,1.550767240706017,0.17336731050427645,8.421197764040958
9.849,1487867842719,,,,,,,2017-02-23 16:37:22.719,7.577928714751213,25.56287311399315,1.3467572288507277,0.10476811201217517,8.421197764040958
8.674,1487867847829,,,,,,,2017-02-23 16:37:27.829,7.906609493069578,25.56287311399315,1.5439656958417465,0.1708567095992253,8.421197764040958
8.682,1487867852949,,,,,,,2017-02-23 16:37:32.949,8.064858761009726,25.56287311399315,1.6389152566058351,0.2072996320870393,8.421197764040958
8.429,1487867863189,,,,,,,2017-02-23 16:37:43.189,8.15152168503278,25.56287311399315,1.6909130110196677,0.2285305601897153,8.421197764040958
8.567,1487867868239,,,,,,,2017-02-23 16:37:48.239,8.373105886135242,25.56287311399315,1.8238635316811453,0.2869130457195021,8.421197764040958
8.49,1487867873419,,,,,,,2017-02-23 16:37:53.419,8.153560788182855,25.56287311399315,1.6921364729097128,0.2290409577984627,8.421197764040958
8.406,1487867883708,,,,,,,2017-02-23 16:38:03.708,8.200227955606323,25.550622143778405,1.7201367733637936,0.24085835975304415,8.422912899871022
8.49,1487867888827,,,,,,,2017-02-23 16:38:08.827,8.376747620001483,25.550622143778405,1.8260485720008899,0.287921773990951,8.422912899871022
9.535,1487867899027,,,,,,,2017-02-23 16:38:19.027,7.6716160301204415,25.550622143778405,1.4029696180722648,0.12228508088837395,8.422912899871022
8.252,1487867904087,,,,,,,2017-02-23 16:38:24.087,7.954242397867628,25.550622143778405,1.572545438720577,0.1815098617944641,8.422912899871022
8.298,1487867914338,,,,,,,2017-02-23 16:38:34.338,7.616372004466126,25.550622143778405,1.3698232026796757,0.11182853137358156,8.422912899871022
8.467,1487867919437,,,,,,,2017-02-23 16:38:39.437,7.638557077117087,25.550622143778405,1.3831342462702525,0.11598370108129288,8.422912899871022
8.912,1487867924547,,,,,,,2017-02-23 16:38:44.547,7.877934799224703,25.550622143778405,1.5267608795348218,0.16457486821454995,8.422912899871022
10.617,1487867929707,,,,,,,2017-02-23 16:38:49.707,8.291134145205325,25.550622143778405,1.7746804871231947,0.26462866711790145,8.422912899871022
8.329,1487867934737,,,,,,,2017-02-23 16:38:54.737,8.317513163264312,25.550622143778405,1.7905078979585873,0.27171193040808705,8.422912899871022
8.912,1487867939848,,,,,,,2017-02-23 16:38:59.848,7.909936785181161,25.550622143778405,1.5459620711086965,0.17159201712183964,8.422912899871022
8.191,1487867944947,,,,,,,2017-02-23 16:39:04.947,8.003902150534561,25.53835117123248,1.6023412903207364,0.19290621253074577,8.424630836027452
8.912,1487867965338,,,,,,,2017-02-23 16:39:25.338,7.609914610955659,25.53835117123248,1.3659487665733956,0.11063018638646543,8.424630836027452
8.751,1487867970428,,,,,,,2017-02-23 16:39:30.428,7.911464687902669,25.53835117123248,1.546878812741601,0.17193011768270944,8.424630836027452
9.227,1487867975548,,,,,,,2017-02-23 16:39:35.548,7.954558554819579,25.53835117123248,1.5727351328917476,0.1815814802145475,8.424630836027452
9.074,1487867980708,,,,,,,2017-02-23 16:39:40.708,7.928739955733751,25.53835117123248,1.5572439734402506,0.17577234936475988,8.424630836027452
8.582,1487867985739,,,,,,,2017-02-23 16:39:45.739,7.573848159164387,25.53835117123248,1.3443088954986324,0.10402909641299275,8.424630836027452
9.688,1487867990828,,,,,,,2017-02-23 16:39:50.828,7.725205192912106,25.53835117123248,1.4351231157472635,0.1327783359157569,8.424630836027452
9.227,1487867995979,,,,,,,2017-02-23 16:39:55.979,7.749341146638233,25.53835117123248,1.44960468798294,0.1376169376661883,8.424630836027452
9.381,1487868001138,,,,,,,2017-02-23 16:40:01.138,7.9475144492382945,25.526060429977008,1.5685086695429766,0.17998863620560993,8.426351539803218
9.227,1487868006228,,,,,,,2017-02-23 16:40:06.228,8.259431055640825,25.526060429977008,1.7556586333844946,0.25622627326652603,8.426351539803218
8.513,1487868016409,,,,,,,2017-02-23 16:40:16.409,8.062161822655588,25.526060429977008,1.6372970935933526,0.20665338838784825,8.426351539803218
8.313,1487868021519,,,,,,,2017-02-23 16:40:21.519,8.391785132533183,25.526060429977008,1.8350710795199099,0.29210388615214117,8.426351539803218
8.36,1487868031719,,,,,,,2017-02-23 16:40:31.719,8.130874966011014,25.526060429977008,1.6785249796066082,0.22339068751825825,8.426351539803218
10.464,1487868036809,,,,,,,2017-02-23 16:40:36.809,8.277685300236223,25.526060429977008,1.7666111801417341,0.26104953721284074,8.426351539803218
8.521,1487868047030,,,,,,,2017-02-23 16:40:47.030,8.380679633337648,25.526060429977008,1.8284077800025886,0.2890126939286195,8.426351539803218
8.375,1487868052139,,,,,,,2017-02-23 16:40:52.139,7.6434665612428985,25.526060429977008,1.386079936745739,0.11691120778547028,8.426351539803218
9.381,1487868057309,,,,,,,2017-02-23 16:40:57.309,7.555676860782769,25.526060429977008,1.3334061164696611,0.10076241482423365,8.426351539803218
10.464,1487868062419,,,,,,,2017-02-23 16:41:02.419,7.813298731419666,25.513750154009983,1.4879792388517994,0.15077674751073283,8.428074978438602
8.413,1487868067489,,,,,,,2017-02-23 16:41:07.489,8.0373221802079,25.513750154009983,1.6223933081247397,0.200742322516361,8.428074978438602
8.406,1487868082739,,,,,,,2017-02-23 16:41:22.739,7.589083635826551,25.513750154009983,1.3534501814959305,0.10679853901249142,8.428074978438602
8.613,1487868087829,,,,,,,2017-02-23 16:41:27.829,7.805682486751698,25.513750154009983,1.4834094920510186,0.1491838946836941,8.428074978438602
8.344,1487868092939,,,,,,,2017-02-23 16:41:32.939,7.9979413463441515,25.513750154009983,1.5987648078064909,0.19152264663513563,8.428074978438602
9.227,1487868098099,,,,,,,2017-02-23 16:41:38.099,8.296368163053561,25.513750154009983,1.7778208978321366,0.26602745911273074,8.428074978438602
9.074,1487868103198,,,,,,,2017-02-23 16:41:43.198,7.747162327872327,25.513750154009983,1.448297396723396,0.1371772733731963,8.428074978438602
9.074,1487868128827,,,,,,,2017-02-23 16:42:08.827,7.7471908055527425,25.501420577701314,1.4483144833316455,0.13718301621606055,8.429801119121816
10.31,1487868139027,,,,,,,2017-02-23 16:42:19.027,7.726539591133569,25.501420577701314,1.435923754680141,0.13304402085603165,8.429801119121816
8.214,1487868144087,,,,,,,2017-02-23 16:42:24.087,7.585567284358761,25.501420577701314,1.3513403706152565,0.10615687851885884,8.429801119121816
9.381,1487868149257,,,,,,,2017-02-23 16:42:29.257,7.685172241125526,25.501420577701314,1.4111033446753158,0.12490695100659754,8.429801119121816
8.29,1487868154417,,,,,,,2017-02-23 16:42:34.417,7.527723578692532,25.501420577701314,1.3166341472155192,0.09581457134404678,8.429801119121816
8.267,1487868159517,,,,,,,2017-02-23 16:42:39.517,7.544056054501884,25.501420577701314,1.3264336327011306,0.09869409753062047,8.429801119121816
8.398,1487868164628,,,,,,,2017-02-23 16:42:44.628,8.11937394993793,25.501420577701314,1.6716243699627582,0.2205497647810269,8.429801119121816
8.298,1487868169658,,,,,,,2017-02-23 16:42:49.658,8.090755595769638,25.501420577701314,1.6544533574617826,0.21354949290836608,8.429801119121816
8.237,1487868174807,,,,,,,2017-02-23 16:42:54.807,8.094438002348873,25.501420577701314,1.656662801409324,0.21444472872219736,8.429801119121816
10.003,1487868179937,,,,,,,2017-02-23 16:42:59.937,7.86674334820128,25.501420577701314,1.520046008920768,0.16214989689761328,8.429801119121816
10.464,1487868185027,,,,,,,2017-02-23 16:43:05.027,8.018238756482253,25.489071935788363,1.6109432538893518,0.19625135063816385,8.431529928989628
8.659,1487868195227,,,,,,,2017-02-23 16:43:15.227,8.368360344657324,25.489071935788363,1.8210162067943942,0.2856009605714629,8.431529928989628
8.237,1487868200308,,,,,,,2017-02-23 16:43:20.308,7.8991079555948644,25.489071935788363,1.5394647733569187,0.16920379797546345,8.431529928989628
8.912,1487868205417,,,,,,,2017-02-23 16:43:25.417,7.535535860400708,25.489071935788363,1.321321516240425,0.09718793583138696,8.431529928989628
9.074,1487868210538,,,,,,,2017-02-23 16:43:30.538,8.055476780461039,25.489071935788363,1.633286068276623,0.20505527345718028,8.431529928989628
8.452,1487868220809,,,,,,,2017-02-23 16:43:40.809,7.730607141828772,25.489071935788363,1.438364285097263,0.13385520762629488,8.431529928989628
8.705,1487868225919,,,,,,,2017-02-23 16:43:45.919,7.957075967524384,25.489071935788363,1.5742455805146303,0.1821521728194951,8.431529928989628
10.464,1487868231039,,,,,,,2017-02-23 16:43:51.039,8.32743390992143,25.489071935788363,1.7964603459528579,0.27439744502375785,8.431529928989628
9.227,1487868236119,,,,,,,2017-02-23 16:43:56.119,7.785253933324389,25.489071935788363,1.4711523599946337,0.14494586492041708,8.431529928989628
9.074,1487868246319,,,,,,,2017-02-23 16:44:06.319,7.9491755865555564,25.47670446337147,1.569505351933334,0.18036372334100742,8.433261375127994
8.744,1487868251500,,,,,,,2017-02-23 16:44:11.500,7.601059773714532,25.47670446337147,1.360635864228719,0.10899506575069341,8.433261375127994
8.344,1487868256539,,,,,,,2017-02-23 16:44:16.539,7.629394667462519,25.47670446337147,1.3776368004775112,0.11426046160161736,8.433261375127994
8.313,1487868261639,,,,,,,2017-02-23 16:44:21.639,7.653526674695328,25.47670446337147,1.392116004817197,0.11882081443817678,8.433261375127994
9.066,1487868266718,,,,,,,2017-02-23 16:44:26.718,7.754174668167133,25.47670446337147,1.45250480090028,0.13859432864101923,8.433261375127994
9.227,1487868282138,,,,,,,2017-02-23 16:44:42.138,7.794810968886796,25.47670446337147,1.4768865813320775,0.14692229709108715,8.433261375127994
9.535,1487868297409,,,,,,,2017-02-23 16:44:57.409,8.076326479009989,25.47670446337147,1.6457958874059933,0.21005728701420118,8.433261375127994
10.932,1487868302498,,,,,,,2017-02-23 16:45:02.498,7.5968641506431025,25.464318395909487,1.3581184903858614,0.10822359373140222,8.434995424572671
8.759,1487868307620,,,,,,,2017-02-23 16:45:07.620,7.855567334198656,25.464318395909487,1.5133404005191937,0.1597432692311172,8.434995424572671
9.074,1487868312718,,,,,,,2017-02-23 16:45:12.718,8.17744780928352,25.464318395909487,1.7064686855701114,0.2350571552549477,8.434995424572671
9.227,1487868317809,,,,,,,2017-02-23 16:45:17.809,7.976062446611026,25.464318395909487,1.5856374679666156,0.18648086800149305,8.434995424572671
9.227,1487868322898,,,,,,,2017-02-23 16:45:22.898,7.8258393942861835,25.464318395909487,1.49550363657171,0.15341465446935076,8.434995424572671
8.521,1487868333100,,,,,,,2017-02-23 16:45:33.100,7.7059543582417875,25.464318395909487,1.4235726149450725,0.12896918147831465,8.434995424572671
9.227,1487868338209,,,,,,,2017-02-23 16:45:38.209,7.678949975229897,25.464318395909487,1.4073699851379382,0.12370078135762914,8.434995424572671
11.239,1487868343319,,,,,,,2017-02-23 16:45:43.319,7.925006485995716,25.464318395909487,1.5550038915974298,0.17493894637956886,8.434995424572671
9.227,1487868348439,,,,,,,2017-02-23 16:45:48.439,8.042131329118856,25.464318395909487,1.6252787974713137,0.20188097128917393,8.434995424572671
8.429,1487868353619,,,,,,,2017-02-23 16:45:53.619,7.515798289630739,25.464318395909487,1.3094789737784436,0.09373228097380255,8.434995424572671
8.467,1487868358711,,,,,,,2017-02-23 16:45:58.711,7.657071254321722,25.464318395909487,1.3942427525930332,0.11949653847938814,8.434995424572671
8.436,1487868363848,,,,,,,2017-02-23 16:46:03.848,7.621056978799685,25.451913969215276,1.3726341872798111,0.11270108788051231,8.43673204430986
8.229,1487868368947,,,,,,,2017-02-23 16:46:08.947,7.6308777486694455,25.451913969215276,1.3785266492016672,0.11453871187695157,8.43673204430986
8.221,1487868379168,,,,,,,2017-02-23 16:46:19.168,8.192302413844645,25.451913969215276,1.715381448306787,0.23883297311418636,8.43673204430986
8.912,1487868384227,,,,,,,2017-02-23 16:46:24.227,7.904875262530305,25.451913969215276,1.5429251575181828,0.17047398384775142,8.43673204430986
8.221,1487868399568,,,,,,,2017-02-23 16:46:39.568,8.244359881994617,25.451913969215276,1.7466159291967702,0.2522741977384566,8.43673204430986
8.528,1487868409837,,,,,,,2017-02-23 16:46:49.837,7.782333488396854,25.451913969215276,1.4694000930381124,0.14434409192447908,8.43673204430986
10.31,1487868420170,,,,,,,2017-02-23 16:47:00.170,8.217677481189797,25.439491419451247,1.7306064887138786,0.2453441847850611,8.438471201276824
8.168,1487868425338,,,,,,,2017-02-23 16:47:05.338,8.279296493487553,25.439491419451247,1.767577896092532,0.261477178365579,8.438471201276824
8.866,1487868435619,,,,,,,2017-02-23 16:47:15.619,7.944066441032908,25.439491419451247,1.566439864619745,0.17921112810075826,8.438471201276824
8.475,1487868445848,,,,,,,2017-02-23 16:47:25.848,8.358801818739023,25.439491419451247,1.8152810912434139,0.28296634665527914,8.438471201276824
9.381,1487868450999,,,,,,,2017-02-23 16:47:30.999,7.891416439625285,25.439491419451247,1.5348498637751709,0.1675160373680851,8.438471201276824
8.505,1487868456119,,,,,,,2017-02-23 16:47:36.119,8.023272007610656,25.439491419451247,1.6139632045663932,0.19743160094596593,8.438471201276824
8.444,1487868461229,,,,,,,2017-02-23 16:47:41.229,7.87454466811746,25.439491419451247,1.524726800870476,0.16383870542111625,8.438471201276824
8.444,1487868471449,,,,,,,2017-02-23 16:47:51.449,7.644891698659356,25.439491419451247,1.3869350191956134,0.11718098842983278,8.438471201276824
8.505,1487868476609,,,,,,,2017-02-23 16:47:56.609,8.285326654535154,25.439491419451247,1.7711959927210925,0.2630804618394492,8.438471201276824
9.227,1487868486949,,,,,,,2017-02-23 16:48:06.949,7.80591814370413,25.427050983124843,1.4835508862224778,0.14923307535595312,8.440212862362522
9.227,1487868492124,,,,,,,2017-02-23 16:48:12.124,7.745913383377818,25.427050983124843,1.447548030026691,0.1369255054684443,8.440212862362522
8.444,1487868497208,,,,,,,2017-02-23 16:48:17.208,8.373430009372825,25.427050983124843,1.824058005623695,0.28700276048850676,8.440212862362522
8.344,1487868507528,,,,,,,2017-02-23 16:48:27.528,7.5371082609391395,25.427050983124843,1.3222649565634836,0.09746524226332764,8.440212862362522
9.074,1487868512609,,,,,,,2017-02-23 16:48:32.609,7.747727880796956,25.427050983124843,1.4486367284781734,0.1372913416725254,8.440212862362522
8.866,1487868517689,,,,,,,2017-02-23 16:48:37.689,8.041852775022837,25.427050983124843,1.6251116650137023,0.20181494309192502,8.440212862362522
8.436,1487868522819,,,,,,,2017-02-23 16:48:42.819,7.511492686135174,25.427050983124843,1.3068956116811044,0.09298466692532605,8.440212862362522
8.421,1487868527929,,,,,,,2017-02-23 16:48:47.929,8.274905757717208,25.427050983124843,1.764943454630325,0.26031252632795676,8.440212862362522
8.436,1487868538149,,,,,,,2017-02-23 16:48:58.149,7.51242870164891,25.427050983124843,1.3074572209893462,0.09314700504109326,8.440212862362522
9.381,1487868543318,,,,,,,2017-02-23 16:49:03.318,8.007895128755601,25.414592897084034,1.6047370772533607,0.19383540985478356,8.441956994408235
9.227,1487868548429,,,,,,,2017-02-23 16:49:08.429,8.372595808980979,25.414592897084034,1.8235574853885872,0.2867718858957985,8.441956994408235
9.112,1487868563718,,,,,,,2017-02-23 16:49:23.718,7.50766143388542,25.414592897084034,1.3045968603312519,0.09232128848244305,8.441956994408235
8.214,1487868568850,,,,,,,2017-02-23 16:49:28.850,7.764685790818849,25.414592897084034,1.4588114744913092,0.14072947009252593,8.441956994408235
8.267,1487868579047,,,,,,,2017-02-23 16:49:39.047,8.046036207651037,25.414592897084034,1.6276217245906222,0.20280756011993392,8.441956994408235
8.767,1487868589248,,,,,,,2017-02-23 16:49:49.248,8.008949089874802,25.414592897084034,1.6053694539248813,0.19408099402352935,8.441956994408235
10.003,1487868594339,,,,,,,2017-02-23 16:49:54.339,7.6756186485167515,25.414592897084034,1.4053711891100509,0.12305692212729227,8.441956994408235
9.074,1487868599427,,,,,,,2017-02-23 16:49:59.427,8.105046930283551,25.414592897084034,1.6630281581701307,0.21703297927950374,8.441956994408235
11.239,1487868604537,,,,,,,2017-02-23 16:50:04.537,7.796970832457114,25.40211739851282,1.4781824994742683,0.14737048370243985,8.443703564208205
8.912,1487868609628,,,,,,,2017-02-23 16:50:09.628,8.323652195872876,25.40211739851282,1.7941913175237256,0.2733723540761074,8.443703564208205
8.221,1487868614647,,,,,,,2017-02-23 16:50:14.647,8.027306571562228,25.40211739851282,1.6163839429373368,0.1983798635334659,8.443703564208205
8.912,1487868619757,,,,,,,2017-02-23 16:50:19.757,8.39921729918337,25.40211739851282,1.839530379510022,0.29418088052857766,8.443703564208205
8.536,1487868624899,,,,,,,2017-02-23 16:50:24.899,7.61264745415318,25.40211739851282,1.3675884724919078,0.11113672904997851,8.443703564208205
8.221,1487868629939,,,,,,,2017-02-23 16:50:29.939,7.796562274263329,25.40211739851282,1.4779373645579974,0.14728566212426691,8.443703564208205
8.452,1487868640140,,,,,,,2017-02-23 16:50:40.140,8.191616622469004,25.40211739851282,1.7149699734814026,0.23865807221319468,8.443703564208205
8.214,1487868645229,,,,,,,2017-02-23 16:50:45.229,7.813174336520644,25.40211739851282,1.4879046019123865,0.15075067578485957,8.443703564208205
9.074,1487868650288,,,,,,,2017-02-23 16:50:50.288,7.92228434242766,25.40211739851282,1.5533706054565959,0.17433235084913115,8.443703564208205
8.805,1487868660519,,,,,,,2017-02-23 16:51:00.519,8.196860101007148,25.389624724926712,1.718116060604289,0.2399967773957711,8.44545253851026
11.086,1487868665600,,,,,,,2017-02-23 16:51:05.600,7.518150753314958,25.389624724926712,1.310890451988975,0.09414169656092687,8.44545253851026
8.49,1487868670719,,,,,,,2017-02-23 16:51:10.719,8.155023479571751,25.389624724926712,1.6930140877430506,0.2294073840137583,8.44545253851026
9.227,1487868680850,,,,,,,2017-02-23 16:51:20.850,8.026011661205999,25.389624724926712,1.6156069967235993,0.1980753017909135,8.44545253851026
10.31,1487868686009,,,,,,,2017-02-23 16:51:26.009,8.310131522715377,25.389624724926712,1.786078913629226,0.269721406952873,8.44545253851026
8.859,1487868691119,,,,,,,2017-02-23 16:51:31.119,8.390160800735966,25.389624724926712,1.8340964804415796,0.2916508327966,8.44545253851026
8.713,1487868701330,,,,,,,2017-02-23 16:51:41.330,7.901276688875678,25.389624724926712,1.5407660133254066,0.1696809693487182,8.44545253851026
9.227,1487868706429,,,,,,,2017-02-23 16:51:46.429,8.382837977723016,25.389624724926712,1.8297027866338094,0.28961230586296255,8.44545253851026
8.528,1487868711539,,,,,,,2017-02-23 16:51:51.539,7.943855780034922,25.389624724926712,1.5663134680209532,0.17916367137423117,8.44545253851026
10.464,1487868716710,,,,,,,2017-02-23 16:51:56.710,8.390939852866264,25.389624724926712,1.8345639117197585,0.2918680839785191,8.44545253851026
8.528,1487868721809,,,,,,,2017-02-23 16:52:01.809,8.169905058300413,25.377115114168213,1.701943034980248,0.23315003725585995,8.44720388401645
9.227,1487868726859,,,,,,,2017-02-23 16:52:06.859,8.167603899075488,25.377115114168213,1.7005623394452924,0.2325695686046315,8.44720388401645
8.912,1487868742209,,,,,,,2017-02-23 16:52:22.209,8.353802729556303,25.377115114168213,1.8122816377337818,0.2815928155435518,8.44720388401645
11.708,1487868747310,,,,,,,2017-02-23 16:52:27.310,8.313775742438422,25.377115114168213,1.7882654454630529,0.2707032852382808,8.44720388401645
11.239,1487868752341,,,,,,,2017-02-23 16:52:32.341,7.701529441204501,25.377115114168213,1.4209176647227006,0.12809991082750613,8.44720388401645
8.406,1487868757450,,,,,,,2017-02-23 16:52:37.450,7.883259352068351,25.377115114168213,1.5299556112410106,0.16573387241262755,8.44720388401645
9.535,1487868762609,,,,,,,2017-02-23 16:52:42.609,8.373449390386137,25.377115114168213,1.824069634231682,0.28700812540037035,8.44720388401645
10.779,1487868767699,,,,,,,2017-02-23 16:52:47.699,7.512348714180305,25.377115114168213,1.3074092285081833,0.09313312828352695,8.44720388401645
8.421,1487868772810,,,,,,,2017-02-23 16:52:52.810,7.734631971000185,25.377115114168213,1.4407791826001113,0.1346598287209578,8.44720388401645
10.003,1487868777929,,,,,,,2017-02-23 16:52:57.929,8.200643839665059,25.377115114168213,1.7203863037990352,0.24096484782602592,8.44720388401645
10.932,1487868783009,,,,,,,2017-02-23 16:53:03.009,8.319255450655934,25.36458880440227,1.7915532703935604,0.2721827071185881,8.448957567383681
8.69,1487868798229,,,,,,,2017-02-23 16:53:18.229,7.9413160175811495,25.36458880440227,1.5647896105486896,0.17859194466637884,8.448957567383681
8.498,1487868803340,,,,,,,2017-02-23 16:53:23.340,7.630038116017792,25.36458880440227,1.378022869610675,0.11438115065210759,8.448957567383681
8.49,1487868808431,,,,,,,2017-02-23 16:53:28.431,7.764513120637076,25.36458880440227,1.4587078723822458,0.140694288208927,8.448957567383681
10.464,1487868813539,,,,,,,2017-02-23 16:53:33.539,8.346411461564413,25.36458880440227,1.807846876938648,0.27956751312513545,8.448957567383681
8.467,1487868818630,,,,,,,2017-02-23 16:53:38.630,7.572762289257728,25.36458880440227,1.3436573735546369,0.10383277479661075,8.448957567383681
8.982,1487868823719,,,,,,,2017-02-23 16:53:43.719,8.344194250821143,25.36458880440227,1.806516550492686,0.2789612471284049,8.448957567383681
8.398,1487868828859,,,,,,,2017-02-23 16:53:48.859,8.118358268144439,25.36458880440227,1.6710149608866631,0.22029963898779886,8.448957567383681
10.003,1487868833958,,,,,,,2017-02-23 16:53:53.958,8.210968968002234,25.36458880440227,1.7265813808013406,0.243615274904114,8.448957567383681
8.206,1487868839067,,,,,,,2017-02-23 16:53:59.067,8.349747113705392,25.36458880440227,1.8098482682232353,0.2804807129923662,8.448957567383681
10.157,1487868844227,,,,,,,2017-02-23 16:54:04.227,7.998086252624638,25.35204603411177,1.598851751574783,0.19155623035465713,8.450713555224352
8.244,1487868849281,,,,,,,2017-02-23 16:54:09.281,8.29389515910427,25.35204603411177,1.7763370954625621,0.2653661387848862,8.450713555224352
9.074,1487868864649,,,,,,,2017-02-23 16:54:24.649,8.01966570149009,25.35204603411177,1.6117994208940543,0.19658564713460688,8.450713555224352
8.275,1487868869758,,,,,,,2017-02-23 16:54:29.758,7.582794015014281,25.35204603411177,1.3496764090085687,0.10565186151778747,8.450713555224352
11.239,1487868874868,,,,,,,2017-02-23 16:54:34.868,7.905607966117115,25.35204603411177,1.543364779670269,0.17063563950280355,8.450713555224352
8.298,1487868885051,,,,,,,2017-02-23 16:54:45.051,7.817081529569774,25.35204603411177,1.4902489177418643,0.15157046486965953,8.450713555224352
8.313,1487868895258,,,,,,,2017-02-23 16:54:55.258,8.338992141539205,25.35204603411177,1.8033952849235226,0.2775411171586156,8.450713555224352
8.774,1487868900339,,,,,,,2017-02-23 16:55:00.339,8.176938008396863,25.339487042092976,1.706162805038118,0.23492804147699922,8.452471814106982
10.464,1487868905509,,,,,,,2017-02-23 16:55:05.509,8.079967341704585,25.339487042092976,1.6479804050227507,0.21093610981982147,8.452471814106982
8.751,1487868910609,,,,,,,2017-02-23 16:55:10.609,7.762668750793076,25.339487042092976,1.4576012504758458,0.14031871749500083,8.452471814106982
9.074,1487868915699,,,,,,,2017-02-23 16:55:15.699,7.99631766305675,25.339487042092976,1.59779059783405,0.19114651140548788,8.452471814106982
8.736,1487868926029,,,,,,,2017-02-23 16:55:26.029,7.749452601328445,25.339487042092976,1.4496715607970667,0.13763944344706414,8.452471814106982
8.736,1487868931129,,,,,,,2017-02-23 16:55:31.129,7.798247395640924,25.339487042092976,1.4789484373845547,0.14763564259063466,8.452471814106982
10.157,1487868946650,,,,,,,2017-02-23 16:55:46.650,8.029192878504569,25.339487042092976,1.6175157271027412,0.1988238812623829,8.452471814106982
8.59,1487868951759,,,,,,,2017-02-23 16:55:51.759,8.034726250027374,25.339487042092976,1.6208357500164243,0.20012884475280857,8.452471814106982
8.467,1487868956849,,,,,,,2017-02-23 16:55:56.849,7.93321717947119,25.339487042092976,1.559930307682714,0.17677398234438307,8.452471814106982
11.239,1487868967050,,,,,,,2017-02-23 16:56:07.050,7.731752705307984,25.326912067450998,1.4390516231847903,0.13408402429802738,8.45423231055686
8.582,1487868977239,,,,,,,2017-02-23 16:56:17.239,8.042098132855143,25.326912067450998,1.6252588797130858,0.20187310198978656,8.45423231055686
9.227,1487868982390,,,,,,,2017-02-23 16:56:22.390,7.859408264558102,25.326912067450998,1.515644958734861,0.1605686795419535,8.45423231055686
10.464,1487868987429,,,,,,,2017-02-23 16:56:27.429,7.772739277336028,25.326912067450998,1.463643566401617,0.14237435850590363,8.45423231055686
8.774,1487868997630,,,,,,,2017-02-23 16:56:37.630,7.684772898277956,25.326912067450998,1.4108637389667735,0.12482939994009055,8.45423231055686
10.157,1487869002789,,,,,,,2017-02-23 16:56:42.789,7.576797919359777,25.326912067450998,1.346078751615866,0.10456311735496106,8.45423231055686
9.381,1487869007909,,,,,,,2017-02-23 16:56:47.909,8.385895724116708,25.326912067450998,1.8315374344700244,0.29046273858856964,8.45423231055686
8.59,1487869013019,,,,,,,2017-02-23 16:56:53.019,7.515528532629163,25.326912067450998,1.3093171195774977,0.09368537573175291,8.45423231055686
8.751,1487869018119,,,,,,,2017-02-23 16:56:58.119,8.018299520218353,25.326912067450998,1.6109797121310114,0.19626558103707112,8.45423231055686
8.605,1487869023288,,,,,,,2017-02-23 16:57:03.288,8.31963768101799,25.314321349595225,1.7917826086107942,0.27228603682376734,8.455995011056668
9.381,1487869028400,,,,,,,2017-02-23 16:57:08.400,7.635463068822068,25.314321349595225,1.3812778412932407,0.1154006624182772,8.455995011056668
8.575,1487869043807,,,,,,,2017-02-23 16:57:23.807,7.817684356116143,25.314321349595225,1.4906106136696855,0.15169711025923224,8.455995011056668
8.605,1487869048928,,,,,,,2017-02-23 16:57:28.928,8.283257210464225,25.314321349595225,1.7699543262785347,0.26252975166449855,8.455995011056668
8.751,1487869053968,,,,,,,2017-02-23 16:57:33.968,8.32805303366424,25.314321349595225,1.7968318201985438,0.27456543138388234,8.455995011056668
8.336,1487869069252,,,,,,,2017-02-23 16:57:49.252,8.09864293199713,25.314321349595225,1.659185759198278,0.2154689859053136,8.455995011056668
10.932,1487869079519,,,,,,,2017-02-23 16:57:59.519,8.000812118619226,25.314321349595225,1.6004872711715357,0.1921884510918596,8.455995011056668
8.244,1487869084627,,,,,,,2017-02-23 16:58:04.627,7.984385907377554,25.301715128234772,1.5906315444265324,0.1883921585048979,8.457759882047132
10.157,1487869115339,,,,,,,2017-02-23 16:58:35.339,8.118954945185811,25.301715128234772,1.6713729671114865,0.2204465640221577,8.457759882047132
9.381,1487869125610,,,,,,,2017-02-23 16:58:45.610,8.322135837791427,25.301715128234772,1.7932815026748559,0.2729618042469861,8.457759882047132
8.659,1487869130739,,,,,,,2017-02-23 16:58:50.739,7.681989209642004,25.301715128234772,1.4091935257852024,0.12428934840399196,8.457759882047132
9.381,1487869135839,,,,,,,2017-02-23 16:58:55.839,8.273791434948281,25.301715128234772,1.7642748609689685,0.2600173178990635,8.457759882047132
8.536,1487869146189,,,,,,,2017-02-23 16:59:06.189,7.85996181262488,25.289093643373924,1.5159770875749277,0.16068778216437063,8.45952688992765
8.713,1487869151299,,,,,,,2017-02-23 16:59:11.299,7.73866609542402,25.289093643373924,1.4431996572544121,0.13546825871922832,8.45952688992765
8.736,1487869156390,,,,,,,2017-02-23 16:59:16.390,8.081173449774008,25.289093643373924,1.6487040698644049,0.21122758808446265,8.45952688992765
9.227,1487869161489,,,,,,,2017-02-23 16:59:21.489,7.631752351332885,25.289093643373924,1.3790514107997311,0.11470292535416089,8.45952688992765
8.767,1487869166830,,,,,,,2017-02-23 16:59:26.830,7.6291375076692445,25.289093643373924,1.3774825046015466,0.1142122410723315,8.45952688992765
9.227,1487869171929,,,,,,,2017-02-23 16:59:31.929,8.082343228685891,25.289093643373924,1.6494059372115348,0.21151045349375186,8.45952688992765
8.344,1487869177009,,,,,,,2017-02-23 16:59:37.009,7.555277879615897,25.289093643373924,1.333166727769538,0.10069113393242403,8.45952688992765
8.797,1487869182110,,,,,,,2017-02-23 16:59:42.110,7.719023995544354,25.289093643373924,1.4314143973266122,0.13155041787108163,8.45952688992765
8.889,1487869192249,,,,,,,2017-02-23 16:59:52.249,8.355318604277379,25.289093643373924,1.8131911625664272,0.28200899482508934,8.45952688992765
9.227,1487869197400,,,,,,,2017-02-23 16:59:57.400,7.808925046304608,25.289093643373924,1.4853550277827645,0.14986118901845075,8.45952688992765
8.682,1487869202439,,,,,,,2017-02-23 17:00:02.439,7.577100073067022,25.276457135307563,1.3462600438402135,0.10461787784354427,8.46129600105694
9.45,1487869207609,,,,,,,2017-02-23 17:00:07.609,7.783667761627353,25.276457135307563,1.4702006569764117,0.14461889893910504,8.46129600105694
9.381,1487869217830,,,,,,,2017-02-23 17:00:17.830,8.015929434085045,25.276457135307563,1.6095576604510269,0.19571085351994663,8.46129600105694
9.074,1487869222999,,,,,,,2017-02-23 17:00:22.999,8.014540007799718,25.276457135307563,1.608724004679831,0.1953859665191436,8.46129600105694
10.932,1487869233210,,,,,,,2017-02-23 17:00:33.210,8.205805686084561,25.276457135307563,1.723483411650737,0.24228827799710248,8.46129600105694
8.521,1487869243400,,,,,,,2017-02-23 17:00:43.400,7.6236237270934355,25.276457135307563,1.3741742362560614,0.11318025061409925,8.46129600105694
8.459,1487869248519,,,,,,,2017-02-23 17:00:48.519,7.735889092189813,25.276457135307563,1.441533455313888,0.134911543685496,8.46129600105694
8.644,1487869253639,,,,,,,2017-02-23 17:00:53.639,7.966302616816236,25.276457135307563,1.5797815700897417,0.18425033791937281,8.46129600105694
10.464,1487869258733,,,,,,,2017-02-23 17:00:58.733,7.645738990603956,25.276457135307563,1.3874433943623736,0.11734149758681603,8.46129600105694
8.912,1487869263848,,,,,,,2017-02-23 17:01:03.848,8.190115438065003,25.263805844616584,1.714069262839002,0.23827541441851968,8.463067181753678
8.759,1487869268958,,,,,,,2017-02-23 17:01:08.958,7.763395807719844,25.263805844616584,1.4580374846319064,0.14046672001927651,8.463067181753678
8.283,1487869274049,,,,,,,2017-02-23 17:01:14.049,8.38454189643802,25.263805844616584,1.8307251378628115,0.2900860681805894,8.463067181753678
10.157,1487869279138,,,,,,,2017-02-23 17:01:19.138,8.217560106485886,25.263805844616584,1.7305360638915315,0.24531388870077447,8.463067181753678
8.229,1487869289330,,,,,,,2017-02-23 17:01:29.330,8.066777719523058,25.263805844616584,1.6400666317138348,0.20775998675883148,8.463067181753678
10.157,1487869299579,,,,,,,2017-02-23 17:01:39.579,8.30399926504701,25.263805844616584,1.7823995590282056,0.2680727626798535,8.463067181753678
8.367,1487869304717,,,,,,,2017-02-23 17:01:44.717,7.556533419282322,25.263805844616584,1.333920051569393,0.10091550976630438,8.463067181753678
10.003,1487869309757,,,,,,,2017-02-23 17:01:49.757,8.281058363260883,25.263805844616584,1.7686350179565293,0.2619451684900579,8.463067181753678
9.074,1487869314849,,,,,,,2017-02-23 17:01:54.849,7.830655515364565,25.263805844616584,1.4983933092187391,0.15443273283316564,8.463067181753678
8.912,1487869330139,,,,,,,2017-02-23 17:02:10.139,8.047460921229039,25.251140012163326,1.6284765527374234,0.2031460860677716,8.464840398297135
10.932,1487869355539,,,,,,,2017-02-23 17:02:35.539,8.314180543018875,25.251140012163326,1.7885083258113248,0.27081245079707705,8.464840398297135
9.381,1487869360629,,,,,,,2017-02-23 17:02:40.629,8.104794843414368,25.251140012163326,1.6628769060486206,0.21697132122450782,8.464840398297135
8.498,1487869365720,,,,,,,2017-02-23 17:02:45.720,7.632994211612862,25.251140012163326,1.3797965269677175,0.11493625201676395,8.464840398297135
8.567,1487869381029,,,,,,,2017-02-23 17:03:01.029,7.611076907399837,25.238459879086978,1.366646144439902,0.11084551283422264,8.466615616927822
9.381,1487869386199,,,,,,,2017-02-23 17:03:06.199,8.283353339310366,25.238459879086978,1.7700120035862197,0.26255532161390516,8.466615616927822
8.452,1487869391240,,,,,,,2017-02-23 17:03:11.240,8.157464168388723,25.238459879086978,1.6944785010332335,0.2300193849257648,8.466615616927822
9.227,1487869411821,,,,,,,2017-02-23 17:03:31.821,7.584348961297236,25.238459879086978,1.3506093767783416,0.10593490617943994,8.466615616927822
10.779,1487869422040,,,,,,,2017-02-23 17:03:42.040,8.296961673023866,25.238459879086978,1.7781770038143194,0.2661862822562448,8.466615616927822
9.074,1487869427142,,,,,,,2017-02-23 17:03:47.142,7.537854187863943,25.238459879086978,1.322712512718366,0.0975968966849286,8.466615616927822
9.849,1487869442520,,,,,,,2017-02-23 17:04:02.520,8.028442435906923,25.225765686799004,1.6170654615441538,0.19864718346002533,8.468392803848138
8.659,1487869458039,,,,,,,2017-02-23 17:04:18.039,7.687716358077734,25.225765686799004,1.4126298148466403,0.1254014594547683,8.468392803848138
8.959,1487869463210,,,,,,,2017-02-23 17:04:23.210,7.528561658407838,25.225765686799004,1.317136995044703,0.09596155134600855,8.468392803848138
8.651,1487869473409,,,,,,,2017-02-23 17:04:33.409,7.573757360991387,25.225765686799004,1.344254416594832,0.10401267498854333,8.468392803848138
8.582,1487869478530,,,,,,,2017-02-23 17:04:38.530,7.790075516345716,25.225765686799004,1.4740453098074298,0.14594161712245723,8.468392803848138
10.779,1487869483719,,,,,,,2017-02-23 17:04:43.719,8.14761793731618,25.225765686799004,1.6885707623897082,0.2275548247824029,8.468392803848138
9.227,1487869488839,,,,,,,2017-02-23 17:04:48.839,7.98704117329603,25.225765686799004,1.5922247039776178,0.1890036280760515,8.468392803848138
9.074,1487869493942,,,,,,,2017-02-23 17:04:53.942,8.058787239506799,25.225765686799004,1.6352723437040795,0.20584599593730715,8.468392803848138
8.267,1487869509518,,,,,,,2017-02-23 17:05:09.518,7.651595409479893,25.213057676978522,1.3909572456879358,0.11845328052106419,8.470171925223006
8.482,1487869519647,,,,,,,2017-02-23 17:05:19.647,7.873339308986154,25.213057676978522,1.524003585391692,0.16357729552367395,8.470171925223006
8.444,1487869524907,,,,,,,2017-02-23 17:05:24.907,7.877782266157852,25.213057676978522,1.5266693596947112,0.16454171621655228,8.470171925223006
8.383,1487869535060,,,,,,,2017-02-23 17:05:35.060,7.550488782813356,25.213057676978522,1.3302932696880136,0.0998370176752957,8.470171925223006
8.244,1487869540227,,,,,,,2017-02-23 17:05:40.227,7.954623421840043,25.213057676978522,1.5727740531040255,0.1815961758976203,8.470171925223006
10.779,1487869550472,,,,,,,2017-02-23 17:05:50.472,7.613334266904289,25.213057676978522,1.3680005601425733,0.11126417327082165,8.470171925223006
9.381,1487869560720,,,,,,,2017-02-23 17:06:00.720,7.983553219943935,25.200336091567717,1.590131931966361,0.18820057682144564,8.471952947180519
8.628,1487869565799,,,,,,,2017-02-23 17:06:05.799,7.774214788735477,25.200336091567717,1.464528873241286,0.14267656868417652,8.471952947180519
8.636,1487869570911,,,,,,,2017-02-23 17:06:10.911,7.5414482176950814,25.200336091567717,1.324868930617049,0.09823217072855996,8.471952947180519
11.086,1487869581109,,,,,,,2017-02-23 17:06:21.109,7.70711693983336,25.200336091567717,1.4242701639000157,0.129197959257294,8.471952947180519
9.227,1487869586299,,,,,,,2017-02-23 17:06:26.299,8.34118271549886,25.200336091567717,1.804709629299316,0.2781387287170461,8.471952947180519
8.59,1487869591400,,,,,,,2017-02-23 17:06:31.400,8.38198341886017,25.200336091567717,1.8291900513161017,0.2893748331126056,8.471952947180519
11.239,1487869596429,,,,,,,2017-02-23 17:06:36.429,8.26043090781549,25.200336091567717,1.756258544689294,0.2564894260779297,8.471952947180519
8.598,1487869601549,,,,,,,2017-02-23 17:06:41.549,7.665819065587566,25.200336091567717,1.39949143935254,0.12117063703180146,8.471952947180519
8.413,1487869611809,,,,,,,2017-02-23 17:06:51.809,7.53641470345034,25.200336091567717,1.3218488220702043,0.09734289083110113,8.471952947180519
9.227,1487869616919,,,,,,,2017-02-23 17:06:56.919,7.675157370738155,25.200336091567717,1.4050944224428932,0.12296787403839693,8.471952947180519
8.383,1487869637409,,,,,,,2017-02-23 17:07:17.409,8.059595301909788,25.187601172767245,1.6357571811458724,0.20603920604365386,8.473735835812585
10.617,1487869642489,,,,,,,2017-02-23 17:07:22.489,8.344205869620199,25.187601172767245,1.8065235217721192,0.27896442259274595,8.473735835812585
8.536,1487869647608,,,,,,,2017-02-23 17:07:27.608,8.308200803341423,25.187601172767245,1.7849204820048539,0.269201850486028,8.473735835812585
8.92,1487869657839,,,,,,,2017-02-23 17:07:37.839,7.7255785992430805,25.187601172767245,1.4353471595458482,0.13285266133599807,8.473735835812585
11.239,1487869662918,,,,,,,2017-02-23 17:07:42.918,8.013477141745,25.187601172767245,1.608086285047,0.19513759488581683,8.473735835812585
10.779,1487869668028,,,,,,,2017-02-23 17:07:48.028,7.935527201172596,25.187601172767245,1.5613163207035576,0.17729171517936068,8.473735835812585
10.617,1487869673139,,,,,,,2017-02-23 17:07:53.139,7.8047894866332115,25.187601172767245,1.4828736919799268,0.14899758957064058,8.473735835812585
8.582,1487869683408,,,,,,,2017-02-23 17:08:03.408,7.876841641945193,25.174853163031596,1.5261049851671156,0.16433733980081008,8.475520557175576
8.651,1487869694040,,,,,,,2017-02-23 17:08:14.040,8.316227920922717,25.174853163031596,1.7897367525536303,0.2713648835323367,8.475520557175576
10.31,1487869698848,,,,,,,2017-02-23 17:08:18.848,7.609446499831714,25.174853163031596,1.3656678998990284,0.1105435101505796,8.475520557175576
8.244,1487869709047,,,,,,,2017-02-23 17:08:29.047,8.005229117049875,25.174853163031596,1.6031374702299253,0.1932147957754784,8.475520557175576
8.352,1487869714227,,,,,,,2017-02-23 17:08:34.227,8.251276712423898,25.174853163031596,1.7507660274543388,0.2540845964547382,8.475520557175576
11.393,1487869724447,,,,,,,2017-02-23 17:08:44.447,7.91800643009805,25.174853163031596,1.55080385805883,0.17338086851306353,8.475520557175576
10.003,1487869729687,,,,,,,2017-02-23 17:08:49.687,7.6645816017895205,25.174853163031596,1.3987489610737123,0.12093326172665379,8.475520557175576
9.074,1487869734828,,,,,,,2017-02-23 17:08:54.828,7.9608061929433065,25.174853163031596,1.576483715765984,0.18299920603354297,8.475520557175576
10.003,1487869739877,,,,,,,2017-02-23 17:08:59.877,7.520384182860669,25.174853163031596,1.3122305097164013,0.09453101034668887,8.475520557175576
11.239,1487869750227,,,,,,,2017-02-23 17:09:10.227,8.154865957681157,25.162092305064505,1.6929195746086938,0.22936791007293844,8.477307077290968
9.074,1487869755267,,,,,,,2017-02-23 17:09:15.267,7.9398111344411735,25.162092305064505,1.563886680664704,0.17825354516258776,8.477307077290968
10.157,1487869760418,,,,,,,2017-02-23 17:09:20.418,7.887321253647425,25.162092305064505,1.5323927521884548,0.16662032083897785,8.477307077290968
9.151,1487869765498,,,,,,,2017-02-23 17:09:25.498,7.653929894127128,25.162092305064505,1.3923579364762766,0.11889760652822529,8.477307077290968
8.682,1487869770599,,,,,,,2017-02-23 17:09:30.599,7.756561479983041,25.162092305064505,1.453936887989825,0.13907800213774846,8.477307077290968
9.849,1487869780839,,,,,,,2017-02-23 17:09:40.839,7.624444793123939,25.162092305064505,1.3746668758743636,0.1133336948094572,8.477307077290968
10.779,1487869785938,,,,,,,2017-02-23 17:09:45.938,8.389424972535343,25.162092305064505,1.8336549835212057,0.29144570218224874,8.477307077290968
8.859,1487869791028,,,,,,,2017-02-23 17:09:51.028,7.527202548745736,25.162092305064505,1.3163215292474415,0.09572323710376242,8.477307077290968
11.239,1487869806319,,,,,,,2017-02-23 17:10:06.319,7.741286607219356,25.14931884181431,1.4447719643316137,0.13599445005113495,8.479095362145996
9.381,1487869811419,,,,,,,2017-02-23 17:10:11.419,7.506419729819278,25.14931884181431,1.303851837891567,0.09210666630477299,8.479095362145996
10.779,1487869816539,,,,,,,2017-02-23 17:10:16.539,8.079599928927564,25.14931884181431,1.6477599573565385,0.21084735243231129,8.479095362145996
8.544,1487869821709,,,,,,,2017-02-23 17:10:21.709,7.797447078036534,25.14931884181431,1.4784682468219201,0.1474693832762321,8.479095362145996
8.536,1487869826808,,,,,,,2017-02-23 17:10:26.808,7.925766342952084,25.14931884181431,1.5554598057712503,0.17510842971520593,8.479095362145996
12.015,1487869831939,,,,,,,2017-02-23 17:10:31.939,8.389066549000578,25.14931884181431,1.8334399294003467,0.29134580614120725,8.479095362145996
8.505,1487869837049,,,,,,,2017-02-23 17:10:37.049,7.632336111812359,25.14931884181431,1.3794016670874154,0.11481258202110255,8.479095362145996
8.567,1487869847329,,,,,,,2017-02-23 17:10:47.329,7.628460348691654,25.14931884181431,1.3770762092149922,0.11408530364612333,8.479095362145996
8.482,1487869852429,,,,,,,2017-02-23 17:10:52.429,8.06313807208708,25.14931884181431,1.6378828432522479,0.20688721769301494,8.479095362145996
9.381,1487869857539,,,,,,,2017-02-23 17:10:57.539,7.783587888256089,25.14931884181431,1.4701527329536535,0.1446024422019802,8.479095362145996
11.086,1487869862649,,,,,,,2017-02-23 17:11:02.649,8.089463767935259,25.13653301646934,1.653678260761155,0.21323582010737047,8.480885377694293
8.49,1487869878009,,,,,,,2017-02-23 17:11:18.009,7.715227846003375,25.13653301646934,1.4291367076020252,0.13079857105429574,8.480885377694293
9.381,1487869888229,,,,,,,2017-02-23 17:11:28.229,7.8592741298013555,25.13653301646934,1.5155644778808133,0.16053982434650443,8.480885377694293
8.521,1487869913699,,,,,,,2017-02-23 17:11:53.699,8.08085269041414,25.13653301646934,1.6485116142484841,0.21115005362891284,8.480885377694293
8.498,1487869918748,,,,,,,2017-02-23 17:11:58.748,8.135018433401788,25.13653301646934,1.6810110600410728,0.22441807519071116,8.480885377694293
8.367,1487869923847,,,,,,,2017-02-23 17:12:03.847,7.756718097170914,25.12373507245328,1.4540308583025485,0.13910976359830055,8.48267708985654
8.313,1487869928948,,,,,,,2017-02-23 17:12:08.948,8.22668690279133,25.12373507245328,1.7360121416747982,0.24767457856141625,8.48267708985654
8.383,1487869939227,,,,,,,2017-02-23 17:12:19.227,7.78050932436101,25.12373507245328,1.4683055946166061,0.14396873265330204,8.48267708985654
10.003,1487869944247,,,,,,,2017-02-23 17:12:24.247,8.264191140647837,25.12373507245328,1.758514684388702,0.2574801621581065,8.48267708985654
9.074,1487869949377,,,,,,,2017-02-23 17:12:29.377,8.191982759128999,25.12373507245328,1.7151896554773995,0.2387514429060948,8.48267708985654
10.003,1487869954537,,,,,,,2017-02-23 17:12:34.537,8.061097678641142,25.12373507245328,1.636658607184685,0.20639863702486505,8.48267708985654
9.074,1487869964758,,,,,,,2017-02-23 17:12:44.758,8.218730818207085,25.12373507245328,1.7312384909242509,0.2456161400740562,8.48267708985654
10.932,1487869969917,,,,,,,2017-02-23 17:12:49.917,7.934324573403468,25.12373507245328,1.5605947440420809,0.17702209672912278,8.48267708985654
10.617,1487869974957,,,,,,,2017-02-23 17:12:54.957,7.638319353947904,25.12373507245328,1.3829916123687425,0.11593886349963343,8.48267708985654
8.344,1487869980118,,,,,,,2017-02-23 17:13:00.118,7.769522388668532,25.110925253420536,1.4617134332011195,0.14171638993060306,8.484470464521124
8.697,1487869985228,,,,,,,2017-02-23 17:13:05.228,8.244973832977005,25.110925253420536,1.7469842997862028,0.2524346599812718,8.484470464521124
9.074,1487869990328,,,,,,,2017-02-23 17:13:10.328,7.819823683624476,25.110925253420536,1.4918942101746855,0.15214690489983757,8.484470464521124
10.464,1487869995419,,,,,,,2017-02-23 17:13:15.419,8.094415040015138,25.110925253420536,1.6566490240090825,0.21443914127037556,8.484470464521124
11.862,1487870000509,,,,,,,2017-02-23 17:13:20.509,8.09920432906525,25.110925253420536,1.65952259743915,0.2156058942774552,8.484470464521124
9.243,1487870005629,,,,,,,2017-02-23 17:13:25.629,7.930136590557073,25.110925253420536,1.5580819543342437,0.17608454276798027,8.484470464521124
9.688,1487870020929,,,,,,,2017-02-23 17:13:40.929,8.141567273711257,25.110925253420536,1.6849403642267538,0.22604608508017376,8.484470464521124
9.381,1487870026019,,,,,,,2017-02-23 17:13:46.019,8.19962917893304,25.110925253420536,1.7197775073598245,0.24070507805735425,8.484470464521124
10.31,1487870031138,,,,,,,2017-02-23 17:13:51.138,7.75591051606814,25.110925253420536,1.4535463096408843,0.13894602029777586,8.484470464521124
9.227,1487870036228,,,,,,,2017-02-23 17:13:56.228,7.503720712415388,25.110925253420536,1.302232427449233,0.0916407931574995,8.484470464521124
11.239,1487870041339,,,,,,,2017-02-23 17:14:01.339,7.79149201361224,25.098103803251593,1.474895208167344,0.14623468198128842,8.486265467544776
9.381,1487870046429,,,,,,,2017-02-23 17:14:06.429,7.6592644998060955,25.098103803251593,1.3955586998836573,0.11991540482055758,8.486265467544776
9.074,1487870056698,,,,,,,2017-02-23 17:14:16.698,7.5470087490445135,25.098103803251593,1.328205249426708,0.09921809418486012,8.486265467544776
9.849,1487870061809,,,,,,,2017-02-23 17:14:21.809,7.524426800089746,25.098103803251593,1.3146560800538474,0.09523720972919372,8.486265467544776
8.49,1487870071939,,,,,,,2017-02-23 17:14:31.939,8.165006337461723,25.098103803251593,1.6990038024770335,0.23191509577527158,8.486265467544776
8.444,1487870082139,,,,,,,2017-02-23 17:14:42.139,8.000491335488249,25.098103803251593,1.6002948012929492,0.19211400431790748,8.486265467544776
8.667,1487870087229,,,,,,,2017-02-23 17:14:47.229,8.37698470062008,25.098103803251593,1.8261908203720476,0.2879874984139551,8.486265467544776
8.705,1487870092338,,,,,,,2017-02-23 17:14:52.338,7.884763338635153,25.098103803251593,1.5308580031810919,0.16606186385070654,8.486265467544776
9.381,1487870097499,,,,,,,2017-02-23 17:14:57.499,7.778735710904603,25.098103803251593,1.4672414265427618,0.14360415806760138,8.486265467544776
11.708,1487870102608,,,,,,,2017-02-23 17:15:02.608,7.993813375123346,25.085270966048387,1.5962880250740077,0.19056699948825817,8.488062064753224
10.31,1487870112898,,,,,,,2017-02-23 17:15:12.898,7.788116325784664,25.085270966048387,1.4728697954707983,0.14553666906598145,8.488062064753224
9.074,1487870128141,,,,,,,2017-02-23 17:15:28.141,7.897165141003782,25.085270966048387,1.5382990846022693,0.16877681320636378,8.488062064753224
8.459,1487870133249,,,,,,,2017-02-23 17:15:33.249,7.517792686418141,25.085270966048387,1.3106756118508847,0.09407933684531873,8.488062064753224
8.528,1487870148539,,,,,,,2017-02-23 17:15:48.539,7.9891438047607775,25.085270966048387,1.5934862828564664,0.1894884341230047,8.488062064753224
8.582,1487870153629,,,,,,,2017-02-23 17:15:53.629,8.395209345142138,25.085270966048387,1.8371256070852828,0.29305999366223673,8.488062064753224
8.782,1487870158763,,,,,,,2017-02-23 17:15:58.763,7.664523551515439,25.085270966048387,1.3987141309092632,0.12092213080085065,8.488062064753224
8.628,1487870163862,,,,,,,2017-02-23 17:16:03.862,7.611181945732006,25.072426986129635,1.3667091674392036,0.1108649801693103,8.48986022194185
8.582,1487870179100,,,,,,,2017-02-23 17:16:19.100,7.64826331736549,25.072426986129635,1.3889579904192941,0.11782021126343756,8.48986022194185
10.157,1487870184212,,,,,,,2017-02-23 17:16:24.212,7.592245664835142,25.072426986129635,1.3553473989010851,0.10737681011249704,8.48986022194185
8.429,1487870199619,,,,,,,2017-02-23 17:16:39.619,7.784740713641324,25.072426986129635,1.4708444281847943,0.14484003918660598,8.48986022194185
8.751,1487870204668,,,,,,,2017-02-23 17:16:44.668,8.320438321314523,25.072426986129635,1.7922629927887135,0.2725025336109814,8.48986022194185
8.267,1487870209758,,,,,,,2017-02-23 17:16:49.758,7.714610615912045,25.072426986129635,1.4287663695472272,0.13067648892460065,8.48986022194185
8.667,1487870230159,,,,,,,2017-02-23 17:17:10.159,7.963147694054923,25.059572108026202,1.5778886164329538,0.18353175056795035,8.49165990487633
9.381,1487870255632,,,,,,,2017-02-23 17:17:35.632,7.7839259937563625,25.059572108026202,1.4703555962538175,0.14467210912192663,8.49165990487633
11.708,1487870260739,,,,,,,2017-02-23 17:17:40.739,7.63920873796631,25.059572108026202,1.3835252427797862,0.11610664729377575,8.49165990487633
9.381,1487870265831,,,,,,,2017-02-23 17:17:45.831,7.600439269194983,25.059572108026202,1.36026356151699,0.10888083710932249,8.49165990487633
8.644,1487870270910,,,,,,,2017-02-23 17:17:50.910,7.504644355304838,25.059572108026202,1.3027866131829027,0.09180012331460397,8.49165990487633
8.966,1487870291342,,,,,,,2017-02-23 17:18:11.342,8.101987386500337,25.046706576476442,1.661192431900202,0.21628515928838832,8.493461079293297
9.381,1487870306689,,,,,,,2017-02-23 17:18:26.689,7.560220689364978,25.046706576476442,1.3361324136189867,0.10157555045643177,8.493461079293297
9.535,1487870311811,,,,,,,2017-02-23 17:18:31.811,7.87791956454829,25.046706576476442,1.526751738728974,0.16457155693840808,8.493461079293297
9.688,1487870318857,,,,,,,2017-02-23 17:18:38.857,7.746329749772882,25.046706576476442,1.4477978498637294,0.137009417698326,8.493461079293297
10.932,1487870323958,,,,,,,2017-02-23 17:18:43.958,8.311938390162236,25.046706576476442,1.787163034097342,0.2702080400730593,8.493461079293297
8.344,1487870329068,,,,,,,2017-02-23 17:18:49.068,8.054881402878898,25.046706576476442,1.6329288417273389,0.20491320357082174,8.493461079293297
8.36,1487870339307,,,,,,,2017-02-23 17:18:59.307,7.967161364296911,25.046706576476442,1.5802968185781463,0.1844461390765737,8.493461079293297
8.912,1487870349517,,,,,,,2017-02-23 17:19:09.517,7.6145466725114455,25.033830636421527,1.3687280035068672,0.11148928408297529,8.495263710900986
8.298,1487870354647,,,,,,,2017-02-23 17:19:14.647,8.336600037509594,25.033830636421527,1.8019600225057566,0.27688918381731353,8.495263710900986
8.912,1487870359758,,,,,,,2017-02-23 17:19:19.758,8.290854445497892,25.033830636421527,1.7745126672987355,0.2645540098634642,8.495263710900986
8.413,1487870370048,,,,,,,2017-02-23 17:19:30.048,7.664510769817059,25.033830636421527,1.3987064618902354,0.12091968001168223,8.495263710900986
9.074,1487870375157,,,,,,,2017-02-23 17:19:35.157,7.847121036072802,25.033830636421527,1.5082726216436813,0.15793439902557732,8.495263710900986
8.567,1487870380248,,,,,,,2017-02-23 17:19:40.248,7.924879760778927,25.033830636421527,1.5549278564673559,0.17491068752114888,8.495263710900986
11.239,1487870385349,,,,,,,2017-02-23 17:19:45.349,7.605616233365279,25.033830636421527,1.363369740019167,0.10983527946384405,8.495263710900986
8.552,1487870395719,,,,,,,2017-02-23 17:19:55.719,7.818592062232943,25.033830636421527,1.4911552373397658,0.15188788883113657,8.495263710900986
8.636,1487870400808,,,,,,,2017-02-23 17:20:00.808,8.35149901678639,25.020944533000794,1.8108994100718339,0.28096086542255033,8.497067765379889
10.617,1487870405899,,,,,,,2017-02-23 17:20:05.899,8.339715608218702,25.020944533000794,1.8038293649312211,0.27773842277478306,8.497067765379889
9.381,1487870411029,,,,,,,2017-02-23 17:20:11.029,8.09456773365208,25.020944533000794,1.6567406401912474,0.2144762975821678,8.497067765379889
9.227,1487870416119,,,,,,,2017-02-23 17:20:16.119,7.5866038642883655,25.020944533000794,1.3519623185730194,0.10634587841617955,8.497067765379889
11.547,1487870421228,,,,,,,2017-02-23 17:20:21.228,7.576972799769904,25.020944533000794,1.3461836798619424,0.10459481027468857,8.497067765379889
9.535,1487870426408,,,,,,,2017-02-23 17:20:26.408,7.736057661201088,25.020944533000794,1.441634596720653,0.13494531089129086,8.497067765379889
8.628,1487870431478,,,,,,,2017-02-23 17:20:31.478,7.756574521554013,25.020944533000794,1.4539447129324077,0.13908064681393048,8.497067765379889
10.157,1487870436609,,,,,,,2017-02-23 17:20:36.609,7.553213405792001,25.020944533000794,1.3319280434752008,0.10032260578958328,8.497067765379889
10.932,1487870446839,,,,,,,2017-02-23 17:20:46.839,7.891246913859905,25.020944533000794,1.5347481483159429,0.16747891804019763,8.497067765379889
8.628,1487870451938,,,,,,,2017-02-23 17:20:51.938,8.137521011673222,25.020944533000794,1.6825126070039331,0.22503959642728513,8.497067765379889
8.79,1487870457099,,,,,,,2017-02-23 17:20:57.099,8.255864748722697,25.020944533000794,1.7535188492336182,0.25528862788200146,8.497067765379889
8.536,1487870462138,,,,,,,2017-02-23 17:21:02.138,8.105088968438412,25.008048511547074,1.6630533810630475,0.2170432621549587,8.498873208383408
8.79,1487870467298,,,,,,,2017-02-23 17:21:07.298,7.875889605343214,25.008048511547074,1.525533763205928,0.16413059184333736,8.498873208383408
9.381,1487870477608,,,,,,,2017-02-23 17:21:17.608,7.540746804947931,25.008048511547074,1.3244480829687586,0.09810806857785201,8.498873208383408
9.381,1487870482719,,,,,,,2017-02-23 17:21:22.719,7.80110777359648,25.008048511547074,1.4806646641578882,0.14823049053780837,8.498873208383408
9.074,1487870487829,,,,,,,2017-02-23 17:21:27.829,8.015905530967707,25.008048511547074,1.6095433185806243,0.19570526233942995,8.498873208383408
10.31,1487870497999,,,,,,,2017-02-23 17:21:37.999,8.224020527781189,25.008048511547074,1.7344123166687133,0.24698387425727758,8.498873208383408
8.659,1487870503109,,,,,,,2017-02-23 17:21:43.109,8.36115056017579,25.008048511547074,1.8166903361054743,0.2836127135877007,8.498873208383408
9.381,1487870508228,,,,,,,2017-02-23 17:21:48.228,7.64255807692758,25.008048511547074,1.385534846156548,0.11673935754938115,8.498873208383408
8.544,1487870518498,,,,,,,2017-02-23 17:21:58.498,7.969147870773796,25.008048511547074,1.5814887224642775,0.18489941725218806,8.498873208383408
9.381,1487870523608,,,,,,,2017-02-23 17:22:03.608,7.75810853040581,24.995142817582032,1.454865118243486,0.13939186803789413,8.500680005538515
8.505,1487870528689,,,,,,,2017-02-23 17:22:08.689,7.741402445542204,24.995142817582032,1.4448414673253223,0.13601772907608448,8.500680005538515
9.381,1487870538917,,,,,,,2017-02-23 17:22:18.917,7.509204013256155,24.995142817582032,1.305522407953693,0.0925881731116598,8.500680005538515
9.381,1487870544027,,,,,,,2017-02-23 17:22:24.027,7.815190942218674,24.995142817582032,1.4891145653312043,0.15117356186501368,8.500680005538515
9.074,1487870559258,,,,,,,2017-02-23 17:22:39.258,7.542126930244823,24.995142817582032,1.325276158146894,0.09835231269722072,8.500680005538515
8.905,1487870569438,,,,,,,2017-02-23 17:22:49.438,7.57751956746563,24.995142817582032,1.3465117404793778,0.10469392260449181,8.500680005538515
8.36,1487870595227,,,,,,,2017-02-23 17:23:15.227,8.04423433611891,24.982227696811478,1.626540601671346,0.20237976656909998,8.502488122446392
9.074,1487870600397,,,,,,,2017-02-23 17:23:20.397,7.552530595672781,24.982227696811478,1.3315183574036689,0.10020083026462263,8.502488122446392
10.31,1487870605588,,,,,,,2017-02-23 17:23:25.588,7.860083361919021,24.982227696811478,1.5160500171514126,0.16071393990192595,8.502488122446392
9.381,1487870615808,,,,,,,2017-02-23 17:23:35.808,7.862390319921662,24.982227696811478,1.5174341919529972,0.16121073966490138,8.502488122446392
11.393,1487870620819,,,,,,,2017-02-23 17:23:40.819,8.000905838194655,24.982227696811478,1.6005435029167927,0.19221020369372996,8.502488122446392
8.697,1487870625969,,,,,,,2017-02-23 17:23:45.969,7.813098459003016,24.982227696811478,1.4878590754018097,0.1507347736503226,8.502488122446392
10.31,1487870636198,,,,,,,2017-02-23 17:23:56.198,7.611675126510205,24.982227696811478,1.367005075906123,0.11095640179261947,8.502488122446392
8.82,1487870656558,,,,,,,2017-02-23 17:24:16.558,7.749440286164687,24.969303395120694,1.4496641716988123,0.1376369566020415,8.504297524683102
10.617,1487870666789,,,,,,,2017-02-23 17:24:26.789,8.21419679183522,24.969303395120694,1.7285180751011324,0.24444647164372132,8.504297524683102
8.82,1487870687228,,,,,,,2017-02-23 17:24:47.228,8.149070969333716,24.969303395120694,1.6894425816002294,0.22791779411930763,8.504297524683102
9.381,1487870692339,,,,,,,2017-02-23 17:24:52.339,7.609511711915014,24.969303395120694,1.3657070271490086,0.1105555833521759,8.504297524683102
8.575,1487870697518,,,,,,,2017-02-23 17:24:57.518,8.233640108389457,24.969303395120694,1.7401840650336742,0.2494797671612482,8.504297524683102
8.552,1487870702618,,,,,,,2017-02-23 17:25:02.618,8.048279117433033,24.95637015856975,1.6289674704598198,0.20334060763527045,8.506108177800234
9.227,1487870707739,,,,,,,2017-02-23 17:25:07.739,7.9541286861275,24.95637015856975,1.5724772116764996,0.18148410582776325,8.506108177800234
8.59,1487870712919,,,,,,,2017-02-23 17:25:12.919,8.293739147229461,24.95637015856975,1.7762434883376765,0.2653244433541404,8.506108177800234
9.381,1487870723133,,,,,,,2017-02-23 17:25:23.133,7.777207988110475,24.95637015856975,1.466324792866285,0.14329043007533715,8.506108177800234
10.31,1487870728299,,,,,,,2017-02-23 17:25:28.299,7.950948419150827,24.95637015856975,1.5705690514904962,0.1807643966980201,8.506108177800234
10.464,1487870733338,,,,,,,2017-02-23 17:25:33.338,8.348473756728596,24.95637015856975,1.809084254037158,0.2801319491087469,8.506108177800234
11.086,1487870753818,,,,,,,2017-02-23 17:25:53.818,8.09481367123397,24.95637015856975,1.656888202740382,0.21453614966145285,8.506108177800234
9.074,1487870758918,,,,,,,2017-02-23 17:25:58.918,8.01226690857444,24.95637015856975,1.6073601451446633,0.1948549514120283,8.506108177800234
10.31,1487870769138,,,,,,,2017-02-23 17:26:09.138,8.347823076997408,24.943428233388833,1.8086938461984445,0.2799538074369153,8.507920047325563
8.298,1487870789533,,,,,,,2017-02-23 17:26:29.533,7.9650260799770995,24.943428233388833,1.5790156479862598,0.18395944105959322,8.507920047325563
11.393,1487870799729,,,,,,,2017-02-23 17:26:39.729,8.185203021715656,24.943428233388833,1.711121813029394,0.23702511059318887,8.507920047325563
8.505,1487870804838,,,,,,,2017-02-23 17:26:44.838,7.536411962406422,24.943428233388833,1.3218471774438534,0.09734240739428185,8.507920047325563
8.828,1487870809938,,,,,,,2017-02-23 17:26:49.938,7.517705006034115,24.943428233388833,1.310623003620469,0.09406406907218784,8.507920047325563
8.329,1487870815048,,,,,,,2017-02-23 17:26:55.048,7.735140177428915,24.943428233388833,1.4410841064573487,0.13476156470025139,8.507920047325563
8.836,1487870820158,,,,,,,2017-02-23 17:27:00.158,7.801486622764658,24.93047786597354,1.4808919736587949,0.14830935013788357,8.509733098763704
8.513,1487870825277,,,,,,,2017-02-23 17:27:05.277,7.790148035842514,24.93047786597354,1.4740888215055086,0.14595661512710859,8.509733098763704
9.227,1487870830343,,,,,,,2017-02-23 17:27:10.343,8.149016417400725,24.93047786597354,1.689409850440435,0.22790416239626504,8.509733098763704
9.074,1487870835447,,,,,,,2017-02-23 17:27:15.447,8.124008920227139,24.93047786597354,1.6744053521362834,0.22169276223045026,8.509733098763704
8.598,1487870840549,,,,,,,2017-02-23 17:27:20.549,7.74346968582946,24.93047786597354,1.4460818114976761,0.1364334352377409,8.509733098763704
9.381,1487870850809,,,,,,,2017-02-23 17:27:30.809,7.687650803011955,24.93047786597354,1.412590481807173,0.12538870755031822,8.509733098763704
8.521,1487870855889,,,,,,,2017-02-23 17:27:35.889,8.32636553775475,24.93047786597354,1.79581932265285,0.2741076726131389,8.509733098763704
10.932,1487870861008,,,,,,,2017-02-23 17:27:41.008,8.097310165679783,24.93047786597354,1.6583860994078696,0.21514411453838725,8.509733098763704
8.889,1487870866108,,,,,,,2017-02-23 17:27:46.108,8.000515774391708,24.93047786597354,1.6003094646350249,0.19211967562026971,8.509733098763704
8.859,1487870876299,,,,,,,2017-02-23 17:27:56.299,8.045254886478634,24.93047786597354,1.6271529318871805,0.20262201394805482,8.509733098763704
10.31,1487870886535,,,,,,,2017-02-23 17:28:06.535,8.355492228094008,24.917519302880198,1.8132953368564046,0.2820566803719243,8.511547297596772
8.728,1487870896859,,,,,,,2017-02-23 17:28:16.859,8.17737635806164,24.917519302880198,1.7064258148369837,0.2350390574142531,8.511547297596772
9.535,1487870912122,,,,,,,2017-02-23 17:28:32.122,7.876681332555689,24.917519302880198,1.5260087995334135,0.16430251877733434,8.511547297596772
8.598,1487870917209,,,,,,,2017-02-23 17:28:37.209,8.3875829443751,24.917519302880198,1.8325497666250605,0.2909324754212518,8.511547297596772
10.932,1487870922299,,,,,,,2017-02-23 17:28:42.299,7.761488149258113,24.917519302880198,1.456892889554868,0.14007852480454153,8.511547297596772
10.932,1487870927409,,,,,,,2017-02-23 17:28:47.409,7.968672000442852,24.917519302880198,1.581203200265711,0.1847907907161168,8.511547297596772
10.779,1487870937629,,,,,,,2017-02-23 17:28:57.629,8.028393223462965,24.917519302880198,1.617035934077779,0.19863559835172492,8.511547297596772
8.72,1487870942738,,,,,,,2017-02-23 17:29:02.738,8.381001938466436,24.90455279082117,1.828601163079862,0.2891021983511242,8.513362609285036
8.544,1487870953008,,,,,,,2017-02-23 17:29:13.008,8.144921641843899,24.90455279082117,1.6869529851063394,0.22688195784426848,8.513362609285036
8.605,1487870963218,,,,,,,2017-02-23 17:29:23.218,7.844733370278465,24.90455279082117,1.5068400221670792,0.15742460548290904,8.513362609285036
11.239,1487870968303,,,,,,,2017-02-23 17:29:28.303,7.563507455750138,24.90455279082117,1.3381044734500827,0.10216527420517503,8.513362609285036
11.393,1487870973403,,,,,,,2017-02-23 17:29:33.403,8.380450681992073,24.90455279082117,1.8282704091952438,0.288949121507855,8.513362609285036
8.598,1487870978512,,,,,,,2017-02-23 17:29:38.512,8.370961079760395,24.90455279082117,1.8225766478562369,0.2863196978662315,8.513362609285036
9.849,1487870983699,,,,,,,2017-02-23 17:29:43.699,8.017495632063321,24.90455279082117,1.6104973792379926,0.19607735246716823,8.513362609285036
8.912,1487870993901,,,,,,,2017-02-23 17:29:53.901,7.693635844780416,24.90455279082117,1.4161815068682495,0.12655505572526105,8.513362609285036
8.912,1487870998922,,,,,,,2017-02-23 17:29:58.922,7.598049515863632,24.90455279082117,1.3588297095181794,0.10844133918221033,8.513362609285036
8.352,1487871004017,,,,,,,2017-02-23 17:30:04.017,7.625801114119261,24.891578576660155,1.3754806684715564,0.1135873468473317,8.515178999267578
9.074,1487871014215,,,,,,,2017-02-23 17:30:14.215,7.906853268510802,24.891578576660155,1.544111961106481,0.1709105371097333,8.515178999267578
8.452,1487871019323,,,,,,,2017-02-23 17:30:19.323,7.933523933228279,24.891578576660155,1.5601143599369673,0.176842696556167,8.515178999267578
9.074,1487871029582,,,,,,,2017-02-23 17:30:29.582,7.574360692782963,24.891578576660155,1.3446164156697777,0.10412180991653937,8.515178999267578
9.074,1487871039831,,,,,,,2017-02-23 17:30:39.831,7.600839026081242,24.891578576660155,1.360503415648745,0.10895442303683438,8.515178999267578
10.932,1487871044943,,,,,,,2017-02-23 17:30:44.943,7.9102865817630095,24.891578576660155,1.5461719490578056,0.17166939681372412,8.515178999267578
9.074,1487871050030,,,,,,,2017-02-23 17:30:50.030,7.870872119054436,24.891578576660155,1.5225232714326615,0.16304277219887864,8.515178999267578
9.074,1487871055084,,,,,,,2017-02-23 17:30:55.084,7.967945741219885,24.891578576660155,1.5807674447319309,0.18462506049336985,8.515178999267578
8.636,1487871060232,,,,,,,2017-02-23 17:31:00.232,7.52632886829581,24.87859690740749,1.3157973209774858,0.09557015790522358,8.51699643296295
8.475,1487871070386,,,,,,,2017-02-23 17:31:10.386,8.374886935099122,24.87859690740749,1.8249321610594729,0.287406181789477,8.51699643296295
10.31,1487871075523,,,,,,,2017-02-23 17:31:15.523,7.7771892967326055,24.87859690740749,1.4663135780395633,0.14328659341139513,8.51699643296295
10.932,1487871080634,,,,,,,2017-02-23 17:31:20.634,7.637214989807138,24.87859690740749,1.3823289938842827,0.11573065545249407,8.51699643296295
9.227,1487871085719,,,,,,,2017-02-23 17:31:25.719,8.35649261306825,24.87859690740749,1.8138955678409499,0.2823315052221677,8.51699643296295
9.227,1487871090844,,,,,,,2017-02-23 17:31:30.844,7.718293157539945,24.87859690740749,1.4309758945239668,0.13140553725459603,8.51699643296295
8.575,1487871101136,,,,,,,2017-02-23 17:31:41.136,7.563460325287114,24.87859690740749,1.3380761951722682,0.10215680872251635,8.51699643296295
9.381,1487871106212,,,,,,,2017-02-23 17:31:46.212,8.393204599940901,24.87859690740749,1.8359227599645407,0.2925000586311702,8.51699643296295
8.997,1487871111313,,,,,,,2017-02-23 17:31:51.313,8.089700622502093,24.87859690740749,1.6538203735012558,0.21329331652112138,8.51699643296295
8.582,1487871116401,,,,,,,2017-02-23 17:31:56.401,7.835252150052571,24.87859690740749,1.5011512900315425,0.1554070100559345,8.51699643296295
11.862,1487871121444,,,,,,,2017-02-23 17:32:01.444,7.965989488425226,24.865608030215444,1.5795936930551355,0.18417896420850713,8.518814875769838
9.005,1487871136828,,,,,,,2017-02-23 17:32:16.828,7.914563142043356,24.865608030215444,1.5487378852260134,0.1726166163559088,8.518814875769838
9.227,1487871147105,,,,,,,2017-02-23 17:32:27.105,7.6910757776924195,24.865608030215444,1.4146454666154518,0.12605563093234196,8.518814875769838
8.521,1487871152144,,,,,,,2017-02-23 17:32:32.144,7.801020226322079,24.865608030215444,1.4806121357932471,0.14821226952669728,8.518814875769838
8.628,1487871162342,,,,,,,2017-02-23 17:32:42.342,8.127808503380624,24.865608030215444,1.6766851020283746,0.22263167359648853,8.518814875769838
8.521,1487871167504,,,,,,,2017-02-23 17:32:47.504,8.285503365622864,24.865608030215444,1.7713020193737181,0.26312751113142335,8.518814875769838
11.239,1487871172535,,,,,,,2017-02-23 17:32:52.535,7.7991856842537635,24.865608030215444,1.479511410552258,0.14783066211139087,8.518814875769838
11.393,1487871177634,,,,,,,2017-02-23 17:32:57.634,8.206733793990141,24.865608030215444,1.7240402763940845,0.24252657190036622,8.518814875769838
10.617,1487871182742,,,,,,,2017-02-23 17:33:02.742,8.148885076947968,24.852612192373513,1.6893310461687807,0.22787134382019675,8.520634293067708
8.505,1487871187824,,,,,,,2017-02-23 17:33:07.824,7.597918576145787,24.852612192373513,1.3587511456874721,0.10841727795034048,8.520634293067708
9.688,1487871198024,,,,,,,2017-02-23 17:33:18.024,8.108946873498939,24.852612192373513,1.6653681240993632,0.21798783992646537,8.520634293067708
9.688,1487871203136,,,,,,,2017-02-23 17:33:23.136,7.848612373432996,24.852612192373513,1.5091674240597974,0.15825316344511045,8.520634293067708
10.157,1487871208233,,,,,,,2017-02-23 17:33:28.233,8.03730633528042,24.852612192373513,1.6223838011682516,0.20073857554418062,8.520634293067708
10.779,1487871218454,,,,,,,2017-02-23 17:33:38.454,8.219333921051632,24.852612192373513,1.7316003526309793,0.24577191181941166,8.520634293067708
9.381,1487871228708,,,,,,,2017-02-23 17:33:48.708,7.9731686845893535,24.852612192373513,1.583901210753612,0.18581832999392991,8.520634293067708
10.157,1487871244042,,,,,,,2017-02-23 17:34:04.042,7.846810418485495,24.83960964130372,1.5080862510912967,0.15786803996171014,8.522454650217478
10.464,1487871249238,,,,,,,2017-02-23 17:34:09.238,7.8353439258320545,24.83960964130372,1.5012063554992325,0.15542648815866064,8.522454650217478
10.003,1487871254344,,,,,,,2017-02-23 17:34:14.344,8.212094817863965,24.83960964130372,1.7272568907183792,0.2439050504503249,8.522454650217478
8.383,1487871259552,,,,,,,2017-02-23 17:34:19.552,8.174560775629358,24.83960964130372,1.7047364653776147,0.23432638780931037,8.522454650217478
8.513,1487871264666,,,,,,,2017-02-23 17:34:24.666,7.864327297409822,24.83960964130372,1.5185963784458933,0.16162835793276617,8.522454650217478
8.221,1487871274867,,,,,,,2017-02-23 17:34:34.867,8.204190163362986,24.83960964130372,1.7225140980177915,0.24187373526906494,8.522454650217478
8.26,1487871279962,,,,,,,2017-02-23 17:34:39.962,7.832990949783094,24.83960964130372,1.4997945698698563,0.15492742172093893,8.522454650217478
8.383,1487871285052,,,,,,,2017-02-23 17:34:45.052,8.304610438396095,24.83960964130372,1.7827662630376568,0.2682368728586857,8.522454650217478
8.344,1487871290211,,,,,,,2017-02-23 17:34:50.211,7.610062812636955,24.83960964130372,1.3660376875821731,0.11065763313708975,8.522454650217478
8.544,1487871305413,,,,,,,2017-02-23 17:35:05.413,7.900049865937987,24.826600624555894,1.5400299195627922,0.1694109706555539,8.524275912562175
10.779,1487871310577,,,,,,,2017-02-23 17:35:10.577,8.035251863669908,24.826600624555894,1.6211511182019445,0.2002529940049507,8.524275912562175
8.605,1487871315634,,,,,,,2017-02-23 17:35:15.634,7.660265525135905,24.826600624555894,1.3961593150815432,0.12010677263620098,8.524275912562175
8.674,1487871320719,,,,,,,2017-02-23 17:35:20.719,7.912528456603005,24.826600624555894,1.547517073961803,0.17216567818615233,8.524275912562175
8.452,1487871330925,,,,,,,2017-02-23 17:35:30.925,7.592176483527259,24.826600624555894,1.3553058901163557,0.1073641454136157,8.524275912562175
8.813,1487871336022,,,,,,,2017-02-23 17:35:36.022,7.727584658289235,24.826600624555894,1.436550794973541,0.1332522478270661,8.524275912562175
9.535,1487871341183,,,,,,,2017-02-23 17:35:41.183,8.038628338285017,24.826600624555894,1.6231770029710102,0.20105130339324367,8.524275912562175
8.436,1487871346252,,,,,,,2017-02-23 17:35:46.252,7.536089022062933,24.826600624555894,1.32165341323776,0.09728545684563207,8.524275912562175
8.598,1487871351344,,,,,,,2017-02-23 17:35:51.344,7.936888490760817,24.826600624555894,1.56213309445649,0.17759711361241634,8.524275912562175
11.393,1487871356425,,,,,,,2017-02-23 17:35:56.425,7.852239178338002,24.826600624555894,1.5113435070028012,0.15902948499951022,8.524275912562175
8.882,1487871371652,,,,,,,2017-02-23 17:36:11.652,7.929111569444391,24.81358538980296,1.5574669416666347,0.17585539428629698,8.526098045427585
9.273,1487871376737,,,,,,,2017-02-23 17:36:16.737,8.183282718125387,24.81358538980296,1.7099696308752321,0.23653714389089558,8.526098045427585
9.381,1487871387016,,,,,,,2017-02-23 17:36:27.016,8.391267375985755,24.81358538980296,1.8347604255914534,0.291959440799342,8.526098045427585
8.767,1487871402399,,,,,,,2017-02-23 17:36:42.399,7.894150835403723,24.81358538980296,1.5364905012422336,0.1681152365524075,8.526098045427585
8.851,1487871407499,,,,,,,2017-02-23 17:36:47.499,7.529699253180044,24.81358538980296,1.3178195519080265,0.09616119428533472,8.526098045427585
9.381,1487871412608,,,,,,,2017-02-23 17:36:52.608,7.7758788878451455,24.81358538980296,1.4655273327070872,0.14301771835488547,8.526098045427585
9.381,1487871417708,,,,,,,2017-02-23 17:36:57.708,7.825199309319231,24.81358538980296,1.4951195855915387,0.15327955664981008,8.526098045427585
9.381,1487871422818,,,,,,,2017-02-23 17:37:02.818,7.781424264093788,24.80056418483623,1.4688545584562729,0.14415695040937537,8.527921014122928
9.227,1487871438208,,,,,,,2017-02-23 17:37:18.208,7.757179188746261,24.80056418483623,1.4543075132477568,0.13920328857180803,8.527921014122928
8.498,1487871443299,,,,,,,2017-02-23 17:37:23.299,7.767238792400407,24.80056418483623,1.4603432754402443,0.14125006662268777,8.527921014122928
9.381,1487871448428,,,,,,,2017-02-23 17:37:28.428,8.280028310987797,24.80056418483623,1.768016986592678,0.2616715194464496,8.527921014122928
9.535,1487871463838,,,,,,,2017-02-23 17:37:43.838,8.082564224239835,24.80056418483623,1.649538534543901,0.21156391109110131,8.527921014122928
9.074,1487871484317,,,,,,,2017-02-23 17:38:04.317,8.309907843139209,24.787537257560672,1.7859447058835254,0.26966119188264837,8.529744783941505
10.31,1487871489438,,,,,,,2017-02-23 17:38:09.438,7.607329689805228,24.787537257560672,1.3643978138831367,0.11015188638532042,8.529744783941505
8.406,1487871504637,,,,,,,2017-02-23 17:38:24.637,8.101422574835063,24.787537257560672,1.6608535449010375,0.21614722968290498,8.529744783941505
9.074,1487871520027,,,,,,,2017-02-23 17:38:40.027,8.271936670719034,24.787537257560672,1.7631620024314205,0.2595262807797211,8.529744783941505
8.383,1487871525117,,,,,,,2017-02-23 17:38:45.117,7.599804801364021,24.787537257560672,1.3598828808184127,0.10876408573713034,8.529744783941505
10.464,1487871535319,,,,,,,2017-02-23 17:38:55.319,7.836075924176051,24.787537257560672,1.5016455545056306,0.15558188056692804,8.529744783941505
8.367,1487871540417,,,,,,,2017-02-23 17:39:00.417,8.334447015167514,24.77450485599021,1.8006682091005084,0.2763029958761309,8.53156932016137
9.281,1487871545508,,,,,,,2017-02-23 17:39:05.508,7.989242081446948,24.77450485599021,1.5935452488681685,0.18951110686438752,8.53156932016137
11.086,1487871555739,,,,,,,2017-02-23 17:39:15.739,7.511471306433159,24.77450485599021,1.3068827838598955,0.09298096015878039,8.53156932016137
9.227,1487871560899,,,,,,,2017-02-23 17:39:20.899,7.647680528339385,24.77450485599021,1.388608317003631,0.1177096231814102,8.53156932016137
9.227,1487871566019,,,,,,,2017-02-23 17:39:26.019,7.907295912579318,24.77450485599021,1.544377547547591,0.17100829458787192,8.53156932016137
8.567,1487871571118,,,,,,,2017-02-23 17:39:31.118,7.806510549282289,24.77450485599021,1.4839063295693735,0.14935673748583358,8.53156932016137
10.932,1487871586498,,,,,,,2017-02-23 17:39:46.498,8.142691294655087,24.77450485599021,1.6856147767930523,0.22632602869420093,8.53156932016137
9.381,1487871591609,,,,,,,2017-02-23 17:39:51.609,8.001554166704814,24.77450485599021,1.6009325000228882,0.19236071160156562,8.53156932016137
9.227,1487871606949,,,,,,,2017-02-23 17:40:06.949,7.580916525397622,24.761467228242974,1.348549915238573,0.10531049141333636,8.533394588045983
8.544,1487871612149,,,,,,,2017-02-23 17:40:12.149,7.71859264078456,24.761467228242974,1.4311555844707358,0.13146489877125433,8.533394588045983
8.651,1487871617209,,,,,,,2017-02-23 17:40:17.209,7.95162600430201,24.761467228242974,1.570975602581206,0.18091763560565374,8.533394588045983
10.31,1487871622319,,,,,,,2017-02-23 17:40:22.319,7.705416078075375,24.761467228242974,1.4232496468452251,0.12886331133687665,8.533394588045983
8.536,1487871627503,,,,,,,2017-02-23 17:40:27.503,7.641651396953338,24.761467228242974,1.3849908381720029,0.1165679473715041,8.533394588045983
9.227,1487871642709,,,,,,,2017-02-23 17:40:42.709,8.184169159582284,24.761467228242974,1.7105014957493703,0.2367623417835646,8.533394588045983
8.613,1487871647739,,,,,,,2017-02-23 17:40:47.739,7.675675591720579,24.761467228242974,1.4054053550323475,0.12306791658752217,8.533394588045983
8.559,1487871652849,,,,,,,2017-02-23 17:40:52.849,8.031183045722987,24.761467228242974,1.618709827433792,0.19929280954816664,8.533394588045983
10.464,1487871663099,,,,,,,2017-02-23 17:41:03.099,7.756136794341197,24.748424622536614,1.4536820766047183,0.13899189207160897,8.535220552844873
11.547,1487871668209,,,,,,,2017-02-23 17:41:08.209,7.689750502541984,24.748424622536614,1.4138503015251904,0.1257974016301174,8.535220552844873
9.381,1487871673399,,,,,,,2017-02-23 17:41:13.399,8.180458512031782,24.748424622536614,1.7082751072190692,0.23582029126525694,8.535220552844873
8.513,1487871678498,,,,,,,2017-02-23 17:41:18.498,7.574655137499553,24.748424622536614,1.3447930824997318,0.10417508702322775,8.535220552844873
10.003,1487871683538,,,,,,,2017-02-23 17:41:23.538,8.268715896760423,24.748424622536614,1.7612295380562535,0.25867458203872357,8.535220552844873
9.227,1487871693748,,,,,,,2017-02-23 17:41:33.748,8.2809029564391,24.748424622536614,1.76854177386346,0.26190387415004474,8.535220552844873
11.086,1487871698917,,,,,,,2017-02-23 17:41:38.917,7.815084695353868,24.748424622536614,1.4890508172123211,0.15115126951563979,8.535220552844873
10.003,1487871704027,,,,,,,2017-02-23 17:41:44.027,7.9659149608921425,24.748424622536614,1.5795489765352855,0.18416197832043613,8.535220552844873
8.321,1487871714248,,,,,,,2017-02-23 17:41:54.248,8.042484099020704,24.748424622536614,1.6254904594124227,0.2019646048929795,8.535220552844873
8.352,1487871719347,,,,,,,2017-02-23 17:41:59.347,8.143130346986434,24.748424622536614,1.68587820819186,0.22643541827455999,8.535220552844873
8.298,1487871729557,,,,,,,2017-02-23 17:42:09.557,7.806865764156525,24.735377287183535,1.484119458493915,0.14943090726760438,8.537047179794305
10.157,1487871734637,,,,,,,2017-02-23 17:42:14.637,7.799373085871133,24.735377287183535,1.47962385152268,0.14786962544247526,8.537047179794305
8.751,1487871744907,,,,,,,2017-02-23 17:42:24.907,7.772319887477422,24.735377287183535,1.463391932486453,0.1422885079130595,8.537047179794305
8.621,1487871760247,,,,,,,2017-02-23 17:42:40.247,8.087439625841466,24.735377287183535,1.6524637755048794,0.21274473448525774,8.537047179794305
8.621,1487871765319,,,,,,,2017-02-23 17:42:45.319,7.96973784400314,24.735377287183535,1.5818427064018836,0.1850341276938631,8.537047179794305
9.074,1487871770397,,,,,,,2017-02-23 17:42:50.397,8.251874364988284,24.735377287183535,1.7511246189929703,0.254241294421577,8.537047179794305
10.932,1487871775538,,,,,,,2017-02-23 17:42:55.538,8.209089308224726,24.735377287183535,1.7254535849348356,0.24313181983697016,8.537047179794305
8.882,1487871796039,,,,,,,2017-02-23 17:43:16.039,7.5781261767052,24.7223254705862,1.34687570602312,0.10480392436248873,8.53887443411793
8.836,1487871801208,,,,,,,2017-02-23 17:43:21.208,7.511228710867725,24.7223254705862,1.3067372265206347,0.09293890330611372,8.53887443411793
8.498,1487871806298,,,,,,,2017-02-23 17:43:26.298,8.245030693221967,24.7223254705862,1.74701841593318,0.25244952326474657,8.53887443411793
10.932,1487871816519,,,,,,,2017-02-23 17:43:36.519,7.719558219781679,24.7223254705862,1.4317349318690076,0.13165636251487084,8.53887443411793
10.779,1487871821718,,,,,,,2017-02-23 17:43:41.718,7.9214803853700495,24.7223254705862,1.5528882312220298,0.17415336919874966,8.53887443411793
8.498,1487871826888,,,,,,,2017-02-23 17:43:46.888,7.581424586737148,24.7223254705862,1.3488547520422887,0.10540282671830838,8.53887443411793
10.617,1487871837119,,,,,,,2017-02-23 17:43:57.119,7.807632665845303,24.7223254705862,1.484579599507182,0.14959108995109746,8.53887443411793
9.381,1487871842208,,,,,,,2017-02-23 17:44:02.208,8.022794522174689,24.709269421232378,1.613676713304813,0.19731950455899808,8.540702281027466
9.381,1487871847308,,,,,,,2017-02-23 17:44:07.308,7.612905407857428,24.709269421232378,1.367743244714457,0.11118458801888483,8.540702281027466
9.074,1487871852409,,,,,,,2017-02-23 17:44:12.409,8.26277637284002,24.709269421232378,1.7576658237040124,0.2571072038262623,8.540702281027466
9.005,1487871862618,,,,,,,2017-02-23 17:44:22.618,7.913361623239997,24.709269421232378,1.548016973943998,0.17235026909133574,8.540702281027466
8.582,1487871867718,,,,,,,2017-02-23 17:44:27.718,8.3994649557192,24.709269421232378,1.83967897343152,0.2942502047777189,8.540702281027466
8.467,1487871872828,,,,,,,2017-02-23 17:44:32.828,7.977315723045086,24.709269421232378,1.5863894338270517,0.186768122331718,8.540702281027466
8.966,1487871877938,,,,,,,2017-02-23 17:44:37.938,8.331024551034709,24.709269421232378,1.7986147306208253,0.27537233104331627,8.540702281027466
8.936,1487871883048,,,,,,,2017-02-23 17:44:43.048,8.272195922731829,24.709269421232378,1.763317553639097,0.25959489129489416,8.540702281027466
9.381,1487871919217,,,,,,,2017-02-23 17:45:19.217,7.717772270215821,24.69620938769043,1.4306633621294929,0.13130231617761845,8.542530685723339
10.464,1487871929417,,,,,,,2017-02-23 17:45:29.417,7.915884842933572,24.69620938769043,1.5495309057601432,0.1729098051394873,8.542530685723339
8.421,1487871939627,,,,,,,2017-02-23 17:45:39.627,8.337845568683283,24.69620938769043,1.80270734120997,0.2772285496312576,8.542530685723339
8.298,1487871944638,,,,,,,2017-02-23 17:45:44.638,7.80134567919178,24.69620938769043,1.480807407515068,0.14828000992303944,8.542530685723339
9.074,1487871949747,,,,,,,2017-02-23 17:45:49.747,7.709121628530163,24.69620938769043,1.4254729771180976,0.12959283143833444,8.542530685723339
10.464,1487871954868,,,,,,,2017-02-23 17:45:54.868,8.04956867879188,24.69620938769043,1.6297412072751283,0.20364735671474662,8.542530685723339
8.336,1487871965137,,,,,,,2017-02-23 17:46:05.137,7.869199521757076,24.683145618604573,1.5215197130542455,0.1626808149541563,8.54435961339536
10.157,1487871975318,,,,,,,2017-02-23 17:46:15.318,7.6763392345489905,24.683145618604573,1.4058035407293943,0.1231960798809058,8.54435961339536
8.836,1487871980439,,,,,,,2017-02-23 17:46:20.439,7.938706633075739,24.683145618604573,1.5632239798454435,0.1780053514833062,8.54435961339536
8.797,1487871985588,,,,,,,2017-02-23 17:46:25.588,7.6793811581034905,24.683145618604573,1.4076286948620944,0.12378421518675337,8.54435961339536
8.429,1487871995738,,,,,,,2017-02-23 17:46:35.738,7.9552388198334905,24.683145618604573,1.5731432919000943,0.18173561999636373,8.54435961339536
8.467,1487872001717,,,,,,,2017-02-23 17:46:41.717,7.761220825400529,24.683145618604573,1.4567324952403173,0.14002416114626703,8.54435961339536
9.227,1487872006018,,,,,,,2017-02-23 17:46:46.018,7.730671783723048,24.683145618604573,1.438403070233829,0.1338681151087227,8.54435961339536
9.227,1487872011189,,,,,,,2017-02-23 17:46:51.189,7.533548643954067,24.683145618604573,1.32012918637244,0.09683789745076887,8.54435961339536
9.381,1487872016239,,,,,,,2017-02-23 17:46:56.239,7.736717326522645,24.683145618604573,1.442030395913587,0.13507748572245665,8.54435961339536
8.636,1487872031709,,,,,,,2017-02-23 17:47:11.709,7.786844368757866,24.67007836269013,1.4721066212547198,0.14527401293963896,8.546189029223381
8.813,1487872036819,,,,,,,2017-02-23 17:47:16.819,7.730209453647048,24.67007836269013,1.438125672188229,0.13377580958020066,8.546189029223381
8.651,1487872042008,,,,,,,2017-02-23 17:47:22.008,7.732983205962655,24.67007836269013,1.4397899235775928,0.13432998188121487,8.546189029223381
9.227,1487872047098,,,,,,,2017-02-23 17:47:27.098,8.185144861699108,24.67007836269013,1.7110869170194647,0.23701032510300796,8.546189029223381
9.074,1487872052208,,,,,,,2017-02-23 17:47:32.208,7.728325838874743,24.67007836269013,1.4369955033248458,0.1334000056083271,8.546189029223381
8.613,1487872057398,,,,,,,2017-02-23 17:47:37.398,8.390407834091796,24.67007836269013,1.8342447004550777,0.29171971412451164,8.546189029223381
10.932,1487872062528,,,,,,,2017-02-23 17:47:42.528,8.296613992080612,24.67007836269013,1.7779683952483674,0.26609323778058186,8.546189029223381
9.296,1487872072809,,,,,,,2017-02-23 17:47:52.809,7.6014669131942725,24.67007836269013,1.3608801479165635,0.10907004113780532,8.546189029223381
9.227,1487872093233,,,,,,,2017-02-23 17:48:13.233,7.805299668042531,24.657007868728833,1.4831798008255188,0.1491040161417282,8.548018898377963
9.074,1487872098345,,,,,,,2017-02-23 17:48:18.345,8.002355400384905,24.657007868728833,1.6014132402309431,0.19254678576395645,8.548018898377963
9.074,1487872108602,,,,,,,2017-02-23 17:48:28.602,7.577154795411726,24.657007868728833,1.3462928772470355,0.1046277965581184,8.548018898377963
8.367,1487872113644,,,,,,,2017-02-23 17:48:33.644,8.325349949807062,24.657007868728833,1.7952099698842374,0.273832343745606,8.548018898377963
11.239,1487872118733,,,,,,,2017-02-23 17:48:38.733,7.810799414294058,24.657007868728833,1.4864796485764349,0.15025327581410977,8.548018898377963
9.074,1487872128950,,,,,,,2017-02-23 17:48:48.950,7.6057210558002915,24.657007868728833,1.363432633480175,0.10985463809602185,8.548018898377963
8.452,1487872134055,,,,,,,2017-02-23 17:48:54.055,7.615468155381237,24.657007868728833,1.369280893228742,0.11166049642000145,8.548018898377963
8.221,1487872139141,,,,,,,2017-02-23 17:48:59.141,8.174750176101004,24.657007868728833,1.704850105660602,0.23437429829827272,8.548018898377963
8.267,1487872144256,,,,,,,2017-02-23 17:49:04.256,8.38360068468393,24.643934385564034,1.8301604108103582,0.2898243279640707,8.549849186021035
9.074,1487872149362,,,,,,,2017-02-23 17:49:09.362,7.910354654769105,24.643934385564034,1.5462127928614628,0.17168445718172629,8.549849186021035
8.467,1487872154449,,,,,,,2017-02-23 17:49:14.449,7.584961533735448,24.643934385564034,1.3509769202412687,0.1060464915353778,8.549849186021035
8.444,1487872159552,,,,,,,2017-02-23 17:49:19.552,7.876530336942995,24.643934385564034,1.5259182021657969,0.16426972363249948,8.549849186021035
8.582,1487872164718,,,,,,,2017-02-23 17:49:24.718,8.118886797064533,24.643934385564034,1.67133207823872,0.22042978114994757,8.549849186021035
10.003,1487872169766,,,,,,,2017-02-23 17:49:29.766,8.087357236061733,24.643934385564034,1.6524143416370396,0.21272475596786272,8.549849186021035
8.183,1487872180021,,,,,,,2017-02-23 17:49:40.021,7.847189839407918,24.643934385564034,1.5083139036447504,0.15794909945344757,8.549849186021035
8.544,1487872190228,,,,,,,2017-02-23 17:49:50.228,8.376696488392003,24.643934385564034,1.826017893035202,0.28790759996895676,8.549849186021035
9.074,1487872200399,,,,,,,2017-02-23 17:50:00.399,7.662933648823309,24.63085816209601,1.3977601892939853,0.12061743003274174,8.551679857306558
8.521,1487872205523,,,,,,,2017-02-23 17:50:05.523,7.926923301296616,24.63085816209601,1.5561539807779692,0.17536661813441792,8.551679857306558
8.452,1487872210583,,,,,,,2017-02-23 17:50:10.583,7.940326652017575,24.63085816209601,1.564195991210545,0.1783694377756433,8.551679857306558
9.381,1487872220808,,,,,,,2017-02-23 17:50:20.808,7.94029143960845,24.63085816209601,1.56417486376507,0.17836152072020237,8.551679857306558
10.157,1487872231002,,,,,,,2017-02-23 17:50:31.002,7.888535972532056,24.63085816209601,1.5331215835192333,0.16688579939259943,8.551679857306558
9.381,1487872246322,,,,,,,2017-02-23 17:50:46.322,8.025554128489535,24.63085816209601,1.615332477093721,0.19796773861854372,8.551679857306558
8.444,1487872256507,,,,,,,2017-02-23 17:50:56.507,7.836327797288241,24.63085816209601,1.5017966783729442,0.15563536436730296,8.551679857306558
11.239,1487872266635,,,,,,,2017-02-23 17:51:06.635,8.138372300031218,24.617779447277204,1.6830233800187306,0.22525118721219833,8.553510877381191
11.547,1487872271729,,,,,,,2017-02-23 17:51:11.729,7.689474807510372,24.617779447277204,1.4136848845062233,0.12574370905264956,8.553510877381191
10.31,1487872287151,,,,,,,2017-02-23 17:51:27.151,7.600427573921408,24.617779447277204,1.3602565443528447,0.10887868457070658,8.553510877381191
9.227,1487872292288,,,,,,,2017-02-23 17:51:32.288,7.670199462894052,24.617779447277204,1.4021196777364313,0.12201237904794242,8.553510877381191
8.72,1487872302422,,,,,,,2017-02-23 17:51:42.422,8.375588372054583,24.617779447277204,1.8253530232327497,0.28760049983002,8.553510877381191
10.31,1487872307469,,,,,,,2017-02-23 17:51:47.469,7.605498762889775,24.617779447277204,1.3632992577338652,0.10981358655531773,8.553510877381191
8.567,1487872312658,,,,,,,2017-02-23 17:51:52.658,7.812122338885292,24.617779447277204,1.4872734033311752,0.15053026355414373,8.553510877381191
8.644,1487872317739,,,,,,,2017-02-23 17:51:57.739,7.66365364938468,24.617779447277204,1.3981921896308083,0.12075537871158046,8.553510877381191
8.705,1487872322841,,,,,,,2017-02-23 17:52:02.841,8.190157556410298,24.604698490107502,1.714094533846179,0.2382861468627854,8.555342211384948
8.59,1487872333052,,,,,,,2017-02-23 17:52:13.052,8.314476223726674,24.604698490107502,1.788685734236004,0.2708922016219516,8.555342211384948
8.413,1487872343326,,,,,,,2017-02-23 17:52:23.326,8.238618677356198,24.604698490107502,1.743171206413719,0.25077586553763137,8.555342211384948
9.158,1487872348431,,,,,,,2017-02-23 17:52:28.431,8.115836997736364,24.604698490107502,1.6695021986418186,0.21967927607751103,8.555342211384948
9.227,1487872353543,,,,,,,2017-02-23 17:52:33.543,8.256202683107265,24.604698490107502,1.753721609864359,0.2553774113707672,8.555342211384948
8.444,1487872358625,,,,,,,2017-02-23 17:52:38.625,7.943883263803256,24.604698490107502,1.5663299582819536,0.17916986248723793,8.555342211384948
9.381,1487872363732,,,,,,,2017-02-23 17:52:43.732,8.202537610371175,24.604698490107502,1.7215225662227052,0.2414500146230047,8.555342211384948
8.275,1487872368871,,,,,,,2017-02-23 17:52:48.871,7.739415117920571,24.604698490107502,1.4436490707523428,0.13561857620367354,8.555342211384948
8.229,1487872374088,,,,,,,2017-02-23 17:52:54.088,8.11814548341758,24.604698490107502,1.670887290050548,0.22024725346799695,8.555342211384948
9.381,1487872379274,,,,,,,2017-02-23 17:52:59.274,8.025542992054262,24.604698490107502,1.6153257952325575,0.19796512082317397,8.555342211384948
8.329,1487872389359,,,,,,,2017-02-23 17:53:09.359,8.136528840403237,24.59161553962947,1.6819173042419422,0.22479309842926215,8.557173824451873
8.813,1487872394504,,,,,,,2017-02-23 17:53:14.504,8.238828173887807,24.59161553962947,1.7432969043326842,0.25083047014052634,8.557173824451873
8.528,1487872409748,,,,,,,2017-02-23 17:53:29.748,7.9491355026998,24.59161553962947,1.5694813016198799,0.18035466845148973,8.557173824451873
9.074,1487872414932,,,,,,,2017-02-23 17:53:34.932,8.353086149875892,24.59161553962947,1.8118516899255352,0.2813961765252579,8.557173824451873
9.381,1487872430232,,,,,,,2017-02-23 17:53:50.232,7.817444481443767,24.59161553962947,1.49046668886626,0.151646710736274,8.557173824451873
8.866,1487872435500,,,,,,,2017-02-23 17:53:55.500,7.862858649741078,24.59161553962947,1.5177151898446466,0.1613116717369805,8.557173824451873
8.828,1487872445699,,,,,,,2017-02-23 17:54:05.699,7.937000028157684,24.578530844923623,1.56220001689461,0.17762214631971054,8.559005681710692
8.598,1487872450788,,,,,,,2017-02-23 17:54:10.788,7.94542458880225,24.578530844923623,1.5672547532813499,0.17951721313256616,8.559005681710692
10.932,1487872455921,,,,,,,2017-02-23 17:54:15.921,8.15926002739848,24.578530844923623,1.6955560164390877,0.23047015173606517,8.559005681710692
10.779,1487872461223,,,,,,,2017-02-23 17:54:21.223,7.57749910166264,24.578530844923623,1.3464994609975838,0.104690212131485,8.559005681710692
9.227,1487872471493,,,,,,,2017-02-23 17:54:31.493,8.217550367816305,24.578530844923623,1.7305302206897828,0.24531137508560327,8.559005681710692
8.912,1487872481718,,,,,,,2017-02-23 17:54:41.718,7.770200296499323,24.578530844923623,1.4621201778995938,0.14185494301158288,8.559005681710692
11.393,1487872497229,,,,,,,2017-02-23 17:54:57.229,8.133530405428198,24.578530844923623,1.6801182432569188,0.22404887620977113,8.559005681710692
9.381,1487872507498,,,,,,,2017-02-23 17:55:07.498,8.254212236070055,24.565444655103683,1.752527341642033,0.254854670426317,8.560837748285483
11.086,1487872523039,,,,,,,2017-02-23 17:55:23.039,7.572717624608224,24.565444655103683,1.3436305747649342,0.10382470260833424,8.560837748285483
8.475,1487872528198,,,,,,,2017-02-23 17:55:28.198,8.378394135815473,24.565444655103683,1.8270364814892837,0.288378366830362,8.560837748285483
9.381,1487872533315,,,,,,,2017-02-23 17:55:33.315,7.832954543899451,24.565444655103683,1.4997727263396705,0.15491970524890303,8.560837748285483
8.79,1487872538406,,,,,,,2017-02-23 17:55:38.406,8.313485130200036,24.565444655103683,1.7880910781200212,0.27062492581780023,8.560837748285483
8.874,1487872543451,,,,,,,2017-02-23 17:55:43.451,8.078895174320792,24.565444655103683,1.647337104592475,0.2106771473542902,8.560837748285483
9.074,1487872558862,,,,,,,2017-02-23 17:55:58.862,8.009635323004208,24.565444655103683,1.6057811938025246,0.19424096530393994,8.560837748285483
8.367,1487872563943,,,,,,,2017-02-23 17:56:03.943,7.948651579101606,24.55235721931185,1.5691909474609633,0.18024536597129806,8.56266998929634
8.621,1487872569048,,,,,,,2017-02-23 17:56:09.048,8.289932248884487,24.55235721931185,1.773959349330692,0.26430792427779387,8.56266998929634
8.313,1487872574143,,,,,,,2017-02-23 17:56:14.143,7.926780079632877,24.55235721931185,1.5560680477797262,0.17533464787914158,8.56266998929634
8.429,1487872579218,,,,,,,2017-02-23 17:56:19.218,7.609568285989749,24.55235721931185,1.365740971593849,0.11056605774792067,8.56266998929634
9.074,1487872584338,,,,,,,2017-02-23 17:56:24.338,7.724859156118782,24.55235721931185,1.4349154936712694,0.13270947325785762,8.56266998929634
9.074,1487872589428,,,,,,,2017-02-23 17:56:29.428,8.187706678056614,24.55235721931185,1.7126240068339684,0.23766197712835738,8.56266998929634
8.375,1487872594538,,,,,,,2017-02-23 17:56:34.538,7.669962402430837,24.55235721931185,1.4019774414585022,0.12196676631250769,8.56266998929634
8.313,1487872599638,,,,,,,2017-02-23 17:56:39.638,8.382647304154206,24.55235721931185,1.8295883824925236,0.28955931212636477,8.56266998929634
8.375,1487872609877,,,,,,,2017-02-23 17:56:49.877,8.233274928220625,24.55235721931185,1.7399649569323752,0.2493848148753654,8.56266998929634
9.688,1487872615050,,,,,,,2017-02-23 17:56:55.050,8.21550452082215,24.55235721931185,1.7293027124932905,0.24478358074042614,8.56266998929634
9.227,1487872620231,,,,,,,2017-02-23 17:57:00.231,8.208070247507198,24.539268786714036,1.7248421485043188,0.24286989109553236,8.564502369860033
9.688,1487872635461,,,,,,,2017-02-23 17:57:15.461,7.9679746903938,24.539268786714036,1.5807848142362797,0.18463166539868392,8.564502369860033
8.536,1487872640553,,,,,,,2017-02-23 17:57:20.553,8.091632353288652,24.539268786714036,1.6549794119731913,0.2137624952531203,8.564502369860033
8.636,1487872645634,,,,,,,2017-02-23 17:57:25.634,7.568397880373781,24.539268786714036,1.3410387282242686,0.10304513162666791,8.564502369860033
8.836,1487872650739,,,,,,,2017-02-23 17:57:30.739,7.884391233467312,24.539268786714036,1.5306347400803872,0.165980689378369,8.564502369860033
10.157,1487872655890,,,,,,,2017-02-23 17:57:35.890,8.284056176666269,24.539268786714036,1.7704337059997612,0.2627423076767099,8.564502369860033
9.381,1487872676322,,,,,,,2017-02-23 17:57:56.322,8.003278692971739,24.539268786714036,1.6019672157830431,0.19276130175909956,8.564502369860033
10.464,1487872681445,,,,,,,2017-02-23 17:58:01.445,7.913630221997112,24.526179606495123,1.5481781331982671,0.17240979581646604,8.566334855090682
8.613,1487872691699,,,,,,,2017-02-23 17:58:11.699,7.641467688613892,24.526179606495123,1.384880613168335,0.11653322885689481,8.566334855090682
8.575,1487872696813,,,,,,,2017-02-23 17:58:16.813,7.745485814940826,24.526179606495123,1.4472914889644959,0.13683935729005184,8.566334855090682
8.49,1487872701924,,,,,,,2017-02-23 17:58:21.924,8.180745391531575,24.526179606495123,1.708447234918945,0.2358930646289196,8.566334855090682
9.227,1487872712111,,,,,,,2017-02-23 17:58:32.111,8.048329433771233,24.526179606495123,1.6289976602627396,0.20335257268504492,8.566334855090682
11.547,1487872717228,,,,,,,2017-02-23 17:58:37.228,7.773130615665792,24.526179606495123,1.4638783693994752,0.14245448588735476,8.566334855090682
10.779,1487872722388,,,,,,,2017-02-23 17:58:42.388,8.171001917984096,24.526179606495123,1.7026011507904577,0.23342694432956476,8.566334855090682
8.544,1487872727429,,,,,,,2017-02-23 17:58:47.429,8.186478099346703,24.526179606495123,1.7118868596080214,0.23734936394059253,8.566334855090682
